ElectionType,ElectionName,GeographyType,GeographyName,DemName,RepName,CountyName,FIPS,Vote,TotalVote,Latitude,Longitude
Senate,Alabama,State,Alabama,Wess (D),Moore (R),Autauga County,1001,0.310321910234271,20322.3594,32.53514228,-86.64289976
Senate,Alabama,State,Alabama,Wess (D),Moore (R),Baldwin County,1003,0.250434247740468,87868.7496,30.72782468,-87.72274477
Senate,Alabama,State,Alabama,Wess (D),Moore (R),Barbour County,1005,0.469760769449779,7106.2392,31.87009042,-85.39106787
Senate,Alabama,State,Alabama,Wess (D),Moore (R),Bibb County,1007,0.22006129009073,6689.2098,32.99837607,-87.12681433
Senate,Alabama,State,Alabama,Wess (D),Moore (R),Blount County,1009,0.136141284440657,20327.454,33.98087061,-86.5670064
Senate,Alabama,State,Alabama,Wess (D),Moore (R),Bullock County,1011,0.774322069409936,2972.3352,32.10045868,-85.71572943
Senate,Alabama,State,Alabama,Wess (D),Moore (R),Butler County,1013,0.42987770313193,6130.2594,31.75252432,-86.68040924
Senate,Alabama,State,Alabama,Wess (D),Moore (R),Calhoun County,1015,0.31818002991366,35011.5468,33.77141549,-85.82574705
Senate,Alabama,State,Alabama,Wess (D),Moore (R),Chambers County,1017,0.426809546197344,10273.6248,32.91366622,-85.39168915
Senate,Alabama,State,Alabama,Wess (D),Moore (R),Cherokee County,1019,0.164195736270021,9396.6258,34.17588713,-85.60387066
Senate,Alabama,State,Alabama,Wess (D),Moore (R),Chilton County,1021,0.181437469137285,14277.9804,32.84771004,-86.71887934
Senate,Alabama,State,Alabama,Wess (D),Moore (R),Choctaw County,1023,0.423934884487919,4816.5804,32.02019311,-88.26305322
Senate,Alabama,State,Alabama,Wess (D),Moore (R),Clarke County,1025,0.458222850616439,8654.9976,31.67695451,-87.83077181
Senate,Alabama,State,Alabama,Wess (D),Moore (R),Clay County,1027,0.191524800462762,4895.9106,33.26966941,-85.8607443
Senate,Alabama,State,Alabama,Wess (D),Moore (R),Cleburne County,1029,0.123589359388992,5526.1854,33.67495934,-85.51786948
Senate,Alabama,State,Alabama,Wess (D),Moore (R),Coffee County,1031,0.252138441525984,16081.4688,31.40188396,-85.98828821
Senate,Alabama,State,Alabama,Wess (D),Moore (R),Colbert County,1033,0.30971086441831,19542.1578,34.70085284,-87.80463371
Senate,Alabama,State,Alabama,Wess (D),Moore (R),Conecuh County,1035,0.473695815445831,4368.9834,31.42899352,-86.9938237
Senate,Alabama,State,Alabama,Wess (D),Moore (R),Coosa County,1037,0.326187254981983,3810.7608,32.9362956,-86.24789409
Senate,Alabama,State,Alabama,Wess (D),Moore (R),Covington County,1039,0.180100455512944,12366.0498,31.24861005,-86.45142629
Senate,Alabama,State,Alabama,Wess (D),Moore (R),Crenshaw County,1041,0.269557293100994,4699.4046,31.73169775,-86.31341907
Senate,Alabama,State,Alabama,Wess (D),Moore (R),Cullman County,1043,0.138405713029618,31108.3554,34.13183982,-86.86718877
Senate,Alabama,State,Alabama,Wess (D),Moore (R),Dale County,1045,0.280408598294913,13799.088,31.43204363,-85.611081
Senate,Alabama,State,Alabama,Wess (D),Moore (R),Dallas County,1047,0.707465744950157,11227.0428,32.32606741,-87.10649231
Senate,Alabama,State,Alabama,Wess (D),Moore (R),DeKalb County,1049,0.171772978762713,21390.7698,34.46023769,-85.80378574
Senate,Alabama,State,Alabama,Wess (D),Moore (R),Elmore County,1051,0.281443516398504,29947.5144,32.59724126,-86.14884036
Senate,Alabama,State,Alabama,Wess (D),Moore (R),Escambia County,1053,0.310882690758175,10806.3744,31.12613571,-87.16176056
Senate,Alabama,State,Alabama,Wess (D),Moore (R),Etowah County,1055,0.263415961940009,33245.904,34.04518886,-86.03476854
Senate,Alabama,State,Alabama,Wess (D),Moore (R),Fayette County,1057,0.181501069445337,6040.74,33.72117266,-87.73924331
Senate,Alabama,State,Alabama,Wess (D),Moore (R),Franklin County,1059,0.174740912421748,8722.683,34.44238135,-87.843283
Senate,Alabama,State,Alabama,Wess (D),Moore (R),Geneva County,1061,0.156816552155398,8966.496,31.09486905,-85.83932953
Senate,Alabama,State,Alabama,Wess (D),Moore (R),Greene County,1063,0.823651872758141,2924.3004,32.853304,-87.95276818
Senate,Alabama,State,Alabama,Wess (D),Moore (R),Hale County,1065,0.578386319440759,5267.0886,32.7625948,-87.62930576
Senate,Alabama,State,Alabama,Wess (D),Moore (R),Henry County,1067,0.288506471077807,6733.6056,31.51487991,-85.24094152
Senate,Alabama,State,Alabama,Wess (D),Moore (R),Houston County,1069,0.302964586277092,31892.9238,31.15295179,-85.30251402
Senate,Alabama,State,Alabama,Wess (D),Moore (R),Jackson County,1071,0.184216502680268,16993.4022,34.77954231,-85.99947584
Senate,Alabama,State,Alabama,Wess (D),Moore (R),Jefferson County,1073,0.596750580456798,213416.433,33.5543433,-86.89657084
Senate,Alabama,State,Alabama,Wess (D),Moore (R),Lamar County,1075,0.161764195351506,4977.4242,33.77909349,-88.09715315
Senate,Alabama,State,Alabama,Wess (D),Moore (R),Lauderdale County,1077,0.283860515128801,31320.1452,34.9015002,-87.65411658
Senate,Alabama,State,Alabama,Wess (D),Moore (R),Lawrence County,1079,0.230266677263001,11649.8946,34.52223687,-87.31085381
Senate,Alabama,State,Alabama,Wess (D),Moore (R),Lee County,1081,0.403124275628839,52269.1404,32.60106116,-85.35522451
Senate,Alabama,State,Alabama,Wess (D),Moore (R),Limestone County,1083,0.32181342965847,38186.2104,34.81013487,-86.98207203
Senate,Alabama,State,Alabama,Wess (D),Moore (R),Lowndes County,1085,0.731377374666221,4093.875,32.1550404,-86.65002353
Senate,Alabama,State,Alabama,Wess (D),Moore (R),Macon County,1087,0.827325593397442,5652.0948,32.38585029,-85.69260703
Senate,Alabama,State,Alabama,Wess (D),Moore (R),Madison County,1089,0.498359257576794,140650.2612,34.76292257,-86.55056927
Senate,Alabama,State,Alabama,Wess (D),Moore (R),Marengo County,1091,0.525003581467246,7005.8028,32.24794915,-87.78920946
Senate,Alabama,State,Alabama,Wess (D),Moore (R),Marion County,1093,0.132959956623271,9783.0876,34.13691856,-87.88740606
Senate,Alabama,State,Alabama,Wess (D),Moore (R),Marshall County,1095,0.182780840792712,29102.5386,34.36690867,-86.30615623
Senate,Alabama,State,Alabama,Wess (D),Moore (R),Mobile County,1097,0.460861880936932,125774.0292,30.77909854,-88.20659057
Senate,Alabama,State,Alabama,Wess (D),Moore (R),Monroe County,1099,0.427618515530076,7093.8666,31.57107175,-87.36529615
Senate,Alabama,State,Alabama,Wess (D),Moore (R),Montgomery County,1101,0.699237941864046,64354.2594,32.22089414,-86.20787706
Senate,Alabama,State,Alabama,Wess (D),Moore (R),Morgan County,1103,0.278425573350323,38457.6798,34.45331009,-86.85325062
Senate,Alabama,State,Alabama,Wess (D),Moore (R),Perry County,1105,0.758292882206171,3233.6154,32.63859284,-87.29424703
Senate,Alabama,State,Alabama,Wess (D),Moore (R),Pickens County,1107,0.426605839593364,6443.2134,33.28058298,-88.08923504
Senate,Alabama,State,Alabama,Wess (D),Moore (R),Pike County,1109,0.417224736803943,9550.9194,31.80232564,-85.94087373
Senate,Alabama,State,Alabama,Wess (D),Moore (R),Randolph County,1111,0.218107768424159,8021.8116,33.29354361,-85.45918107
Senate,Alabama,State,Alabama,Wess (D),Moore (R),Russell County,1113,0.552300951901993,14919.9,32.28806204,-85.18428296
Senate,Alabama,State,Alabama,Wess (D),Moore (R),Shelby County,1117,0.337357445558643,82061.6334,33.26405258,-86.66137476
Senate,Alabama,State,Alabama,Wess (D),Moore (R),St. Clair County,1115,0.221004423954214,31398.0198,33.71540022,-86.31476905
Senate,Alabama,State,Alabama,Wess (D),Moore (R),Sumter County,1119,0.751144427384403,3833.3226,32.59104949,-88.19904039
Senate,Alabama,State,Alabama,Wess (D),Moore (R),Talladega County,1121,0.374173148147442,24015.9444,33.37992421,-86.16587666
Senate,Alabama,State,Alabama,Wess (D),Moore (R),Tallapoosa County,1123,0.294426846777942,14453.3802,32.86280802,-85.79746538
Senate,Alabama,State,Alabama,Wess (D),Moore (R),Tuscaloosa County,1125,0.44093649167346,61224.7194,33.28952146,-87.52558359
Senate,Alabama,State,Alabama,Wess (D),Moore (R),Walker County,1127,0.182651153105419,21518.1348,33.80316281,-87.29727889
Senate,Alabama,State,Alabama,Wess (D),Moore (R),Washington County,1129,0.265775659768043,6111.3366,31.40759248,-88.20819419
Senate,Alabama,State,Alabama,Wess (D),Moore (R),Wilcox County,1131,0.701865687015197,3815.1276,31.98928301,-87.30786547
Senate,Alabama,State,Alabama,Wess (D),Moore (R),Winston County,1133,0.123730121092105,8060.385,34.14959585,-87.37341176
Senate,Alaska,State,Alaska,Peltola (D),Sullivan* (R),Aleutians East Borough,2013,0.373953631316759,300.5814,55.36032516,-161.9642606
Senate,Alaska,State,Alaska,Peltola (D),Sullivan* (R),Aleutians West Borough,2016,0.573941306527757,686.3154,52.79430361,-110.2449123
Senate,Alaska,State,Alaska,Peltola (D),Sullivan* (R),Anchorage Municipality,2020,0.578556883740256,92944.4268,61.15068906,-149.1118883
Senate,Alaska,State,Alaska,Peltola (D),Sullivan* (R),Bethel Census Area,2050,0.644784802578901,2767.8234,60.91342739,-159.8255997
Senate,Alaska,State,Alaska,Peltola (D),Sullivan* (R),Bristol Bay Borough,2060,0.424979760490126,286.0254,58.74220214,-156.7026695
Senate,Alaska,State,Alaska,Peltola (D),Sullivan* (R),Chugach Census Area,2063,0.479413350610051,2221.9734,60.4885,-146.2031
Senate,Alaska,State,Alaska,Peltola (D),Sullivan* (R),Copper River Census Area,2066,0.336430518023172,985.4412,62.03,-143.92
Senate,Alaska,State,Alaska,Peltola (D),Sullivan* (R),Denali Borough,2068,0.462243343302426,901.0164,63.67343339,-150.0094238
Senate,Alaska,State,Alaska,Peltola (D),Sullivan* (R),Dillingham Census Area,2070,0.5388407862213,1042.9374,59.79832305,-158.2141634
Senate,Alaska,State,Alaska,Peltola (D),Sullivan* (R),Fairbanks North Star Borough,2090,0.477959405835199,30490.4532,64.8083752,-146.5623662
Senate,Alaska,State,Alaska,Peltola (D),Sullivan* (R),Haines Borough,2100,0.605722211894709,1236.5322,59.11793896,-135.5024208
Senate,Alaska,State,Alaska,Peltola (D),Sullivan* (R),Hoonah-Angoon Census Area,2105,0.686458732385943,1036.3872,58.28575804,-135.6386611
Senate,Alaska,State,Alaska,Peltola (D),Sullivan* (R),Juneau City and Borough,2110,0.705561135387915,11824.5666,58.45091866,-134.1764399
Senate,Alaska,State,Alaska,Peltola (D),Sullivan* (R),Kenai Peninsula Borough,2122,0.392545781733722,23440.9824,60.2537748,-151.5611779
Senate,Alaska,State,Alaska,Peltola (D),Sullivan* (R),Ketchikan Gateway Borough,2130,0.471675178623141,4537.1052,55.58672276,-130.9369511
Senate,Alaska,State,Alaska,Peltola (D),Sullivan* (R),Kodiak Island Borough,2150,0.481695778166483,4378.4448,57.66653702,-153.7750279
Senate,Alaska,State,Alaska,Peltola (D),Sullivan* (R),Kusilvak Census Area,2158,0.657423145168749,1018.1922,62.09,-163.53
Senate,Alaska,State,Alaska,Peltola (D),Sullivan* (R),Lake and Peninsula Borough,2164,0.503388958492199,294.759,58.63664843,-156.1888735
Senate,Alaska,State,Alaska,Peltola (D),Sullivan* (R),Matanuska-Susitna Borough,2170,0.320771336601038,38924.9274,62.31571716,-149.5691006
Senate,Alaska,State,Alaska,Peltola (D),Sullivan* (R),Nome Census Area,2180,0.620884944121466,1885.7298,64.91040617,-164.0315808
Senate,Alaska,State,Alaska,Peltola (D),Sullivan* (R),North Slope Borough,2185,0.494862937074833,1185.5862,69.31507516,-153.4702536
Senate,Alaska,State,Alaska,Peltola (D),Sullivan* (R),Northwest Arctic Borough,2188,0.547410692692723,990.5358,67.05555844,-159.724644
Senate,Alaska,State,Alaska,Peltola (D),Sullivan* (R),Petersburg Borough,2195,0.468805721010411,1171.758,57.11988808,-132.9333517
Senate,Alaska,State,Alaska,Peltola (D),Sullivan* (R),Prince of Wales-Hyder Census Area,2198,0.549171625500666,2418.4794,55.81638031,-133.0585096
Senate,Alaska,State,Alaska,Peltola (D),Sullivan* (R),Sitka City and Borough,2220,0.624842399733943,2704.5048,57.23393263,-135.3151746
Senate,Alaska,State,Alaska,Peltola (D),Sullivan* (R),Skagway Municipality,2230,0.801432759251546,714.6996,59.55833766,-135.3374592
Senate,Alaska,State,Alaska,Peltola (D),Sullivan* (R),Southeast Fairbanks Census Area,2240,0.227781005152572,2455.5972,63.87695823,-143.2069204
Senate,Alaska,State,Alaska,Peltola (D),Sullivan* (R),Wrangell City and Borough,2275,0.39647135248039,803.4912,56.32537949,-132.0310434
Senate,Alaska,State,Alaska,Peltola (D),Sullivan* (R),Yakutat City and Borough,2282,0.673512415282322,327.51,59.88824845,-140.349186
Senate,Alaska,State,Alaska,Peltola (D),Sullivan* (R),Yukon-Koyukuk Census Area,2290,0.690869987427556,1628.0886,65.50922918,-151.3897031
Senate,Arkansas,State,Arkansas,Shoffner (D),Cotton* (R),Arkansas County,5001,0.365557235231803,3969.4212,34.29076839,-91.37520643
Senate,Arkansas,State,Arkansas,Shoffner (D),Cotton* (R),Ashley County,5003,0.346375110342048,5035.6482,33.19120398,-91.76814114
Senate,Arkansas,State,Arkansas,Shoffner (D),Cotton* (R),Baxter County,5005,0.300769227830499,14988.3132,36.28715062,-92.33686558
Senate,Arkansas,State,Arkansas,Shoffner (D),Cotton* (R),Benton County,5007,0.451428637823803,91075.4364,36.33873798,-94.25598718
Senate,Arkansas,State,Arkansas,Shoffner (D),Cotton* (R),Boone County,5009,0.259638457644854,12243.0516,36.30874792,-93.09137415
Senate,Arkansas,State,Arkansas,Shoffner (D),Cotton* (R),Bradley County,5011,0.392752204256116,2310.0372,33.46613806,-92.16229542
Senate,Arkansas,State,Arkansas,Shoffner (D),Cotton* (R),Calhoun County,5013,0.274587568367406,1494.1734,33.55786388,-92.50253376
Senate,Arkansas,State,Arkansas,Shoffner (D),Cotton* (R),Carroll County,5015,0.427863031491273,8211.0396,36.34107901,-93.53832319
Senate,Arkansas,State,Arkansas,Shoffner (D),Cotton* (R),Chicot County,5017,0.609956515924203,2513.8212,33.2673446,-91.29365079
Senate,Arkansas,State,Arkansas,Shoffner (D),Cotton* (R),Clark County,5019,0.485303658771952,5447.583,34.05108285,-93.17667235
Senate,Arkansas,State,Arkansas,Shoffner (D),Cotton* (R),Clay County,5021,0.276030959527309,3548.025,36.36822542,-90.41718919
Senate,Arkansas,State,Arkansas,Shoffner (D),Cotton* (R),Cleburne County,5023,0.244813755331803,9123.7008,35.53853919,-92.02725586
Senate,Arkansas,State,Arkansas,Shoffner (D),Cotton* (R),Cleveland County,5025,0.24743160055295,2422.1184,33.89823609,-92.18489948
Senate,Arkansas,State,Arkansas,Shoffner (D),Cotton* (R),Columbia County,5027,0.404801584791232,5700.8574,33.2142428,-93.22737493
Senate,Arkansas,State,Arkansas,Shoffner (D),Cotton* (R),Conway County,5029,0.383554359806404,6071.3076,35.26227905,-92.70098811
Senate,Arkansas,State,Arkansas,Shoffner (D),Cotton* (R),Craighead County,5031,0.398268550475312,26464.2636,35.8310138,-90.63270647
Senate,Arkansas,State,Arkansas,Shoffner (D),Cotton* (R),Crawford County,5033,0.293377486445558,17007.2304,35.588841,-94.24296995
Senate,Arkansas,State,Arkansas,Shoffner (D),Cotton* (R),Crittenden County,5035,0.601584958921475,10473.042,35.20762172,-90.30924635
Senate,Arkansas,State,Arkansas,Shoffner (D),Cotton* (R),Cross County,5037,0.346742773644909,4654.281,35.29547453,-90.77181286
Senate,Arkansas,State,Arkansas,Shoffner (D),Cotton* (R),Dallas County,5039,0.439979677476027,1659.384,33.96953994,-92.65420664
Senate,Arkansas,State,Arkansas,Shoffner (D),Cotton* (R),Desha County,5041,0.565727571754273,2505.8154,33.83346926,-91.2539449
Senate,Arkansas,State,Arkansas,Shoffner (D),Cotton* (R),Drew County,5043,0.417822313010971,4550.9334,33.58957425,-91.71972855
Senate,Arkansas,State,Arkansas,Shoffner (D),Cotton* (R),Faulkner County,5045,0.42423564162523,38652.7302,35.14732521,-92.33201857
Senate,Arkansas,State,Arkansas,Shoffner (D),Cotton* (R),Franklin County,5047,0.270783904068337,4959.2292,35.51229968,-93.89070916
Senate,Arkansas,State,Arkansas,Shoffner (D),Cotton* (R),Fulton County,5049,0.273158003395963,3599.6988,36.3818346,-91.81767336
Senate,Arkansas,State,Arkansas,Shoffner (D),Cotton* (R),Garland County,5051,0.404549213899868,30111.9972,34.57659951,-93.15048723
Senate,Arkansas,State,Arkansas,Shoffner (D),Cotton* (R),Grant County,5053,0.239973385793631,5783.8266,34.29002049,-92.42371463
Senate,Arkansas,State,Arkansas,Shoffner (D),Cotton* (R),Greene County,5055,0.278701385294957,11318.7456,36.11773282,-90.55895377
Senate,Arkansas,State,Arkansas,Shoffner (D),Cotton* (R),Hempstead County,5057,0.387516953401643,4344.2382,33.73564268,-93.66809039
Senate,Arkansas,State,Arkansas,Shoffner (D),Cotton* (R),Hot Spring County,5059,0.323955100923387,8765.6232,34.31751189,-92.94560125
Senate,Arkansas,State,Arkansas,Shoffner (D),Cotton* (R),Howard County,5061,0.35292245676758,3205.2312,34.08897983,-93.99344494
Senate,Arkansas,State,Arkansas,Shoffner (D),Cotton* (R),Independence County,5063,0.286085278409516,9979.5936,35.74143554,-91.56991638
Senate,Arkansas,State,Arkansas,Shoffner (D),Cotton* (R),Izard County,5065,0.253515779492226,4223.4234,36.09526565,-91.91279069
Senate,Arkansas,State,Arkansas,Shoffner (D),Cotton* (R),Jackson County,5067,0.342110964773555,3414.8376,35.59923757,-91.21423884
Senate,Arkansas,State,Arkansas,Shoffner (D),Cotton* (R),Jefferson County,5069,0.691860260456751,15480.306,34.26882203,-91.93189159
Senate,Arkansas,State,Arkansas,Shoffner (D),Cotton* (R),Johnson County,5071,0.327441640735353,6457.7694,35.57001766,-93.46000035
Senate,Arkansas,State,Arkansas,Shoffner (D),Cotton* (R),Lafayette County,5073,0.395183000606766,1664.4786,33.24091819,-93.60684679
Senate,Arkansas,State,Arkansas,Shoffner (D),Cotton* (R),Lawrence County,5075,0.263135966727777,4056.0294,36.04103952,-91.1070497
Senate,Arkansas,State,Arkansas,Shoffner (D),Cotton* (R),Lee County,5077,0.608135532229189,1783.8378,34.78064921,-90.78211015
Senate,Arkansas,State,Arkansas,Shoffner (D),Cotton* (R),Lincoln County,5079,0.335228546254308,2412.657,33.95753882,-91.73333878
Senate,Arkansas,State,Arkansas,Shoffner (D),Cotton* (R),Little River County,5081,0.314503289737833,3513.8184,33.70228691,-94.2339787
Senate,Arkansas,State,Arkansas,Shoffner (D),Cotton* (R),Logan County,5083,0.272273289728549,5844.9618,35.21550403,-93.71630518
Senate,Arkansas,State,Arkansas,Shoffner (D),Cotton* (R),Lonoke County,5085,0.31619990069775,21844.917,34.75441172,-91.88791683
Senate,Arkansas,State,Arkansas,Shoffner (D),Cotton* (R),Madison County,5087,0.292121759905528,5368.2528,36.01103565,-93.72465597
Senate,Arkansas,State,Arkansas,Shoffner (D),Cotton* (R),Marion County,5089,0.284133085831997,5626.6218,36.26842934,-92.68397295
Senate,Arkansas,State,Arkansas,Shoffner (D),Cotton* (R),Miller County,5091,0.331412000837759,11361.6858,33.31200171,-93.89142003
Senate,Arkansas,State,Arkansas,Shoffner (D),Cotton* (R),Mississippi County,5093,0.429165403963642,7668.8286,35.76420127,-90.05430077
Senate,Arkansas,State,Arkansas,Shoffner (D),Cotton* (R),Monroe County,5095,0.509753452088512,1737.2586,34.67772323,-91.20394825
Senate,Arkansas,State,Arkansas,Shoffner (D),Cotton* (R),Montgomery County,5097,0.2675677832029,2643.3696,34.53888136,-93.65944523
Senate,Arkansas,State,Arkansas,Shoffner (D),Cotton* (R),Nevada County,5099,0.387769926511453,2074.9578,33.66338522,-93.30697684
Senate,Arkansas,State,Arkansas,Shoffner (D),Cotton* (R),Newton County,5101,0.263705061883904,2697.9546,35.91979049,-93.2178649
Senate,Arkansas,State,Arkansas,Shoffner (D),Cotton* (R),Ouachita County,5103,0.492908350126004,6163.0104,33.59337533,-92.88191217
Senate,Arkansas,State,Arkansas,Shoffner (D),Cotton* (R),Perry County,5105,0.295914527989191,3261.9996,34.947251,-92.93150636
Senate,Arkansas,State,Arkansas,Shoffner (D),Cotton* (R),Phillips County,5107,0.657580666758797,3531.2856,34.42853288,-90.84810681
Senate,Arkansas,State,Arkansas,Shoffner (D),Cotton* (R),Pike County,5109,0.22003076897626,3133.9068,34.16356461,-93.65621
Senate,Arkansas,State,Arkansas,Shoffner (D),Cotton* (R),Poinsett County,5111,0.267269370269596,5069.8548,35.57408383,-90.66282507
Senate,Arkansas,State,Arkansas,Shoffner (D),Cotton* (R),Polk County,5113,0.230781448258123,5918.4696,34.48595315,-94.2279123
Senate,Arkansas,State,Arkansas,Shoffner (D),Cotton* (R),Pope County,5115,0.322430429435358,17179.719,35.4476948,-93.03400145
Senate,Arkansas,State,Arkansas,Shoffner (D),Cotton* (R),Prairie County,5117,0.256223332298362,2294.0256,34.83010091,-91.55194184
Senate,Arkansas,State,Arkansas,Shoffner (D),Cotton* (R),Pulaski County,5119,0.70350499161128,109180.917,34.76993891,-92.31191414
Senate,Arkansas,State,Arkansas,Shoffner (D),Cotton* (R),Randolph County,5121,0.264922029512922,4734.339,36.34154412,-91.02752205
Senate,Arkansas,State,Arkansas,Shoffner (D),Cotton* (R),Saline County,5125,0.384752949283641,41007.891,34.64661779,-92.67655329
Senate,Arkansas,State,Arkansas,Shoffner (D),Cotton* (R),Scott County,5127,0.217301427026656,2429.3964,34.86103868,-94.06315729
Senate,Arkansas,State,Arkansas,Shoffner (D),Cotton* (R),Searcy County,5129,0.223889530725503,2777.2848,35.91115674,-92.69933958
Senate,Arkansas,State,Arkansas,Shoffner (D),Cotton* (R),Sebastian County,5131,0.397658116095847,32293.2138,35.19943145,-94.27397371
Senate,Arkansas,State,Arkansas,Shoffner (D),Cotton* (R),Sevier County,5133,0.275996077993938,3372.6252,33.9971421,-94.24072249
Senate,Arkansas,State,Arkansas,Shoffner (D),Cotton* (R),Sharp County,5135,0.270401942351267,5308.5732,36.16124847,-91.47928351
Senate,Arkansas,State,Arkansas,Shoffner (D),Cotton* (R),St. Francis County,5123,0.593732662805266,4266.3636,35.02180511,-90.74840472
Senate,Arkansas,State,Arkansas,Shoffner (D),Cotton* (R),Stone County,5137,0.274649848749556,4291.8366,35.86003074,-92.15689859
Senate,Arkansas,State,Arkansas,Shoffner (D),Cotton* (R),Union County,5139,0.419851514478985,11073.477,33.17125929,-92.59770646
Senate,Arkansas,State,Arkansas,Shoffner (D),Cotton* (R),Van Buren County,5141,0.282607023320531,5429.388,35.58054667,-92.51610324
Senate,Arkansas,State,Arkansas,Shoffner (D),Cotton* (R),Washington County,5143,0.555604743949831,68429.2116,35.97899668,-94.21571712
Senate,Arkansas,State,Arkansas,Shoffner (D),Cotton* (R),White County,5145,0.277046498898677,21946.809,35.25612459,-91.74548804
Senate,Arkansas,State,Arkansas,Shoffner (D),Cotton* (R),Woodruff County,5147,0.42433955429081,1654.2894,35.18620495,-91.24302721
Senate,Arkansas,State,Arkansas,Shoffner (D),Cotton* (R),Yell County,5149,0.280702947916279,4628.808,35.00270728,-93.41105962
Senate,Colorado,State,Colorado,Hickenlooper* (D),Baisley (R),Adams County,8001,0.603595896933629,165268.824,39.87357077,-104.3375808
Senate,Colorado,State,Colorado,Hickenlooper* (D),Baisley (R),Alamosa County,8003,0.513485206091976,5313.6678,37.57261807,-105.788359
Senate,Colorado,State,Colorado,Hickenlooper* (D),Baisley (R),Arapahoe County,8005,0.648489135443276,230011.0008,39.649919,-104.3385011
Senate,Colorado,State,Colorado,Hickenlooper* (D),Baisley (R),Archuleta County,8007,0.466082429271595,6638.9916,37.19365584,-107.0481757
Senate,Colorado,State,Colorado,Hickenlooper* (D),Baisley (R),Baca County,8009,0.192928360972249,1427.2158,37.31923997,-102.5601186
Senate,Colorado,State,Colorado,Hickenlooper* (D),Baisley (R),Bent County,8011,0.3566059282088,1558.2198,37.95492416,-103.0720227
Senate,Colorado,State,Colorado,Hickenlooper* (D),Baisley (R),Boulder County,8013,0.824495355145923,138942.1146,40.09241482,-105.3574574
Senate,Colorado,State,Colorado,Hickenlooper* (D),Baisley (R),Broomfield County,8014,0.676132028092994,33112.7166,39.95343909,-105.0532651
Senate,Colorado,State,Colorado,Hickenlooper* (D),Baisley (R),Chaffee County,8015,0.596496288686274,10208.1228,38.74728839,-106.1940269
Senate,Colorado,State,Colorado,Hickenlooper* (D),Baisley (R),Cheyenne County,8017,0.152263957544472,755.4564,38.82780723,-102.6036365
Senate,Colorado,State,Colorado,Hickenlooper* (D),Baisley (R),Clear Creek County,8019,0.618102909140691,4305.6648,39.68922182,-105.6447627
Senate,Colorado,State,Colorado,Hickenlooper* (D),Baisley (R),Conejos County,8021,0.481178822187014,2900.283,37.20059578,-106.1911108
Senate,Colorado,State,Colorado,Hickenlooper* (D),Baisley (R),Costilla County,8023,0.654165566719083,1459.239,37.27823118,-105.4278551
Senate,Colorado,State,Colorado,Hickenlooper* (D),Baisley (R),Crowley County,8025,0.308860813741348,1203.0534,38.32685938,-103.7838298
Senate,Colorado,State,Colorado,Hickenlooper* (D),Baisley (R),Custer County,8027,0.356117433180507,2744.5338,38.10882281,-105.3670379
Senate,Colorado,State,Colorado,Hickenlooper* (D),Baisley (R),Delta County,8029,0.359372007754426,13812.1884,38.86135647,-107.8629449
Senate,Colorado,State,Colorado,Hickenlooper* (D),Baisley (R),Denver County,8031,0.837081455855158,257203.7922,39.76129114,-104.8760248
Senate,Colorado,State,Colorado,Hickenlooper* (D),Baisley (R),Dolores County,8033,0.282927728616375,1019.6478,37.75208472,-108.5173886
Senate,Colorado,State,Colorado,Hickenlooper* (D),Baisley (R),Douglas County,8035,0.4958460358681,173113.7802,39.32970828,-104.92921
Senate,Colorado,State,Colorado,Hickenlooper* (D),Baisley (R),Eagle County,8037,0.675988522303046,19716.8298,39.62801893,-106.6953848
Senate,Colorado,State,Colorado,Hickenlooper* (D),Baisley (R),El Paso County,8041,0.482867658932195,269671.734,38.83242336,-104.5257538
Senate,Colorado,State,Colorado,Hickenlooper* (D),Baisley (R),Elbert County,8039,0.281478007550581,14539.2606,39.2863996,-104.1351629
Senate,Colorado,State,Colorado,Hickenlooper* (D),Baisley (R),Fremont County,8043,0.345317069713778,18077.8242,38.47306423,-105.4399703
Senate,Colorado,State,Colorado,Hickenlooper* (D),Baisley (R),Garfield County,8045,0.552909997972525,21558.1638,39.59941978,-107.9036205
Senate,Colorado,State,Colorado,Hickenlooper* (D),Baisley (R),Gilpin County,8047,0.601315892358348,2898.8274,39.85721134,-105.5221395
Senate,Colorado,State,Colorado,Hickenlooper* (D),Baisley (R),Grand County,8049,0.533583457008882,6961.407,40.10246658,-106.1184564
Senate,Colorado,State,Colorado,Hickenlooper* (D),Baisley (R),Gunnison County,8051,0.691241363919941,7697.2128,38.66684745,-107.0316959
Senate,Colorado,State,Colorado,Hickenlooper* (D),Baisley (R),Hinsdale County,8053,0.467952177221783,428.6742,37.82131615,-107.3003579
Senate,Colorado,State,Colorado,Hickenlooper* (D),Baisley (R),Huerfano County,8055,0.517677019580567,3137.5458,37.68484082,-104.9607082
Senate,Colorado,State,Colorado,Hickenlooper* (D),Baisley (R),Jackson County,8057,0.252338202488648,587.3346,40.66623861,-106.3427076
Senate,Colorado,State,Colorado,Hickenlooper* (D),Baisley (R),Jefferson County,8059,0.634553737714041,255734.364,39.58646067,-105.2504738
Senate,Colorado,State,Colorado,Hickenlooper* (D),Baisley (R),Kiowa County,8061,0.161369541923866,615.7188,38.43263854,-102.7389041
Senate,Colorado,State,Colorado,Hickenlooper* (D),Baisley (R),Kit Carson County,8063,0.205837224927692,2648.4642,39.30507096,-102.60233
Senate,Colorado,State,Colorado,Hickenlooper* (D),Baisley (R),La Plata County,8067,0.633250841671404,25255.3878,37.28655123,-107.843327
Senate,Colorado,State,Colorado,Hickenlooper* (D),Baisley (R),Lake County,8065,0.640140600351189,2733.6168,39.20226223,-106.344854
Senate,Colorado,State,Colorado,Hickenlooper* (D),Baisley (R),Larimer County,8069,0.62084822400842,159428.9568,40.6665145,-105.4615545
Senate,Colorado,State,Colorado,Hickenlooper* (D),Baisley (R),Las Animas County,8071,0.487926703315217,5534.1912,37.31577175,-104.0385309
Senate,Colorado,State,Colorado,Hickenlooper* (D),Baisley (R),Lincoln County,8073,0.217125419439216,1835.5116,38.98742236,-103.5137335
Senate,Colorado,State,Colorado,Hickenlooper* (D),Baisley (R),Logan County,8075,0.255679019801802,7243.7934,40.72463929,-103.1101132
Senate,Colorado,State,Colorado,Hickenlooper* (D),Baisley (R),Mesa County,8077,0.407164001120145,65074.0536,39.01825229,-108.4664844
Senate,Colorado,State,Colorado,Hickenlooper* (D),Baisley (R),Mineral County,8079,0.468876401292297,534.2052,37.66954135,-106.9241901
Senate,Colorado,State,Colorado,Hickenlooper* (D),Baisley (R),Moffat County,8081,0.221215208412502,4748.895,40.61858161,-108.2075581
Senate,Colorado,State,Colorado,Hickenlooper* (D),Baisley (R),Montezuma County,8083,0.431408253472717,10745.967,37.33893986,-108.5964924
Senate,Colorado,State,Colorado,Hickenlooper* (D),Baisley (R),Montrose County,8085,0.366550240805994,18237.2124,38.4024194,-108.2688129
Senate,Colorado,State,Colorado,Hickenlooper* (D),Baisley (R),Morgan County,8087,0.312193848680994,9549.4638,40.26279879,-103.8102221
Senate,Colorado,State,Colorado,Hickenlooper* (D),Baisley (R),Otero County,8089,0.415653379330566,6320.2152,37.90245342,-103.7166632
Senate,Colorado,State,Colorado,Hickenlooper* (D),Baisley (R),Ouray County,8091,0.645424767614079,2922.117,38.15498465,-107.7693048
Senate,Colorado,State,Colorado,Hickenlooper* (D),Baisley (R),Park County,8093,0.456915796384481,8492.6982,39.11969049,-105.7172304
Senate,Colorado,State,Colorado,Hickenlooper* (D),Baisley (R),Phillips County,8095,0.230635104301065,1673.94,40.59394842,-102.3573987
Senate,Colorado,State,Colorado,Hickenlooper* (D),Baisley (R),Pitkin County,8097,0.783034535133881,7950.4872,39.21732141,-106.9159345
Senate,Colorado,State,Colorado,Hickenlooper* (D),Baisley (R),Prowers County,8099,0.299524729048942,3682.668,37.95519022,-102.3932762
Senate,Colorado,State,Colorado,Hickenlooper* (D),Baisley (R),Pueblo County,8101,0.533856851899311,60419.0448,38.17377693,-104.5124892
Senate,Colorado,State,Colorado,Hickenlooper* (D),Baisley (R),Rio Blanco County,8103,0.210426303842683,2638.275,39.97993245,-108.2172628
Senate,Colorado,State,Colorado,Hickenlooper* (D),Baisley (R),Rio Grande County,8105,0.439666012219661,4402.4622,37.58223621,-106.3829289
Senate,Colorado,State,Colorado,Hickenlooper* (D),Baisley (R),Routt County,8107,0.680659575380554,11560.3752,40.48549841,-106.9915083
Senate,Colorado,State,Colorado,Hickenlooper* (D),Baisley (R),Saguache County,8109,0.589620025440952,2387.9118,38.08034572,-106.2809773
Senate,Colorado,State,Colorado,Hickenlooper* (D),Baisley (R),San Juan County,8111,0.690556453903735,410.4792,37.7637698,-107.6759098
Senate,Colorado,State,Colorado,Hickenlooper* (D),Baisley (R),San Miguel County,8113,0.801774224969432,3408.2874,38.00399367,-108.405806
Senate,Colorado,State,Colorado,Hickenlooper* (D),Baisley (R),Sedgwick County,8115,0.264931501949028,968.7018,40.87598057,-102.3519638
Senate,Colorado,State,Colorado,Hickenlooper* (D),Baisley (R),Summit County,8117,0.732204890189484,12376.9668,39.63420352,-106.1163363
Senate,Colorado,State,Colorado,Hickenlooper* (D),Baisley (R),Teller County,8119,0.3608955656168,11587.3038,38.88227296,-105.1619203
Senate,Colorado,State,Colorado,Hickenlooper* (D),Baisley (R),Washington County,8121,0.165051134074703,2012.367,39.97109881,-103.2015041
Senate,Colorado,State,Colorado,Hickenlooper* (D),Baisley (R),Weld County,8123,0.438498634313913,127525.8438,40.55487277,-104.3930144
Senate,Colorado,State,Colorado,Hickenlooper* (D),Baisley (R),Yuma County,8125,0.198535531922902,3322.407,40.00284508,-102.4246098
Senate,Delaware,State,Delaware,Coons* (D),Katz (R),Kent County,10001,0.546481073321917,63085.704,39.08639126,-75.56844621
Senate,Delaware,State,Delaware,Coons* (D),Katz (R),New Castle County,10003,0.709444456700284,197647.1904,39.58150592,-75.64791441
Senate,Delaware,State,Delaware,Coons* (D),Katz (R),Sussex County,10005,0.475548459088653,106157.6358,38.66089142,-75.38998106
Senate,Georgia,State,Georgia,Ossoff* (D),Collins (R),Appling County,13001,0.246006923237253,6056.0238,31.749434,-82.28874491
Senate,Georgia,State,Georgia,Ossoff* (D),Collins (R),Atkinson County,13003,0.285580310996564,2219.79,31.29704319,-82.88008089
Senate,Georgia,State,Georgia,Ossoff* (D),Collins (R),Bacon County,13005,0.177881975260927,3516.0018,31.55377644,-82.45269728
Senate,Georgia,State,Georgia,Ossoff* (D),Collins (R),Baker County,13007,0.447461728839254,1072.0494,31.32631349,-84.44486551
Senate,Georgia,State,Georgia,Ossoff* (D),Collins (R),Baldwin County,13009,0.53816537461152,13633.8774,33.06940962,-83.24970322
Senate,Georgia,State,Georgia,Ossoff* (D),Collins (R),Banks County,13011,0.152552156648079,7637.5332,34.35397657,-83.49753835
Senate,Georgia,State,Georgia,Ossoff* (D),Collins (R),Barrow County,13013,0.33347624550857,31789.5762,33.99268452,-83.71288108
Senate,Georgia,State,Georgia,Ossoff* (D),Collins (R),Bartow County,13015,0.287500299052005,41639.6214,34.23786814,-84.84068937
Senate,Georgia,State,Georgia,Ossoff* (D),Collins (R),Ben Hill County,13017,0.393421307613025,4716.144,31.75972075,-83.22027638
Senate,Georgia,State,Georgia,Ossoff* (D),Collins (R),Berrien County,13019,0.200306132300808,5858.79,31.27569067,-83.22972091
Senate,Georgia,State,Georgia,Ossoff* (D),Collins (R),Bibb County,13021,0.657714067353922,50094.474,32.80691473,-83.69682554
Senate,Georgia,State,Georgia,Ossoff* (D),Collins (R),Bleckley County,13023,0.269384372301979,4384.2672,32.43444176,-83.32769512
Senate,Georgia,State,Georgia,Ossoff* (D),Collins (R),Brantley County,13025,0.134486108793765,6171.744,31.19714296,-81.98175207
Senate,Georgia,State,Georgia,Ossoff* (D),Collins (R),Brooks County,13027,0.417516632579834,5232.1542,30.84191162,-83.57966245
Senate,Georgia,State,Georgia,Ossoff* (D),Collins (R),Bryan County,13029,0.362268345132723,17843.4726,32.0140721,-81.44364706
Senate,Georgia,State,Georgia,Ossoff* (D),Collins (R),Bulloch County,13031,0.407924647420288,23652.7722,32.39689006,-81.74304725
Senate,Georgia,State,Georgia,Ossoff* (D),Collins (R),Burke County,13033,0.510247606682741,8021.0838,33.0611801,-82.00066679
Senate,Georgia,State,Georgia,Ossoff* (D),Collins (R),Butts County,13035,0.318760986112686,9438.1104,33.28698774,-83.95691187
Senate,Georgia,State,Georgia,Ossoff* (D),Collins (R),Calhoun County,13037,0.608565778133031,1494.1734,31.52887387,-84.62376804
Senate,Georgia,State,Georgia,Ossoff* (D),Collins (R),Camden County,13039,0.37126541601542,19085.8272,30.93041791,-81.67060271
Senate,Georgia,State,Georgia,Ossoff* (D),Collins (R),Candler County,13043,0.3180490134908,3320.2236,32.40345007,-82.07387018
Senate,Georgia,State,Georgia,Ossoff* (D),Collins (R),Carroll County,13045,0.339857505552988,43791.726,33.58246933,-85.07980892
Senate,Georgia,State,Georgia,Ossoff* (D),Collins (R),Catoosa County,13047,0.262571341205754,25366.7412,34.90377849,-85.13865749
Senate,Georgia,State,Georgia,Ossoff* (D),Collins (R),Charlton County,13049,0.269890064949079,3358.0692,30.7815722,-82.13757286
Senate,Georgia,State,Georgia,Ossoff* (D),Collins (R),Chatham County,13051,0.635457654784947,101960.4132,32.00445256,-81.13247732
Senate,Georgia,State,Georgia,Ossoff* (D),Collins (R),Chattahoochee County,13053,0.46742657013336,1226.343,32.34694534,-84.78680953
Senate,Georgia,State,Georgia,Ossoff* (D),Collins (R),Chattooga County,13055,0.230849450221389,7761.987,34.47504069,-85.34522718
Senate,Georgia,State,Georgia,Ossoff* (D),Collins (R),Cherokee County,13057,0.341700811103253,117161.244,34.24473392,-84.47621286
Senate,Georgia,State,Georgia,Ossoff* (D),Collins (R),Clarke County,13059,0.740161136622241,38097.4188,33.95097841,-83.36755873
Senate,Georgia,State,Georgia,Ossoff* (D),Collins (R),Clay County,13061,0.582589180545471,1043.6652,31.62573219,-84.97811756
Senate,Georgia,State,Georgia,Ossoff* (D),Collins (R),Clayton County,13063,0.900187695859638,80844.024,33.54043935,-84.35751271
Senate,Georgia,State,Georgia,Ossoff* (D),Collins (R),Clinch County,13065,0.286858934640762,2112.8034,30.91504263,-82.7064204
Senate,Georgia,State,Georgia,Ossoff* (D),Collins (R),Cobb County,13067,0.611667860585732,288997.0074,33.94183776,-84.57652963
Senate,Georgia,State,Georgia,Ossoff* (D),Collins (R),Coffee County,13069,0.326875670909729,11414.0874,31.54918005,-82.84967311
Senate,Georgia,State,Georgia,Ossoff* (D),Collins (R),Colquitt County,13071,0.296876185189403,12056.007,31.18832547,-83.76886209
Senate,Georgia,State,Georgia,Ossoff* (D),Collins (R),Columbia County,13073,0.409975836551469,62067.5118,33.54404762,-82.26371951
Senate,Georgia,State,Georgia,Ossoff* (D),Collins (R),Cook County,13075,0.321338908926776,5334.774,31.15408665,-83.43069759
Senate,Georgia,State,Georgia,Ossoff* (D),Collins (R),Coweta County,13077,0.36611020038871,62092.257,33.35346702,-84.76342787
Senate,Georgia,State,Georgia,Ossoff* (D),Collins (R),Crawford County,13079,0.302117251785996,4602.6072,32.71431882,-83.98612506
Senate,Georgia,State,Georgia,Ossoff* (D),Collins (R),Crisp County,13081,0.409980993012363,5889.3576,31.92287244,-83.76727919
Senate,Georgia,State,Georgia,Ossoff* (D),Collins (R),Dade County,13083,0.215171677838212,5929.3866,34.85458429,-85.50458952
Senate,Georgia,State,Georgia,Ossoff* (D),Collins (R),Dawson County,13085,0.207096007020836,14166.627,34.44409815,-84.17073385
Senate,Georgia,State,Georgia,Ossoff* (D),Collins (R),Decatur County,13087,0.436345100543035,8378.4336,30.87807864,-84.5795682
Senate,Georgia,State,Georgia,Ossoff* (D),Collins (R),DeKalb County,13089,0.873209913592319,263647.0056,33.77122192,-84.22665212
Senate,Georgia,State,Georgia,Ossoff* (D),Collins (R),Dodge County,13091,0.299187372579411,6062.574,32.17208946,-83.16860598
Senate,Georgia,State,Georgia,Ossoff* (D),Collins (R),Dooly County,13093,0.505600294581779,3030.5592,32.15728777,-83.79901736
Senate,Georgia,State,Georgia,Ossoff* (D),Collins (R),Dougherty County,13095,0.74588004811251,24552.333,31.53329476,-84.21604918
Senate,Georgia,State,Georgia,Ossoff* (D),Collins (R),Douglas County,13097,0.689821275346542,51117.7608,33.7021135,-84.76851394
Senate,Georgia,State,Georgia,Ossoff* (D),Collins (R),Early County,13099,0.488714392594598,3548.7528,31.32317406,-84.90423978
Senate,Georgia,State,Georgia,Ossoff* (D),Collins (R),Echols County,13101,0.146059324527254,1043.6652,30.70991003,-82.89413878
Senate,Georgia,State,Georgia,Ossoff* (D),Collins (R),Effingham County,13103,0.2976597894247,26264.1186,32.3672031,-81.34134143
Senate,Georgia,State,Georgia,Ossoff* (D),Collins (R),Elbert County,13105,0.337233966986715,6957.768,34.11635114,-82.83992664
Senate,Georgia,State,Georgia,Ossoff* (D),Collins (R),Emanuel County,13107,0.331105144797296,6981.0576,32.58963191,-82.30173104
Senate,Georgia,State,Georgia,Ossoff* (D),Collins (R),Evans County,13109,0.339713444193065,3074.955,32.1569194,-81.88687929
Senate,Georgia,State,Georgia,Ossoff* (D),Collins (R),Fannin County,13111,0.217484929774611,11673.1842,34.86412558,-84.31929617
Senate,Georgia,State,Georgia,Ossoff* (D),Collins (R),Fayette County,13113,0.51512559999064,53856.4722,33.41303536,-84.49428463
Senate,Georgia,State,Georgia,Ossoff* (D),Collins (R),Floyd County,13115,0.333028130923515,32382.0054,34.26315113,-85.21440801
Senate,Georgia,State,Georgia,Ossoff* (D),Collins (R),Forsyth County,13117,0.37024103440283,99555.762,34.2256545,-84.12468922
Senate,Georgia,State,Georgia,Ossoff* (D),Collins (R),Franklin County,13119,0.183351252044947,8810.7468,34.37559112,-83.2291908
Senate,Georgia,State,Georgia,Ossoff* (D),Collins (R),Fulton County,13121,0.766235650582074,385302.4146,33.79038574,-84.46714878
Senate,Georgia,State,Georgia,Ossoff* (D),Collins (R),Gilmer County,13123,0.224655522429967,13383.5142,34.6914172,-84.45574304
Senate,Georgia,State,Georgia,Ossoff* (D),Collins (R),Glascock County,13125,0.133615807569605,1213.2426,33.22935427,-82.61046209
Senate,Georgia,State,Georgia,Ossoff* (D),Collins (R),Glynn County,13127,0.41473303536051,31806.3156,31.23071711,-81.53985797
Senate,Georgia,State,Georgia,Ossoff* (D),Collins (R),Gordon County,13129,0.226443503798668,19997.7606,34.50374908,-84.87632767
Senate,Georgia,State,Georgia,Ossoff* (D),Collins (R),Grady County,13131,0.364070312374792,7769.265,30.87476853,-84.23475065
Senate,Georgia,State,Georgia,Ossoff* (D),Collins (R),Greene County,13133,0.394640264952411,9264.1662,33.57887215,-83.16678441
Senate,Georgia,State,Georgia,Ossoff* (D),Collins (R),Gwinnett County,13135,0.623901069213217,302435.8344,33.9614268,-84.02400746
Senate,Georgia,State,Georgia,Ossoff* (D),Collins (R),Habersham County,13137,0.217618490262877,16868.9484,34.63090057,-83.53054815
Senate,Georgia,State,Georgia,Ossoff* (D),Collins (R),Hall County,13139,0.320647266424209,73753.7964,34.31734176,-83.819838
Senate,Georgia,State,Georgia,Ossoff* (D),Collins (R),Hancock County,13141,0.736597323331142,3077.1384,33.27020552,-83.00098883
Senate,Georgia,State,Georgia,Ossoff* (D),Collins (R),Haralson County,13143,0.172802046818446,11866.0512,33.79399282,-85.21085788
Senate,Georgia,State,Georgia,Ossoff* (D),Collins (R),Harris County,13145,0.313249738574926,16200.1002,32.73613817,-84.9082899
Senate,Georgia,State,Georgia,Ossoff* (D),Collins (R),Hart County,13147,0.276326507971397,10388.6172,34.35058893,-82.96402556
Senate,Georgia,State,Georgia,Ossoff* (D),Collins (R),Heard County,13149,0.190763537815265,4507.9932,33.296853,-85.12848262
Senate,Georgia,State,Georgia,Ossoff* (D),Collins (R),Henry County,13151,0.674061960002492,93329.433,33.45278905,-84.15307775
Senate,Georgia,State,Georgia,Ossoff* (D),Collins (R),Houston County,13153,0.482115000635666,58949.6166,32.45919716,-83.66625831
Senate,Georgia,State,Georgia,Ossoff* (D),Collins (R),Irwin County,13155,0.27907041650951,3148.4628,31.60235727,-83.2762524
Senate,Georgia,State,Georgia,Ossoff* (D),Collins (R),Jackson County,13157,0.258327695787653,34184.0382,34.1338612,-83.56602206
Senate,Georgia,State,Georgia,Ossoff* (D),Collins (R),Jasper County,13159,0.261284218825415,6611.3352,33.31633785,-83.68792053
Senate,Georgia,State,Georgia,Ossoff* (D),Collins (R),Jeff Davis County,13161,0.21345751735209,4264.1802,31.8053696,-82.63685771
Senate,Georgia,State,Georgia,Ossoff* (D),Collins (R),Jefferson County,13163,0.552916807294039,5414.1042,33.05432827,-82.41823729
Senate,Georgia,State,Georgia,Ossoff* (D),Collins (R),Jenkins County,13165,0.396770569878772,2471.6088,32.79247176,-81.96350449
Senate,Georgia,State,Georgia,Ossoff* (D),Collins (R),Johnson County,13167,0.324082657857471,2895.9162,32.70148912,-82.66017474
Senate,Georgia,State,Georgia,Ossoff* (D),Collins (R),Jones County,13169,0.360430368530553,11672.4564,33.0254599,-83.56057299
Senate,Georgia,State,Georgia,Ossoff* (D),Collins (R),Lamar County,13171,0.322120570264701,7548.7416,33.07619286,-84.13960587
Senate,Georgia,State,Georgia,Ossoff* (D),Collins (R),Lanier County,13173,0.316510023123588,2708.1438,31.03799605,-83.06330638
Senate,Georgia,State,Georgia,Ossoff* (D),Collins (R),Laurens County,13175,0.387096481180476,16943.184,32.46355824,-82.92233434
Senate,Georgia,State,Georgia,Ossoff* (D),Collins (R),Lee County,13177,0.322781434018235,12818.0136,31.77942972,-84.14092773
Senate,Georgia,State,Georgia,Ossoff* (D),Collins (R),Liberty County,13179,0.648058626168588,16666.62,31.82777126,-81.49463778
Senate,Georgia,State,Georgia,Ossoff* (D),Collins (R),Lincoln County,13181,0.333162079334917,3573.498,33.79324552,-82.451183
Senate,Georgia,State,Georgia,Ossoff* (D),Collins (R),Long County,13183,0.407301047776356,5118.6174,31.75246506,-81.7454462
Senate,Georgia,State,Georgia,Ossoff* (D),Collins (R),Lowndes County,13185,0.4628860660671,34619.9904,30.83391096,-83.26738819
Senate,Georgia,State,Georgia,Ossoff* (D),Collins (R),Lumpkin County,13187,0.2383069164356,12878.421,34.57241644,-84.00327535
Senate,Georgia,State,Georgia,Ossoff* (D),Collins (R),Macon County,13193,0.641547877385803,3399.5538,32.35871148,-84.04282299
Senate,Georgia,State,Georgia,Ossoff* (D),Collins (R),Madison County,13195,0.271998221308318,12157.1712,34.12798628,-83.20833143
Senate,Georgia,State,Georgia,Ossoff* (D),Collins (R),Marion County,13197,0.398913949952083,2620.8078,32.35300898,-84.52462573
Senate,Georgia,State,Georgia,Ossoff* (D),Collins (R),McDuffie County,13189,0.427167466432323,7641.1722,33.48313346,-82.4818329
Senate,Georgia,State,Georgia,Ossoff* (D),Collins (R),McIntosh County,13191,0.414871005347493,5367.525,31.49489855,-81.40719089
Senate,Georgia,State,Georgia,Ossoff* (D),Collins (R),Meriwether County,13199,0.4260301370946,8550.1944,33.04118311,-84.68849214
Senate,Georgia,State,Georgia,Ossoff* (D),Collins (R),Miller County,13201,0.294281807962623,1975.977,31.16479534,-84.73106803
Senate,Georgia,State,Georgia,Ossoff* (D),Collins (R),Mitchell County,13205,0.472186985014392,6441.7578,31.22513235,-84.19466894
Senate,Georgia,State,Georgia,Ossoff* (D),Collins (R),Monroe County,13207,0.316546508769963,12840.5754,33.0139317,-83.91905929
Senate,Georgia,State,Georgia,Ossoff* (D),Collins (R),Montgomery County,13209,0.282770896180124,2882.088,32.17325981,-82.53452747
Senate,Georgia,State,Georgia,Ossoff* (D),Collins (R),Morgan County,13211,0.317789931142404,9550.1916,33.5909479,-83.49227858
Senate,Georgia,State,Georgia,Ossoff* (D),Collins (R),Murray County,13213,0.192784568914442,12681.1872,34.78861644,-84.74799528
Senate,Georgia,State,Georgia,Ossoff* (D),Collins (R),Muscogee County,13215,0.660384707893236,58245.1062,32.51001825,-84.87620281
Senate,Georgia,State,Georgia,Ossoff* (D),Collins (R),Newton County,13217,0.612680578927138,42745.1496,33.55492575,-83.85005873
Senate,Georgia,State,Georgia,Ossoff* (D),Collins (R),Oconee County,13219,0.357846840839329,19682.6232,33.83506881,-83.43706988
Senate,Georgia,State,Georgia,Ossoff* (D),Collins (R),Oglethorpe County,13221,0.336724748866427,6382.806,33.88064398,-83.08144741
Senate,Georgia,State,Georgia,Ossoff* (D),Collins (R),Paulding County,13223,0.41164756471539,68828.7738,33.92082846,-84.86736714
Senate,Georgia,State,Georgia,Ossoff* (D),Collins (R),Peach County,13225,0.514524688236805,9750.3366,32.56840679,-83.82790492
Senate,Georgia,State,Georgia,Ossoff* (D),Collins (R),Pickens County,13227,0.211680967453543,15140.4234,34.46423209,-84.46567239
Senate,Georgia,State,Georgia,Ossoff* (D),Collins (R),Pierce County,13229,0.158162605267801,7091.6832,31.35837358,-82.2134274
Senate,Georgia,State,Georgia,Ossoff* (D),Collins (R),Pike County,13231,0.179347243265852,9106.2336,33.09206899,-84.38908484
Senate,Georgia,State,Georgia,Ossoff* (D),Collins (R),Polk County,13233,0.247887569377933,13901.7078,34.00190077,-85.18805562
Senate,Georgia,State,Georgia,Ossoff* (D),Collins (R),Pulaski County,13235,0.339438526303256,3141.9126,32.23213302,-83.47580638
Senate,Georgia,State,Georgia,Ossoff* (D),Collins (R),Putnam County,13237,0.332255660290149,9339.1296,33.32175332,-83.37315585
Senate,Georgia,State,Georgia,Ossoff* (D),Collins (R),Quitman County,13239,0.475312239777797,826.7808,31.86629277,-85.01684071
Senate,Georgia,State,Georgia,Ossoff* (D),Collins (R),Rabun County,13241,0.252775171508383,7549.4694,34.88165754,-83.40264155
Senate,Georgia,State,Georgia,Ossoff* (D),Collins (R),Randolph County,13243,0.581830845574001,2164.4772,31.7621807,-84.75379101
Senate,Georgia,State,Georgia,Ossoff* (D),Collins (R),Richmond County,13245,0.725292218704337,60501.2862,33.35950332,-82.07386121
Senate,Georgia,State,Georgia,Ossoff* (D),Collins (R),Rockdale County,13247,0.770644908431162,32660.7528,33.65414105,-84.02657025
Senate,Georgia,State,Georgia,Ossoff* (D),Collins (R),Schley County,13249,0.237099744843277,1763.4594,32.26331654,-84.31547114
Senate,Georgia,State,Georgia,Ossoff* (D),Collins (R),Screven County,13251,0.430379293072077,5026.1868,32.75107817,-81.61169117
Senate,Georgia,State,Georgia,Ossoff* (D),Collins (R),Seminole County,13253,0.35010666558847,2912.6556,30.93897842,-84.86850436
Senate,Georgia,State,Georgia,Ossoff* (D),Collins (R),Spalding County,13255,0.450431806678451,23917.6914,33.26065533,-84.28381621
Senate,Georgia,State,Georgia,Ossoff* (D),Collins (R),Stephens County,13257,0.232175746352992,9487.6008,34.55397748,-83.29303308
Senate,Georgia,State,Georgia,Ossoff* (D),Collins (R),Stewart County,13259,0.627001870640864,1473.0672,32.07839601,-84.83395276
Senate,Georgia,State,Georgia,Ossoff* (D),Collins (R),Sumter County,13261,0.558634243257816,8737.239,32.04008071,-84.19615662
Senate,Georgia,State,Georgia,Ossoff* (D),Collins (R),Talbot County,13263,0.61951512931675,2453.4138,32.69944401,-84.53322383
Senate,Georgia,State,Georgia,Ossoff* (D),Collins (R),Taliaferro County,13265,0.62580524574207,641.9196,33.566347,-82.87900052
Senate,Georgia,State,Georgia,Ossoff* (D),Collins (R),Tattnall County,13267,0.285003483900799,6173.1996,32.04578293,-82.05794341
Senate,Georgia,State,Georgia,Ossoff* (D),Collins (R),Taylor County,13269,0.393923486774219,2886.4548,32.55610793,-84.25102911
Senate,Georgia,State,Georgia,Ossoff* (D),Collins (R),Telfair County,13271,0.365770516206541,3059.6712,31.92997221,-82.93880265
Senate,Georgia,State,Georgia,Ossoff* (D),Collins (R),Terrell County,13273,0.569096997397498,3149.9184,31.77710794,-84.43693855
Senate,Georgia,State,Georgia,Ossoff* (D),Collins (R),Thomas County,13275,0.427307954540253,16023.9726,30.86359281,-83.91853341
Senate,Georgia,State,Georgia,Ossoff* (D),Collins (R),Tift County,13277,0.363728094096206,12324.5652,31.45751029,-83.52652261
Senate,Georgia,State,Georgia,Ossoff* (D),Collins (R),Toombs County,13279,0.300272511754043,7919.9196,32.12156708,-82.33096121
Senate,Georgia,State,Georgia,Ossoff* (D),Collins (R),Towns County,13281,0.232913041537755,6407.5512,34.91666684,-83.73739141
Senate,Georgia,State,Georgia,Ossoff* (D),Collins (R),Treutlen County,13283,0.332995641252891,2266.3692,32.40331611,-82.56783271
Senate,Georgia,State,Georgia,Ossoff* (D),Collins (R),Troup County,13285,0.423920267389049,22670.2422,33.03346388,-85.02873581
Senate,Georgia,State,Georgia,Ossoff* (D),Collins (R),Turner County,13287,0.406349379626458,2781.6516,31.7164981,-83.62479675
Senate,Georgia,State,Georgia,Ossoff* (D),Collins (R),Twiggs County,13289,0.487053808292459,3234.3432,32.66724559,-83.42729345
Senate,Georgia,State,Georgia,Ossoff* (D),Collins (R),Union County,13291,0.226384030360191,12944.6508,34.83375049,-83.99038243
Senate,Georgia,State,Georgia,Ossoff* (D),Collins (R),Upson County,13293,0.353872190507727,9917.0028,32.88096475,-84.29964447
Senate,Georgia,State,Georgia,Ossoff* (D),Collins (R),Walker County,13295,0.24376843623894,23215.3644,34.73561638,-85.30084531
Senate,Georgia,State,Georgia,Ossoff* (D),Collins (R),Walton County,13297,0.304263832830891,42221.1336,33.78121226,-83.73367264
Senate,Georgia,State,Georgia,Ossoff* (D),Collins (R),Ware County,13299,0.33066667125697,10441.7466,31.05375667,-82.42364479
Senate,Georgia,State,Georgia,Ossoff* (D),Collins (R),Warren County,13301,0.579642561623998,1882.0908,33.40868082,-82.67696672
Senate,Georgia,State,Georgia,Ossoff* (D),Collins (R),Washington County,13303,0.536501803110757,6890.0826,32.96958544,-82.79573433
Senate,Georgia,State,Georgia,Ossoff* (D),Collins (R),Wayne County,13305,0.251911511283444,9839.1282,31.55172562,-81.91710568
Senate,Georgia,State,Georgia,Ossoff* (D),Collins (R),Webster County,13307,0.475726662294972,970.8852,32.04630599,-84.55001221
Senate,Georgia,State,Georgia,Ossoff* (D),Collins (R),Wheeler County,13309,0.329096696395304,1652.106,32.11657577,-82.72430717
Senate,Georgia,State,Georgia,Ossoff* (D),Collins (R),White County,13311,0.202510190972968,12187.011,34.64590613,-83.74657149
Senate,Georgia,State,Georgia,Ossoff* (D),Collins (R),Whitfield County,13313,0.327051256025091,28826.7024,34.80650119,-84.96674982
Senate,Georgia,State,Georgia,Ossoff* (D),Collins (R),Wilcox County,13315,0.299166784946551,2430.852,31.97280479,-83.43204775
Senate,Georgia,State,Georgia,Ossoff* (D),Collins (R),Wilkes County,13317,0.464145430831095,3699.4074,33.78219274,-82.74345686
Senate,Georgia,State,Georgia,Ossoff* (D),Collins (R),Wilkinson County,13319,0.467178732366597,3566.22,32.80234579,-83.17090856
Senate,Georgia,State,Georgia,Ossoff* (D),Collins (R),Worth County,13321,0.297208940890798,6761.9898,31.55124636,-83.8509648
Senate,Idaho,State,Idaho,Achilles (I),Risch* (R),Ada County,16001,0.530547027651368,189137.025,43.45084054,-116.241035
Senate,Idaho,State,Idaho,Achilles (I),Risch* (R),Adams County,16003,0.306368222622069,1902.4692,44.88931492,-116.4539483
Senate,Idaho,State,Idaho,Achilles (I),Risch* (R),Bannock County,16005,0.459383902329364,28118.553,42.6686619,-112.2247491
Senate,Idaho,State,Idaho,Achilles (I),Risch* (R),Bear Lake County,16007,0.180074431036711,2368.2612,42.28476453,-111.3294847
Senate,Idaho,State,Idaho,Achilles (I),Risch* (R),Benewah County,16009,0.276626730189494,3660.1062,47.21772961,-116.6586207
Senate,Idaho,State,Idaho,Achilles (I),Risch* (R),Bingham County,16011,0.278981040656404,14604.0348,43.21643996,-112.3976535
Senate,Idaho,State,Idaho,Achilles (I),Risch* (R),Blaine County,16013,0.738727295763643,9246.699,43.41242641,-113.980642
Senate,Idaho,State,Idaho,Achilles (I),Risch* (R),Boise County,16015,0.315029871578403,3487.6176,43.98909247,-115.730321
Senate,Idaho,State,Idaho,Achilles (I),Risch* (R),Bonner County,16017,0.354755752885463,21107.6556,48.2996896,-116.6009928
Senate,Idaho,State,Idaho,Achilles (I),Risch* (R),Bonneville County,16019,0.340827871216847,39673.1058,43.38792191,-111.6147928
Senate,Idaho,State,Idaho,Achilles (I),Risch* (R),Boundary County,16021,0.251736008536233,5050.2042,48.766998,-116.4627525
Senate,Idaho,State,Idaho,Achilles (I),Risch* (R),Butte County,16023,0.214703184205209,1057.4934,43.72266581,-113.1719663
Senate,Idaho,State,Idaho,Achilles (I),Risch* (R),Camas County,16025,0.299719752909865,509.46,43.46356926,-114.8053772
Senate,Idaho,State,Idaho,Achilles (I),Risch* (R),Canyon County,16027,0.353210346334162,71632.9872,43.6251769,-116.7092162
Senate,Idaho,State,Idaho,Achilles (I),Risch* (R),Caribou County,16029,0.209064644699316,2438.8578,42.77049766,-111.5621762
Senate,Idaho,State,Idaho,Achilles (I),Risch* (R),Cassia County,16031,0.225576801837765,6781.6404,42.28381567,-113.6013217
Senate,Idaho,State,Idaho,Achilles (I),Risch* (R),Clark County,16033,0.218294330389203,240.174,44.28409003,-112.3520136
Senate,Idaho,State,Idaho,Achilles (I),Risch* (R),Clearwater County,16035,0.262561899997494,3147.0072,46.67349275,-115.656021
Senate,Idaho,State,Idaho,Achilles (I),Risch* (R),Custer County,16037,0.30067034815772,1880.6352,44.24147306,-114.2816427
Senate,Idaho,State,Idaho,Achilles (I),Risch* (R),Elmore County,16039,0.339977539589036,7570.5756,43.35417471,-115.4691486
Senate,Idaho,State,Idaho,Achilles (I),Risch* (R),Franklin County,16041,0.168477397822699,5081.4996,42.18121994,-111.8131009
Senate,Idaho,State,Idaho,Achilles (I),Risch* (R),Fremont County,16043,0.220695459462525,4802.7522,44.22898675,-111.4821032
Senate,Idaho,State,Idaho,Achilles (I),Risch* (R),Gem County,16045,0.252620763457879,7573.4868,44.0602805,-116.3979457
Senate,Idaho,State,Idaho,Achilles (I),Risch* (R),Gooding County,16047,0.278921608047007,4203.7728,42.97094353,-114.8116615
Senate,Idaho,State,Idaho,Achilles (I),Risch* (R),Idaho County,16049,0.229483092629887,6992.7024,45.84388002,-115.4671964
Senate,Idaho,State,Idaho,Achilles (I),Risch* (R),Jefferson County,16051,0.194106252360648,11187.7416,43.82027224,-112.3114205
Senate,Idaho,State,Idaho,Achilles (I),Risch* (R),Jerome County,16053,0.31356220669948,5643.3612,42.68974614,-114.2642648
Senate,Idaho,State,Idaho,Achilles (I),Risch* (R),Kootenai County,16055,0.32197051206863,68538.3816,47.6744641,-116.7000308
Senate,Idaho,State,Idaho,Achilles (I),Risch* (R),Latah County,16057,0.556900244430195,14343.4824,46.81645625,-116.7117113
Senate,Idaho,State,Idaho,Achilles (I),Risch* (R),Lemhi County,16059,0.292500654154803,3459.9612,44.9436279,-113.9335998
Senate,Idaho,State,Idaho,Achilles (I),Risch* (R),Lewis County,16061,0.25352989713558,1315.8624,46.2366682,-116.4267621
Senate,Idaho,State,Idaho,Achilles (I),Risch* (R),Lincoln County,16063,0.301042535320038,1352.2524,43.00232711,-114.1383193
Senate,Idaho,State,Idaho,Achilles (I),Risch* (R),Madison County,16065,0.227634685551319,12148.4376,43.78411982,-111.6592182
Senate,Idaho,State,Idaho,Achilles (I),Risch* (R),Minidoka County,16067,0.262442991808604,5657.9172,42.85441649,-113.6374976
Senate,Idaho,State,Idaho,Achilles (I),Risch* (R),Nez Perce County,16069,0.383047120494146,14290.353,46.32729495,-116.7498104
Senate,Idaho,State,Idaho,Achilles (I),Risch* (R),Oneida County,16071,0.179201271010902,1726.3416,42.19490877,-112.5395749
Senate,Idaho,State,Idaho,Achilles (I),Risch* (R),Owyhee County,16073,0.245671498945797,3534.9246,42.58161924,-116.1698327
Senate,Idaho,State,Idaho,Achilles (I),Risch* (R),Payette County,16075,0.265024727950914,8385.7116,44.00714137,-116.7604309
Senate,Idaho,State,Idaho,Achilles (I),Risch* (R),Power County,16077,0.352249993945312,2133.1818,42.69368252,-112.8410539
Senate,Idaho,State,Idaho,Achilles (I),Risch* (R),Shoshone County,16079,0.344467057726419,4346.4216,47.35176251,-115.8911361
Senate,Idaho,State,Idaho,Achilles (I),Risch* (R),Teton County,16081,0.605732307530038,4707.4104,43.7599238,-111.2078712
Senate,Idaho,State,Idaho,Achilles (I),Risch* (R),Twin Falls County,16083,0.336219313696377,26468.6304,42.35608428,-114.6681729
Senate,Idaho,State,Idaho,Achilles (I),Risch* (R),Valley County,16085,0.489291667410785,5155.0074,44.76650867,-115.5662454
Senate,Idaho,State,Idaho,Achilles (I),Risch* (R),Washington County,16087,0.27174090746583,3958.5042,44.45250794,-116.7847747
Senate,Illinois,State,Illinois,Stratton (D),Tracy (R),Adams County,17001,0.312653904231775,22759.7616,39.98808185,-91.18842478
Senate,Illinois,State,Illinois,Stratton (D),Tracy (R),Alexander County,17003,0.455957106082795,1633.911,37.19162505,-89.33759146
Senate,Illinois,State,Illinois,Stratton (D),Tracy (R),Bond County,17005,0.324381951950492,5683.3902,38.88688243,-89.43566372
Senate,Illinois,State,Illinois,Stratton (D),Tracy (R),Boone County,17007,0.479560096129678,17344.9296,42.32294195,-88.82348512
Senate,Illinois,State,Illinois,Stratton (D),Tracy (R),Brown County,17009,0.247463294470943,1750.359,39.96180493,-90.75018804
Senate,Illinois,State,Illinois,Stratton (D),Tracy (R),Bureau County,17011,0.429464046326324,11414.8152,41.40406966,-89.52841534
Senate,Illinois,State,Illinois,Stratton (D),Tracy (R),Calhoun County,17013,0.267106569784321,1906.1082,39.16895789,-90.66743491
Senate,Illinois,State,Illinois,Stratton (D),Tracy (R),Carroll County,17015,0.391738028019303,5590.9596,42.06794659,-89.93380816
Senate,Illinois,State,Illinois,Stratton (D),Tracy (R),Cass County,17017,0.332507801263022,3748.17,39.97376092,-90.24761202
Senate,Illinois,State,Illinois,Stratton (D),Tracy (R),Champaign County,17019,0.675587688917133,63521.6562,40.13984863,-88.19947606
Senate,Illinois,State,Illinois,Stratton (D),Tracy (R),Christian County,17021,0.316352979121213,11138.2512,39.54582799,-89.27760111
Senate,Illinois,State,Illinois,Stratton (D),Tracy (R),Clark County,17023,0.292455407577739,5863.8846,39.33402321,-87.7878617
Senate,Illinois,State,Illinois,Stratton (D),Tracy (R),Clay County,17025,0.211447765598271,4850.0592,38.75410733,-88.49033998
Senate,Illinois,State,Illinois,Stratton (D),Tracy (R),Clinton County,17027,0.289149568712643,13721.9412,38.60632268,-89.4229686
Senate,Illinois,State,Illinois,Stratton (D),Tracy (R),Coles County,17029,0.408480936480007,15357.3078,39.52086003,-88.22141023
Senate,Illinois,State,Illinois,Stratton (D),Tracy (R),Cook County,17031,0.765909514258471,1478651.6094,41.84005007,-87.81698762
Senate,Illinois,State,Illinois,Stratton (D),Tracy (R),Crawford County,17033,0.286674813682462,6386.445,39.00382453,-87.75932466
Senate,Illinois,State,Illinois,Stratton (D),Tracy (R),Cumberland County,17035,0.239531422557361,4138.2708,39.27402319,-88.24032182
Senate,Illinois,State,Illinois,Stratton (D),Tracy (R),DeKalb County,17037,0.563335401853705,33743.7192,41.8933691,-88.76979995
Senate,Illinois,State,Illinois,Stratton (D),Tracy (R),DeWitt County,17039,0.324537960157708,5521.8186,40.17434051,-88.90408529
Senate,Illinois,State,Illinois,Stratton (D),Tracy (R),Douglas County,17041,0.318935938532419,6021.8172,39.7695478,-88.21756136
Senate,Illinois,State,Illinois,Stratton (D),Tracy (R),DuPage County,17043,0.621006077934456,321983.8146,41.85173736,-88.08563421
Senate,Illinois,State,Illinois,Stratton (D),Tracy (R),Edgar County,17045,0.286973858161149,5655.7338,39.67865165,-87.74546531
Senate,Illinois,State,Illinois,Stratton (D),Tracy (R),Edwards County,17047,0.193856631943948,2366.0778,38.41619684,-88.05369238
Senate,Illinois,State,Illinois,Stratton (D),Tracy (R),Effingham County,17049,0.246283806625856,13639.6998,39.05935691,-88.58969703
Senate,Illinois,State,Illinois,Stratton (D),Tracy (R),Fayette County,17051,0.225454560425074,6898.8162,39.0000587,-89.02441763
Senate,Illinois,State,Illinois,Stratton (D),Tracy (R),Ford County,17053,0.30916364684253,4673.2038,40.59686492,-88.22313426
Senate,Illinois,State,Illinois,Stratton (D),Tracy (R),Franklin County,17055,0.297140832995362,12705.2046,37.99202257,-88.9239703
Senate,Illinois,State,Illinois,Stratton (D),Tracy (R),Fulton County,17057,0.431597905745429,11504.3346,40.47248529,-90.20749434
Senate,Illinois,State,Illinois,Stratton (D),Tracy (R),Gallatin County,17059,0.279129910920168,1807.8552,37.76253711,-88.23082016
Senate,Illinois,State,Illinois,Stratton (D),Tracy (R),Greene County,17061,0.258706288471977,4322.4042,39.3563746,-90.39051245
Senate,Illinois,State,Illinois,Stratton (D),Tracy (R),Grundy County,17063,0.403054967009823,19024.692,41.2856038,-88.41891328
Senate,Illinois,State,Illinois,Stratton (D),Tracy (R),Hamilton County,17065,0.232479456645204,3001.4472,38.08163641,-88.53883373
Senate,Illinois,State,Illinois,Stratton (D),Tracy (R),Hancock County,17067,0.298813687110279,6470.8698,40.40370799,-91.16472529
Senate,Illinois,State,Illinois,Stratton (D),Tracy (R),Hardin County,17069,0.24088302893114,1385.0034,37.51807977,-88.26669526
Senate,Illinois,State,Illinois,Stratton (D),Tracy (R),Henderson County,17071,0.355493631367259,2470.881,40.81804873,-90.92497453
Senate,Illinois,State,Illinois,Stratton (D),Tracy (R),Henry County,17073,0.428553973548199,17892.963,41.35314875,-90.13161776
Senate,Illinois,State,Illinois,Stratton (D),Tracy (R),Iroquois County,17075,0.262611635855663,9550.9194,40.74732578,-87.82452537
Senate,Illinois,State,Illinois,Stratton (D),Tracy (R),Jackson County,17077,0.57100532908168,16017.4224,37.78505462,-89.38232705
Senate,Illinois,State,Illinois,Stratton (D),Tracy (R),Jasper County,17079,0.223402015681069,3901.7358,39.01061641,-88.15377894
Senate,Illinois,State,Illinois,Stratton (D),Tracy (R),Jefferson County,17081,0.311364724286305,11957.0262,38.30019275,-88.92397205
Senate,Illinois,State,Illinois,Stratton (D),Tracy (R),Jersey County,17083,0.29815406550954,8369.7,39.0855748,-90.3567923
Senate,Illinois,State,Illinois,Stratton (D),Tracy (R),Jo Daviess County,17085,0.467742529339494,8869.6986,42.36542788,-90.21246462
Senate,Illinois,State,Illinois,Stratton (D),Tracy (R),Johnson County,17087,0.258782099232371,4395.1842,37.45959866,-88.88074567
Senate,Illinois,State,Illinois,Stratton (D),Tracy (R),Kane County,17089,0.6007388741552,159633.4686,41.93895003,-88.42861217
Senate,Illinois,State,Illinois,Stratton (D),Tracy (R),Kankakee County,17091,0.44740239935821,33976.6152,41.13747976,-87.86189197
Senate,Illinois,State,Illinois,Stratton (D),Tracy (R),Kendall County,17093,0.561036975387226,47268.4266,41.59088826,-88.42879892
Senate,Illinois,State,Illinois,Stratton (D),Tracy (R),Knox County,17095,0.505502381239058,15833.289,40.93148779,-90.2133034
Senate,Illinois,State,Illinois,Stratton (D),Tracy (R),Lake County,17097,0.658580785418229,222011.0232,42.32318039,-88.00373142
Senate,Illinois,State,Illinois,Stratton (D),Tracy (R),LaSalle County,17099,0.45967339991724,37660.7388,41.34406943,-88.88623869
Senate,Illinois,State,Illinois,Stratton (D),Tracy (R),Lawrence County,17101,0.267189135170441,4365.3444,38.72048612,-87.72698819
Senate,Illinois,State,Illinois,Stratton (D),Tracy (R),Lee County,17103,0.440044082173682,11488.323,41.74622905,-89.29939757
Senate,Illinois,State,Illinois,Stratton (D),Tracy (R),Livingston County,17105,0.318071675527085,11849.3118,40.89167342,-88.55786997
Senate,Illinois,State,Illinois,Stratton (D),Tracy (R),Logan County,17107,0.341333280779954,8951.94,40.12467469,-89.36775244
Senate,Illinois,State,Illinois,Stratton (D),Tracy (R),Macon County,17115,0.457336462330245,32438.7738,39.85999062,-88.96174804
Senate,Illinois,State,Illinois,Stratton (D),Tracy (R),Macoupin County,17117,0.353497942815126,16708.1046,39.26136043,-89.92459485
Senate,Illinois,State,Illinois,Stratton (D),Tracy (R),Madison County,17119,0.485791831445328,94807.5948,38.83016798,-89.90510951
Senate,Illinois,State,Illinois,Stratton (D),Tracy (R),Marion County,17121,0.302361656116657,12026.895,38.64962591,-88.91900564
Senate,Illinois,State,Illinois,Stratton (D),Tracy (R),Marshall County,17123,0.370426410106472,4390.0896,41.03327407,-89.34481931
Senate,Illinois,State,Illinois,Stratton (D),Tracy (R),Mason County,17125,0.337555784563433,4539.2886,40.23934407,-89.91665526
Senate,Illinois,State,Illinois,Stratton (D),Tracy (R),Massac County,17127,0.307437324212414,4819.4916,37.21923954,-88.70754316
Senate,Illinois,State,Illinois,Stratton (D),Tracy (R),McDonough County,17109,0.457276652471625,8531.9994,40.45674722,-90.67775541
Senate,Illinois,State,Illinois,Stratton (D),Tracy (R),McHenry County,17111,0.526408044732618,115940.7234,42.32444631,-88.45263983
Senate,Illinois,State,Illinois,Stratton (D),Tracy (R),McLean County,17113,0.578082518809575,61706.523,40.49061752,-88.84769482
Senate,Illinois,State,Illinois,Stratton (D),Tracy (R),Menard County,17129,0.34287868946,4609.1574,40.02711636,-89.80172848
Senate,Illinois,State,Illinois,Stratton (D),Tracy (R),Mercer County,17131,0.414582724419522,5942.487,41.20543704,-90.74108384
Senate,Illinois,State,Illinois,Stratton (D),Tracy (R),Monroe County,17133,0.368609909489343,14940.2784,38.27853951,-90.17743157
Senate,Illinois,State,Illinois,Stratton (D),Tracy (R),Montgomery County,17135,0.329170532258792,9425.7378,39.23097041,-89.4790156
Senate,Illinois,State,Illinois,Stratton (D),Tracy (R),Morgan County,17137,0.388670179987756,10520.349,39.71580417,-90.20121837
Senate,Illinois,State,Illinois,Stratton (D),Tracy (R),Moultrie County,17139,0.304411852181435,4680.4818,39.64136794,-88.61929657
Senate,Illinois,State,Illinois,Stratton (D),Tracy (R),Ogle County,17141,0.403933850941499,18437.3574,42.04257451,-89.32021067
Senate,Illinois,State,Illinois,Stratton (D),Tracy (R),Peoria County,17143,0.576961236672216,56375.388,40.78797055,-89.75986508
Senate,Illinois,State,Illinois,Stratton (D),Tracy (R),Perry County,17145,0.289238321072797,6619.341,38.08436666,-89.36728052
Senate,Illinois,State,Illinois,Stratton (D),Tracy (R),Piatt County,17147,0.39750452607642,6774.3624,40.01024723,-88.59111102
Senate,Illinois,State,Illinois,Stratton (D),Tracy (R),Pike County,17149,0.229516227417216,5376.9864,39.62260409,-90.88665915
Senate,Illinois,State,Illinois,Stratton (D),Tracy (R),Pope County,17151,0.250067849393379,1538.5692,37.41325351,-88.56128333
Senate,Illinois,State,Illinois,Stratton (D),Tracy (R),Pulaski County,17153,0.380240282605074,1711.7856,37.22269456,-89.12738626
Senate,Illinois,State,Illinois,Stratton (D),Tracy (R),Putnam County,17155,0.437005430524707,2378.4504,41.2041567,-89.28578933
Senate,Illinois,State,Illinois,Stratton (D),Tracy (R),Randolph County,17157,0.299006900008159,10251.063,38.05214985,-89.82565532
Senate,Illinois,State,Illinois,Stratton (D),Tracy (R),Richland County,17159,0.282069204325674,5557.4808,38.71228739,-88.08560224
Senate,Illinois,State,Illinois,Stratton (D),Tracy (R),Rock Island County,17161,0.602048711461686,45259.6986,41.46753509,-90.56755378
Senate,Illinois,State,Illinois,Stratton (D),Tracy (R),Saline County,17165,0.305004683778387,7615.6992,37.75332999,-88.54119706
Senate,Illinois,State,Illinois,Stratton (D),Tracy (R),Sangamon County,17167,0.528014802292087,70635.1734,39.75818327,-89.65883945
Senate,Illinois,State,Illinois,Stratton (D),Tracy (R),Schuyler County,17169,0.314354861607009,2679.0318,40.15816304,-90.61538755
Senate,Illinois,State,Illinois,Stratton (D),Tracy (R),Scott County,17171,0.243983992281207,1862.4402,39.64403604,-90.47455118
Senate,Illinois,State,Illinois,Stratton (D),Tracy (R),Shelby County,17173,0.247948617785848,8374.7946,39.39127226,-88.80591091
Senate,Illinois,State,Illinois,Stratton (D),Tracy (R),St. Clair County,17163,0.593351249828137,85483.0212,38.4703223,-89.92848248
Senate,Illinois,State,Illinois,Stratton (D),Tracy (R),Stark County,17175,0.321009758785502,1970.8824,41.09327074,-89.79757636
Senate,Illinois,State,Illinois,Stratton (D),Tracy (R),Stephenson County,17177,0.454642076049725,15010.875,42.35166558,-89.66268151
Senate,Illinois,State,Illinois,Stratton (D),Tracy (R),Tazewell County,17179,0.417562085053141,48599.5728,40.50758831,-89.51334003
Senate,Illinois,State,Illinois,Stratton (D),Tracy (R),Union County,17181,0.334619146930908,5911.1916,37.47114082,-89.25435617
Senate,Illinois,State,Illinois,Stratton (D),Tracy (R),Vermilion County,17183,0.372047202231455,21128.7618,40.18371674,-87.73292603
Senate,Illinois,State,Illinois,Stratton (D),Tracy (R),Wabash County,17185,0.279913395476285,3853.701,38.44634379,-87.84368093
Senate,Illinois,State,Illinois,Stratton (D),Tracy (R),Warren County,17187,0.42516378698625,5305.662,40.84888704,-90.61478203
Senate,Illinois,State,Illinois,Stratton (D),Tracy (R),Washington County,17189,0.263048448790003,5426.4768,38.35241923,-89.41050166
Senate,Illinois,State,Illinois,Stratton (D),Tracy (R),Wayne County,17191,0.194586188572061,5949.0372,38.42955355,-88.42586459
Senate,Illinois,State,Illinois,Stratton (D),Tracy (R),White County,17193,0.252539087448112,5077.1328,38.08714445,-88.18016372
Senate,Illinois,State,Illinois,Stratton (D),Tracy (R),Whiteside County,17195,0.478294149076402,18857.298,41.75598396,-89.91362191
Senate,Illinois,State,Illinois,Stratton (D),Tracy (R),Will County,17197,0.561398780301882,233293.3788,41.44485087,-87.97829555
Senate,Illinois,State,Illinois,Stratton (D),Tracy (R),Williamson County,17199,0.356882240960125,23708.8128,37.73040742,-88.93009646
Senate,Illinois,State,Illinois,Stratton (D),Tracy (R),Winnebago County,17201,0.556157846545053,86753.0322,42.33630888,-89.16084223
Senate,Illinois,State,Illinois,Stratton (D),Tracy (R),Woodford County,17203,0.339795680864402,15134.601,40.78829846,-89.21080819
Senate,Iowa,State,Iowa,Turek (D),Hinson (R),Adair County,19001,0.331997616043139,2912.6556,41.33075609,-94.47105874
Senate,Iowa,State,Iowa,Turek (D),Hinson (R),Adams County,19003,0.335836356013813,1523.2854,41.02903567,-94.69932645
Senate,Iowa,State,Iowa,Turek (D),Hinson (R),Allamakee County,19005,0.386705172768453,5245.2546,43.28400613,-91.37915589
Senate,Iowa,State,Iowa,Turek (D),Hinson (R),Appanoose County,19007,0.324483063460275,4650.642,40.74323979,-92.86861174
Senate,Iowa,State,Iowa,Turek (D),Hinson (R),Audubon County,19009,0.365281539408089,2317.3152,41.6844628,-94.90581859
Senate,Iowa,State,Iowa,Turek (D),Hinson (R),Benton County,19011,0.392310229892989,10398.8064,42.08011739,-92.06463573
Senate,Iowa,State,Iowa,Turek (D),Hinson (R),Black Hawk County,19013,0.566508425483015,45029.7138,42.47009403,-92.30867416
Senate,Iowa,State,Iowa,Turek (D),Hinson (R),Boone County,19015,0.451185835634151,10985.4132,42.0366177,-93.93139995
Senate,Iowa,State,Iowa,Turek (D),Hinson (R),Bremer County,19017,0.44831597043588,10458.486,42.77461496,-92.31795937
Senate,Iowa,State,Iowa,Turek (D),Hinson (R),Buchanan County,19019,0.417397223931502,7682.6568,42.47108244,-91.83745828
Senate,Iowa,State,Iowa,Turek (D),Hinson (R),Buena Vista County,19021,0.392260453374473,5403.1872,42.73545875,-95.15100162
Senate,Iowa,State,Iowa,Turek (D),Hinson (R),Butler County,19023,0.331067203348376,5769.9984,42.73172833,-92.79015971
Senate,Iowa,State,Iowa,Turek (D),Hinson (R),Calhoun County,19025,0.324334648480058,3665.2008,42.38521079,-94.64046046
Senate,Iowa,State,Iowa,Turek (D),Hinson (R),Carroll County,19027,0.348132158419074,7981.7826,42.03617207,-94.86032705
Senate,Iowa,State,Iowa,Turek (D),Hinson (R),Cass County,19029,0.353829232702341,5155.7352,41.33152905,-94.92806328
Senate,Iowa,State,Iowa,Turek (D),Hinson (R),Cedar County,19031,0.450026513682231,7616.427,41.77233777,-91.13246684
Senate,Iowa,State,Iowa,Turek (D),Hinson (R),Cerro Gordo County,19033,0.501471133646218,16435.1796,43.08177563,-93.2612239
Senate,Iowa,State,Iowa,Turek (D),Hinson (R),Cherokee County,19035,0.328731151422229,4373.3502,42.73538914,-95.62389402
Senate,Iowa,State,Iowa,Turek (D),Hinson (R),Chickasaw County,19037,0.372513681754798,4478.1534,43.06009652,-92.31766909
Senate,Iowa,State,Iowa,Turek (D),Hinson (R),Clarke County,19039,0.347806964490368,3205.959,41.02892087,-93.78516215
Senate,Iowa,State,Iowa,Turek (D),Hinson (R),Clay County,19041,0.341950151066333,6123.7092,43.08247182,-95.15096481
Senate,Iowa,State,Iowa,Turek (D),Hinson (R),Clayton County,19043,0.386021563948392,6748.1616,42.84452651,-91.34106377
Senate,Iowa,State,Iowa,Turek (D),Hinson (R),Clinton County,19045,0.46479783139885,17056.7208,41.89809865,-90.53221937
Senate,Iowa,State,Iowa,Turek (D),Hinson (R),Crawford County,19047,0.340998453702601,4703.7714,42.03718237,-95.3819718
Senate,Iowa,State,Iowa,Turek (D),Hinson (R),Dallas County,19049,0.53657864914741,44960.5728,41.68489264,-94.03970701
Senate,Iowa,State,Iowa,Turek (D),Hinson (R),Davis County,19051,0.28547324698567,2842.059,40.74775139,-92.41006563
Senate,Iowa,State,Iowa,Turek (D),Hinson (R),Decatur County,19053,0.321538423611001,2669.5704,40.73762219,-93.78630885
Senate,Iowa,State,Iowa,Turek (D),Hinson (R),Delaware County,19055,0.359569254837273,7250.3436,42.4713865,-91.36741055
Senate,Iowa,State,Iowa,Turek (D),Hinson (R),Des Moines County,19057,0.484307813659371,13630.9662,40.92294179,-91.18142629
Senate,Iowa,State,Iowa,Turek (D),Hinson (R),Dickinson County,19059,0.358411477392811,8058.2016,43.37782493,-95.15099401
Senate,Iowa,State,Iowa,Turek (D),Hinson (R),Dubuque County,19061,0.517121965420762,37793.9262,42.46858503,-90.88262627
Senate,Iowa,State,Iowa,Turek (D),Hinson (R),Emmet County,19063,0.338235155917913,3447.5886,43.37782281,-94.67861391
Senate,Iowa,State,Iowa,Turek (D),Hinson (R),Fayette County,19065,0.405803605687306,7029.8202,42.8627134,-91.84419994
Senate,Iowa,State,Iowa,Turek (D),Hinson (R),Floyd County,19067,0.430285171707241,5477.4228,43.0600053,-92.78940097
Senate,Iowa,State,Iowa,Turek (D),Hinson (R),Franklin County,19069,0.349397808981495,3510.9072,42.73270384,-93.26256925
Senate,Iowa,State,Iowa,Turek (D),Hinson (R),Fremont County,19071,0.334602232320967,2717.6052,40.74556682,-95.60475618
Senate,Iowa,State,Iowa,Turek (D),Hinson (R),Greene County,19073,0.393620419099442,3503.6292,42.03614551,-94.39658081
Senate,Iowa,State,Iowa,Turek (D),Hinson (R),Grundy County,19075,0.348363097261486,5106.9726,42.40195716,-92.7914653
Senate,Iowa,State,Iowa,Turek (D),Hinson (R),Guthrie County,19077,0.368109933716078,4672.476,41.68378965,-94.50111014
Senate,Iowa,State,Iowa,Turek (D),Hinson (R),Hamilton County,19079,0.392185529032943,5448.3108,42.38395377,-93.70672502
Senate,Iowa,State,Iowa,Turek (D),Hinson (R),Hancock County,19081,0.320575267821448,4264.1802,43.08178477,-93.73454884
Senate,Iowa,State,Iowa,Turek (D),Hinson (R),Hardin County,19083,0.366638332362433,6072.0354,42.38393029,-93.24040527
Senate,Iowa,State,Iowa,Turek (D),Hinson (R),Harrison County,19085,0.348048481917333,5684.8458,41.68336174,-95.81703481
Senate,Iowa,State,Iowa,Turek (D),Hinson (R),Henry County,19087,0.378102028327139,6866.0652,40.98760854,-91.54434433
Senate,Iowa,State,Iowa,Turek (D),Hinson (R),Howard County,19089,0.399619897867051,3475.9728,43.35677003,-92.31710205
Senate,Iowa,State,Iowa,Turek (D),Hinson (R),Humboldt County,19091,0.307537013743409,3643.3668,42.7764426,-94.20722537
Senate,Iowa,State,Iowa,Turek (D),Hinson (R),Ida County,19093,0.290269105819518,2617.8966,42.38696136,-95.51355387
Senate,Iowa,State,Iowa,Turek (D),Hinson (R),Iowa County,19095,0.419737649701848,6890.8104,41.68621637,-92.06369553
Senate,Iowa,State,Iowa,Turek (D),Hinson (R),Jackson County,19097,0.395846154136652,7744.5198,42.17178419,-90.57403934
Senate,Iowa,State,Iowa,Turek (D),Hinson (R),Jasper County,19099,0.420526454133921,14441.0076,41.6860352,-93.05376026
Senate,Iowa,State,Iowa,Turek (D),Hinson (R),Jefferson County,19101,0.525932401506322,5925.0198,41.03165465,-91.94862204
Senate,Iowa,State,Iowa,Turek (D),Hinson (R),Johnson County,19103,0.753485310965061,61814.2374,41.67150873,-91.58679259
Senate,Iowa,State,Iowa,Turek (D),Hinson (R),Jones County,19105,0.426922092106538,7832.5836,42.12118609,-91.13139641
Senate,Iowa,State,Iowa,Turek (D),Hinson (R),Keokuk County,19107,0.300216631535392,3703.0464,41.33649833,-92.1785067
Senate,Iowa,State,Iowa,Turek (D),Hinson (R),Kossuth County,19109,0.336912480493096,6016.7226,43.20413984,-94.20689787
Senate,Iowa,State,Iowa,Turek (D),Hinson (R),Lee County,19111,0.418548673573636,11507.2458,40.64219925,-91.47949968
Senate,Iowa,State,Iowa,Turek (D),Hinson (R),Linn County,19113,0.610888283897983,87769.041,42.07923082,-91.59809485
Senate,Iowa,State,Iowa,Turek (D),Hinson (R),Louisa County,19115,0.352892381930337,3685.5792,41.21843405,-91.25958262
Senate,Iowa,State,Iowa,Turek (D),Hinson (R),Lucas County,19117,0.316487970996981,3325.3182,41.02958964,-93.32780803
Senate,Iowa,State,Iowa,Turek (D),Hinson (R),Lyon County,19119,0.208422954370796,5037.8316,43.38111289,-96.2102221
Senate,Iowa,State,Iowa,Turek (D),Hinson (R),Madison County,19121,0.365333460276613,7184.8416,41.33081904,-94.01554631
Senate,Iowa,State,Iowa,Turek (D),Hinson (R),Mahaska County,19123,0.299598431733216,7848.5952,41.33521502,-92.64083907
Senate,Iowa,State,Iowa,Turek (D),Hinson (R),Marion County,19125,0.369110167640577,13986.1326,41.33445101,-93.09934783
Senate,Iowa,State,Iowa,Turek (D),Hinson (R),Marshall County,19127,0.481543086390153,12335.4822,42.03586837,-92.9990819
Senate,Iowa,State,Iowa,Turek (D),Hinson (R),Mills County,19129,0.362835832962733,5914.8306,41.03348848,-95.62136125
Senate,Iowa,State,Iowa,Turek (D),Hinson (R),Mitchell County,19131,0.402770998501408,4133.1762,43.35639379,-92.78887576
Senate,Iowa,State,Iowa,Turek (D),Hinson (R),Monona County,19133,0.331270477969959,3323.8626,42.05236881,-95.95997093
Senate,Iowa,State,Iowa,Turek (D),Hinson (R),Monroe County,19135,0.304666420462166,2988.3468,41.02988815,-92.8690667
Senate,Iowa,State,Iowa,Turek (D),Hinson (R),Montgomery County,19137,0.36259565302785,3634.6332,41.03018714,-95.15642896
Senate,Iowa,State,Iowa,Turek (D),Hinson (R),Muscatine County,19139,0.484719230860601,14093.1192,41.48388139,-91.11279575
Senate,Iowa,State,Iowa,Turek (D),Hinson (R),O'Brien County,19141,0.252930631894491,5404.6428,43.0836202,-95.62474725
Senate,Iowa,State,Iowa,Turek (D),Hinson (R),Osceola County,19143,0.235271435395262,2312.9484,43.37868127,-95.62422758
Senate,Iowa,State,Iowa,Turek (D),Hinson (R),Page County,19145,0.346228750856988,5249.6214,40.73917437,-95.15010031
Senate,Iowa,State,Iowa,Turek (D),Hinson (R),Palo Alto County,19147,0.332916570485331,3576.4092,43.08193849,-94.67824621
Senate,Iowa,State,Iowa,Turek (D),Hinson (R),Plymouth County,19149,0.286132753341907,10018.167,42.73735704,-96.21424951
Senate,Iowa,State,Iowa,Turek (D),Hinson (R),Pocahontas County,19151,0.286577096101577,2564.0394,42.73420133,-94.67862564
Senate,Iowa,State,Iowa,Turek (D),Hinson (R),Polk County,19153,0.61579252377327,183634.857,41.68547042,-93.57365396
Senate,Iowa,State,Iowa,Turek (D),Hinson (R),Pottawattamie County,19155,0.459418769516809,31879.8234,41.33661346,-95.54290277
Senate,Iowa,State,Iowa,Turek (D),Hinson (R),Poweshiek County,19157,0.474577318558293,7150.635,41.68657418,-92.53097077
Senate,Iowa,State,Iowa,Turek (D),Hinson (R),Ringgold County,19159,0.301115770874505,1930.8534,40.7351498,-94.24367465
Senate,Iowa,State,Iowa,Turek (D),Hinson (R),Sac County,19161,0.299824242718667,3922.1142,42.38624071,-95.10547892
Senate,Iowa,State,Iowa,Turek (D),Hinson (R),Scott County,19163,0.540866184980647,64377.549,41.63706131,-90.62318822
Senate,Iowa,State,Iowa,Turek (D),Hinson (R),Shelby County,19165,0.343116530147153,4665.9258,41.6850066,-95.31015553
Senate,Iowa,State,Iowa,Turek (D),Hinson (R),Sioux County,19167,0.201218982660542,13594.5762,43.08294203,-96.17809424
Senate,Iowa,State,Iowa,Turek (D),Hinson (R),Story County,19169,0.613286612263591,35247.354,42.03621213,-93.46499005
Senate,Iowa,State,Iowa,Turek (D),Hinson (R),Tama County,19171,0.423989908451793,6149.1822,42.07991767,-92.53266945
Senate,Iowa,State,Iowa,Turek (D),Hinson (R),Taylor County,19173,0.279208946380595,2217.6066,40.73748072,-94.69599224
Senate,Iowa,State,Iowa,Turek (D),Hinson (R),Union County,19175,0.377294332335212,4307.1204,41.0277278,-94.24234847
Senate,Iowa,State,Iowa,Turek (D),Hinson (R),Van Buren County,19177,0.278988616753841,2593.1514,40.75308722,-91.95043301
Senate,Iowa,State,Iowa,Turek (D),Hinson (R),Wapello County,19179,0.401224602549885,10462.125,41.03064984,-92.40954728
Senate,Iowa,State,Iowa,Turek (D),Hinson (R),Warren County,19181,0.455440429079753,23433.7044,41.33431116,-93.56121354
Senate,Iowa,State,Iowa,Turek (D),Hinson (R),Washington County,19183,0.437034839897925,8308.5648,41.33548743,-91.71758189
Senate,Iowa,State,Iowa,Turek (D),Hinson (R),Wayne County,19185,0.27014779803914,2233.6182,40.73965649,-93.32744042
Senate,Iowa,State,Iowa,Turek (D),Hinson (R),Webster County,19187,0.402698667191205,12002.1498,42.42794934,-94.18176099
Senate,Iowa,State,Iowa,Turek (D),Hinson (R),Winnebago County,19189,0.404907419031635,4035.651,43.3775066,-93.73407175
Senate,Iowa,State,Iowa,Turek (D),Hinson (R),Winneshiek County,19191,0.513561456186397,8550.1944,43.29085957,-91.84475831
Senate,Iowa,State,Iowa,Turek (D),Hinson (R),Woodbury County,19193,0.443997500130159,30650.5692,42.38966116,-96.04432637
Senate,Iowa,State,Iowa,Turek (D),Hinson (R),Worth County,19195,0.417725412812526,3073.4994,43.37747964,-93.26085274
Senate,Iowa,State,Iowa,Turek (D),Hinson (R),Wright County,19197,0.375411886144439,4092.4194,42.73305373,-93.73515113
Senate,Kansas,State,Kansas,Hamilton (D),Marshall* (R),Allen County,20001,0.334076108604088,3983.9772,37.88555459,-95.30115478
Senate,Kansas,State,Kansas,Hamilton (D),Marshall* (R),Anderson County,20003,0.267893869923105,2714.694,38.21396508,-95.29324204
Senate,Kansas,State,Kansas,Hamilton (D),Marshall* (R),Atchison County,20005,0.380340201387329,5176.1136,39.53158751,-95.31456305
Senate,Kansas,State,Kansas,Hamilton (D),Marshall* (R),Barber County,20007,0.192484994678664,1558.9476,37.22893536,-98.68457457
Senate,Kansas,State,Kansas,Hamilton (D),Marshall* (R),Barton County,20009,0.272990633670784,7577.8536,38.478934,-98.75632156
Senate,Kansas,State,Kansas,Hamilton (D),Marshall* (R),Bourbon County,20011,0.295043611989798,4692.1266,37.85500237,-94.84924767
Senate,Kansas,State,Kansas,Hamilton (D),Marshall* (R),Brown County,20013,0.320587263889622,3035.6538,39.8265096,-95.56422358
Senate,Kansas,State,Kansas,Hamilton (D),Marshall* (R),Butler County,20015,0.350221354160017,22981.0128,37.78134351,-96.83878537
Senate,Kansas,State,Kansas,Hamilton (D),Marshall* (R),Chase County,20017,0.308430424656567,1046.5764,38.30203945,-96.59423335
Senate,Kansas,State,Kansas,Hamilton (D),Marshall* (R),Chautauqua County,20019,0.19319618555417,1098.978,37.14997344,-96.24531969
Senate,Kansas,State,Kansas,Hamilton (D),Marshall* (R),Cherokee County,20021,0.301885415082277,6225.6012,37.16921917,-94.84624572
Senate,Kansas,State,Kansas,Hamilton (D),Marshall* (R),Cheyenne County,20023,0.209917902020624,1012.3698,39.78580547,-101.7318625
Senate,Kansas,State,Kansas,Hamilton (D),Marshall* (R),Clark County,20025,0.19667542284631,724.8888,37.23547247,-99.8196146
Senate,Kansas,State,Kansas,Hamilton (D),Marshall* (R),Clay County,20027,0.277134344567216,2923.5726,39.34944765,-97.16512523
Senate,Kansas,State,Kansas,Hamilton (D),Marshall* (R),Cloud County,20029,0.26398933784126,2900.283,39.48027303,-97.64919278
Senate,Kansas,State,Kansas,Hamilton (D),Marshall* (R),Coffey County,20031,0.279409259129714,3133.179,38.23677253,-95.73407587
Senate,Kansas,State,Kansas,Hamilton (D),Marshall* (R),Comanche County,20033,0.214129684832656,623.7246,37.19121917,-99.27105698
Senate,Kansas,State,Kansas,Hamilton (D),Marshall* (R),Cowley County,20035,0.366210362404964,9664.4562,37.23777562,-96.83732848
Senate,Kansas,State,Kansas,Hamilton (D),Marshall* (R),Crawford County,20037,0.442807864763573,11673.912,37.50702733,-94.85185156
Senate,Kansas,State,Kansas,Hamilton (D),Marshall* (R),Decatur County,20039,0.20817175519104,1042.2096,39.78469039,-100.4593928
Senate,Kansas,State,Kansas,Hamilton (D),Marshall* (R),Dickinson County,20041,0.28725995333149,6552.3834,38.86611825,-97.15266036
Senate,Kansas,State,Kansas,Hamilton (D),Marshall* (R),Doniphan County,20043,0.237344039092159,2565.495,39.78796644,-95.14683558
Senate,Kansas,State,Kansas,Hamilton (D),Marshall* (R),Douglas County,20045,0.751534306951118,41561.019,38.88451412,-95.29263542
Senate,Kansas,State,Kansas,Hamilton (D),Marshall* (R),Edwards County,20047,0.233059159397783,913.389,37.88763961,-99.31204845
Senate,Kansas,State,Kansas,Hamilton (D),Marshall* (R),Elk County,20049,0.212642869496375,956.3292,37.45338324,-96.24370891
Senate,Kansas,State,Kansas,Hamilton (D),Marshall* (R),Ellis County,20051,0.330118427947756,9646.2612,38.91458712,-99.31751551
Senate,Kansas,State,Kansas,Hamilton (D),Marshall* (R),Ellsworth County,20053,0.299116549001464,1975.2492,38.6967292,-98.20501891
Senate,Kansas,State,Kansas,Hamilton (D),Marshall* (R),Finney County,20055,0.401421999658553,7708.1298,38.04405338,-100.7376459
Senate,Kansas,State,Kansas,Hamilton (D),Marshall* (R),Ford County,20057,0.377315194974553,5878.4406,37.69182131,-99.88814767
Senate,Kansas,State,Kansas,Hamilton (D),Marshall* (R),Franklin County,20059,0.358579456963077,9060.3822,38.56442768,-95.28621552
Senate,Kansas,State,Kansas,Hamilton (D),Marshall* (R),Geary County,20061,0.478375631330719,6522.5436,39.00227253,-96.75251853
Senate,Kansas,State,Kansas,Hamilton (D),Marshall* (R),Gove County,20063,0.178254699305678,1002.1806,38.91587321,-100.4829436
Senate,Kansas,State,Kansas,Hamilton (D),Marshall* (R),Graham County,20065,0.233415098535794,920.667,39.34986711,-99.88334471
Senate,Kansas,State,Kansas,Hamilton (D),Marshall* (R),Grant County,20067,0.252725118037577,1592.4264,37.56227336,-101.3079758
Senate,Kansas,State,Kansas,Hamilton (D),Marshall* (R),Gray County,20069,0.207876220957231,1572.7758,37.73851836,-100.4379698
Senate,Kansas,State,Kansas,Hamilton (D),Marshall* (R),Greeley County,20071,0.194566271567056,425.763,38.48078179,-101.8060294
Senate,Kansas,State,Kansas,Hamilton (D),Marshall* (R),Greenwood County,20073,0.258511989064588,2066.952,37.87744513,-96.23264864
Senate,Kansas,State,Kansas,Hamilton (D),Marshall* (R),Hamilton County,20075,0.227782721912796,583.6956,37.9991797,-101.7915769
Senate,Kansas,State,Kansas,Hamilton (D),Marshall* (R),Harper County,20077,0.244507255418875,1826.0502,37.1917471,-98.07579639
Senate,Kansas,State,Kansas,Hamilton (D),Marshall* (R),Harvey County,20079,0.456894849583543,11494.1454,38.04321442,-97.42729333
Senate,Kansas,State,Kansas,Hamilton (D),Marshall* (R),Haskell County,20081,0.243212902625515,921.3948,37.56200432,-100.8710456
Senate,Kansas,State,Kansas,Hamilton (D),Marshall* (R),Hodgeman County,20083,0.209906101375321,693.5934,38.08784693,-99.89821264
Senate,Kansas,State,Kansas,Hamilton (D),Marshall* (R),Jackson County,20085,0.35498453295502,4625.8968,39.41641542,-95.79433878
Senate,Kansas,State,Kansas,Hamilton (D),Marshall* (R),Jefferson County,20087,0.385279388201708,7077.1272,39.23530705,-95.38360115
Senate,Kansas,State,Kansas,Hamilton (D),Marshall* (R),Jewell County,20089,0.183220375711492,1125.1788,39.7847206,-98.21822331
Senate,Kansas,State,Kansas,Hamilton (D),Marshall* (R),Johnson County,20091,0.594187704324356,245776.6044,38.88370015,-94.82256945
Senate,Kansas,State,Kansas,Hamilton (D),Marshall* (R),Kearny County,20093,0.224401438762947,927.2172,38.00024973,-101.3203923
Senate,Kansas,State,Kansas,Hamilton (D),Marshall* (R),Kingman County,20095,0.259878454095178,2818.0416,37.55911415,-98.13639393
Senate,Kansas,State,Kansas,Hamilton (D),Marshall* (R),Kiowa County,20097,0.192397158664725,794.7576,37.55841651,-99.28576492
Senate,Kansas,State,Kansas,Hamilton (D),Marshall* (R),Labette County,20099,0.375566927908255,5673.201,37.19127872,-95.29765463
Senate,Kansas,State,Kansas,Hamilton (D),Marshall* (R),Lane County,20101,0.198142376362733,596.796,38.48119447,-100.4660754
Senate,Kansas,State,Kansas,Hamilton (D),Marshall* (R),Leavenworth County,20103,0.446596713024807,26045.7786,39.19957457,-95.03795118
Senate,Kansas,State,Kansas,Hamilton (D),Marshall* (R),Lincoln County,20105,0.23291102170508,1079.3274,39.04547506,-98.20749
Senate,Kansas,State,Kansas,Hamilton (D),Marshall* (R),Linn County,20107,0.241935000608747,3600.4266,38.21238797,-94.84299061
Senate,Kansas,State,Kansas,Hamilton (D),Marshall* (R),Logan County,20109,0.196029899356514,996.3582,38.91735806,-101.148475
Senate,Kansas,State,Kansas,Hamilton (D),Marshall* (R),Lyon County,20111,0.49645241953716,9444.6606,38.45580918,-96.15280427
Senate,Kansas,State,Kansas,Hamilton (D),Marshall* (R),Marion County,20115,0.311122233796569,4178.2998,38.35899873,-97.09712874
Senate,Kansas,State,Kansas,Hamilton (D),Marshall* (R),Marshall County,20117,0.31363888849198,3529.1022,39.78357355,-96.52279918
Senate,Kansas,State,Kansas,Hamilton (D),Marshall* (R),McPherson County,20113,0.354005867854849,10070.5686,38.39187087,-97.64761598
Senate,Kansas,State,Kansas,Hamilton (D),Marshall* (R),Meade County,20119,0.208387122778938,1218.3372,37.23826363,-100.3655617
Senate,Kansas,State,Kansas,Hamilton (D),Marshall* (R),Miami County,20121,0.358984879694615,13337.6628,38.56363954,-94.83822279
Senate,Kansas,State,Kansas,Hamilton (D),Marshall* (R),Mitchell County,20123,0.232663889316234,2282.3808,39.39334518,-98.20900663
Senate,Kansas,State,Kansas,Hamilton (D),Marshall* (R),Montgomery County,20125,0.298370288382546,8894.4438,37.19252895,-95.74280727
Senate,Kansas,State,Kansas,Hamilton (D),Marshall* (R),Morris County,20127,0.332436228049341,1995.6276,38.68742242,-96.64983521
Senate,Kansas,State,Kansas,Hamilton (D),Marshall* (R),Morton County,20129,0.187243672751784,756.912,37.19140392,-101.7992367
Senate,Kansas,State,Kansas,Hamilton (D),Marshall* (R),Nemaha County,20131,0.226906863149804,4034.1954,39.78343169,-96.01393095
Senate,Kansas,State,Kansas,Hamilton (D),Marshall* (R),Neosho County,20133,0.325334754694869,4844.9646,37.5582728,-95.30682401
Senate,Kansas,State,Kansas,Hamilton (D),Marshall* (R),Ness County,20135,0.15799414388424,970.8852,38.47974157,-99.91547333
Senate,Kansas,State,Kansas,Hamilton (D),Marshall* (R),Norton County,20137,0.211650001511418,1621.5384,39.78448106,-99.90284946
Senate,Kansas,State,Kansas,Hamilton (D),Marshall* (R),Osage County,20139,0.328351585854322,5590.9596,38.65235984,-95.72707998
Senate,Kansas,State,Kansas,Hamilton (D),Marshall* (R),Osborne County,20141,0.215557505150499,1264.9164,39.3503437,-98.76753828
Senate,Kansas,State,Kansas,Hamilton (D),Marshall* (R),Ottawa County,20143,0.224814326518841,2147.7378,39.13237408,-97.65020313
Senate,Kansas,State,Kansas,Hamilton (D),Marshall* (R),Pawnee County,20145,0.29982499555274,1912.6584,38.18106307,-99.23682021
Senate,Kansas,State,Kansas,Hamilton (D),Marshall* (R),Phillips County,20147,0.182633199822521,1955.5986,39.78462799,-99.34669372
Senate,Kansas,State,Kansas,Hamilton (D),Marshall* (R),Pottawatomie County,20149,0.316887107673307,9610.599,39.37903349,-96.34276557
Senate,Kansas,State,Kansas,Hamilton (D),Marshall* (R),Pratt County,20151,0.298153182670415,2917.0224,37.6478469,-98.73915959
Senate,Kansas,State,Kansas,Hamilton (D),Marshall* (R),Rawlins County,20153,0.193404514283899,997.086,39.78524494,-101.07618
Senate,Kansas,State,Kansas,Hamilton (D),Marshall* (R),Reno County,20155,0.386111125132184,19214.6478,37.95303921,-98.08586348
Senate,Kansas,State,Kansas,Hamilton (D),Marshall* (R),Republic County,20157,0.219833792221342,1744.5366,39.8279368,-97.65034285
Senate,Kansas,State,Kansas,Hamilton (D),Marshall* (R),Rice County,20159,0.282813540786478,2836.9644,38.34721983,-98.20053402
Senate,Kansas,State,Kansas,Hamilton (D),Marshall* (R),Riley County,20161,0.570047682834364,17243.7654,39.29629774,-96.7350396
Senate,Kansas,State,Kansas,Hamilton (D),Marshall* (R),Rooks County,20163,0.195305141945299,1820.9556,39.35022485,-99.3248686
Senate,Kansas,State,Kansas,Hamilton (D),Marshall* (R),Rush County,20165,0.232675519508833,1149.1962,38.52275276,-99.30863983
Senate,Kansas,State,Kansas,Hamilton (D),Marshall* (R),Russell County,20167,0.246727248926778,2358.072,38.91467637,-98.76247878
Senate,Kansas,State,Kansas,Hamilton (D),Marshall* (R),Saline County,20169,0.405064498392388,16596.0234,38.78394989,-97.65012272
Senate,Kansas,State,Kansas,Hamilton (D),Marshall* (R),Scott County,20171,0.181869722217984,1521.8298,38.48220778,-100.9066618
Senate,Kansas,State,Kansas,Hamilton (D),Marshall* (R),Sedgwick County,20173,0.492316428728657,153292.1472,37.68448116,-97.46083703
Senate,Kansas,State,Kansas,Hamilton (D),Marshall* (R),Seward County,20175,0.382834315040469,3265.6386,37.19327656,-100.850601
Senate,Kansas,State,Kansas,Hamilton (D),Marshall* (R),Shawnee County,20177,0.567537180816831,58376.1102,39.04138192,-95.75652721
Senate,Kansas,State,Kansas,Hamilton (D),Marshall* (R),Sheridan County,20179,0.158298484736668,986.169,39.35018161,-100.4418259
Senate,Kansas,State,Kansas,Hamilton (D),Marshall* (R),Sherman County,20181,0.207478946436356,1848.612,39.35147377,-101.7197684
Senate,Kansas,State,Kansas,Hamilton (D),Marshall* (R),Smith County,20183,0.21592057774427,1437.405,39.78517466,-98.78566877
Senate,Kansas,State,Kansas,Hamilton (D),Marshall* (R),Stafford County,20185,0.235293606056369,1363.8972,38.03102509,-98.71763136
Senate,Kansas,State,Kansas,Hamilton (D),Marshall* (R),Stanton County,20187,0.234047808638128,474.5256,37.56304856,-101.7842716
Senate,Kansas,State,Kansas,Hamilton (D),Marshall* (R),Stevens County,20189,0.179027835981626,1313.679,37.19230822,-101.3119048
Senate,Kansas,State,Kansas,Hamilton (D),Marshall* (R),Sumner County,20191,0.309746529723235,7523.2686,37.2369258,-97.476759
Senate,Kansas,State,Kansas,Hamilton (D),Marshall* (R),Thomas County,20193,0.22736034423435,2622.9912,39.35107575,-101.0553705
Senate,Kansas,State,Kansas,Hamilton (D),Marshall* (R),Trego County,20195,0.213845390476556,1134.6402,38.91467218,-99.87284448
Senate,Kansas,State,Kansas,Hamilton (D),Marshall* (R),Wabaunsee County,20197,0.31510793372381,2736.528,38.95324678,-96.20480435
Senate,Kansas,State,Kansas,Hamilton (D),Marshall* (R),Wallace County,20199,0.121394018500087,537.1164,38.91690628,-101.7637347
Senate,Kansas,State,Kansas,Hamilton (D),Marshall* (R),Washington County,20201,0.215652439562967,1935.2202,39.78417855,-97.08751558
Senate,Kansas,State,Kansas,Hamilton (D),Marshall* (R),Wichita County,20203,0.195347767687566,616.4466,38.48178252,-101.3471509
Senate,Kansas,State,Kansas,Hamilton (D),Marshall* (R),Wilson County,20205,0.253611457343395,2577.1398,37.55937174,-95.74323255
Senate,Kansas,State,Kansas,Hamilton (D),Marshall* (R),Woodson County,20207,0.264851012618446,1082.2386,37.88668091,-95.74071995
Senate,Kansas,State,Kansas,Hamilton (D),Marshall* (R),Wyandotte County,20209,0.69838796916217,36248.079,39.11438143,-94.76482929
Senate,Kentucky,State,Kentucky,Booker (D),Barr (R),Adair County,21001,0.20804600099936,6477.42,37.1039252,-85.28062533
Senate,Kentucky,State,Kentucky,Booker (D),Barr (R),Allen County,21003,0.228134946790002,6789.6462,36.75097491,-86.19069857
Senate,Kentucky,State,Kentucky,Booker (D),Barr (R),Anderson County,21005,0.317353693038551,9371.1528,38.00378449,-84.99140593
Senate,Kentucky,State,Kentucky,Booker (D),Barr (R),Ballard County,21007,0.239848774840896,2931.5784,37.05854425,-88.99943791
Senate,Kentucky,State,Kentucky,Booker (D),Barr (R),Barren County,21009,0.299908493655598,14253.2352,36.96546022,-85.93377067
Senate,Kentucky,State,Kentucky,Booker (D),Barr (R),Bath County,21011,0.307080773523552,3871.1682,38.14480167,-83.74265272
Senate,Kentucky,State,Kentucky,Booker (D),Barr (R),Bell County,21013,0.220215451348585,6732.15,36.73094679,-83.67369514
Senate,Kentucky,State,Kentucky,Booker (D),Barr (R),Boone County,21015,0.377763842867,48217.4778,38.96984373,-84.72794553
Senate,Kentucky,State,Kentucky,Booker (D),Barr (R),Bourbon County,21017,0.396302150083171,6820.9416,38.20656118,-84.21645396
Senate,Kentucky,State,Kentucky,Booker (D),Barr (R),Boyd County,21019,0.371399955887985,15031.9812,38.35908957,-82.68775539
Senate,Kentucky,State,Kentucky,Booker (D),Barr (R),Boyle County,21021,0.419485146657011,10297.6422,37.62427782,-84.86612061
Senate,Kentucky,State,Kentucky,Booker (D),Barr (R),Bracken County,21023,0.23798780746476,2984.7078,38.68873502,-84.08972896
Senate,Kentucky,State,Kentucky,Booker (D),Barr (R),Breathitt County,21025,0.265698493739925,3666.6564,37.5214728,-83.32358216
Senate,Kentucky,State,Kentucky,Booker (D),Barr (R),Breckinridge County,21027,0.272253594330277,7219.776,37.7732385,-86.42936466
Senate,Kentucky,State,Kentucky,Booker (D),Barr (R),Bullitt County,21029,0.308243616482648,30988.9962,37.97000785,-85.69808753
Senate,Kentucky,State,Kentucky,Booker (D),Barr (R),Butler County,21031,0.231205275926144,4272.186,37.20710749,-86.68145677
Senate,Kentucky,State,Kentucky,Booker (D),Barr (R),Caldwell County,21033,0.27217302828458,4451.2248,37.14556161,-87.86831993
Senate,Kentucky,State,Kentucky,Booker (D),Barr (R),Calloway County,21035,0.373777012910147,12117.87,36.62088413,-88.27216962
Senate,Kentucky,State,Kentucky,Booker (D),Barr (R),Campbell County,21037,0.466624399767913,34499.1756,38.94658952,-84.3791722
Senate,Kentucky,State,Kentucky,Booker (D),Barr (R),Carlisle County,21039,0.224339003472138,1885.002,36.85297172,-88.97055515
Senate,Kentucky,State,Kentucky,Booker (D),Barr (R),Carroll County,21041,0.30895236427358,2894.4606,38.66814643,-85.12373313
Senate,Kentucky,State,Kentucky,Booker (D),Barr (R),Carter County,21043,0.271045381757463,8213.9508,38.31813851,-83.0504524
Senate,Kentucky,State,Kentucky,Booker (D),Barr (R),Casey County,21045,0.181339960473095,5109.156,37.32208002,-84.92860405
Senate,Kentucky,State,Kentucky,Booker (D),Barr (R),Christian County,21047,0.396683333454285,15565.4586,36.89391023,-87.49033769
Senate,Kentucky,State,Kentucky,Booker (D),Barr (R),Clark County,21049,0.387408147029086,12801.2742,37.97054025,-84.14820158
Senate,Kentucky,State,Kentucky,Booker (D),Barr (R),Clay County,21051,0.160058934233168,5401.0038,37.15962402,-83.71435179
Senate,Kentucky,State,Kentucky,Booker (D),Barr (R),Clinton County,21053,0.180592429362869,3511.635,36.7275894,-85.13646367
Senate,Kentucky,State,Kentucky,Booker (D),Barr (R),Crittenden County,21055,0.220461802324277,2879.9046,37.35257485,-88.09694438
Senate,Kentucky,State,Kentucky,Booker (D),Barr (R),Cumberland County,21057,0.208660266207497,2478.159,36.78661047,-85.38857248
Senate,Kentucky,State,Kentucky,Booker (D),Barr (R),Daviess County,21059,0.404750448720359,33753.9084,37.73176143,-87.08762263
Senate,Kentucky,State,Kentucky,Booker (D),Barr (R),Edmonson County,21061,0.24812694506741,4487.6148,37.20904677,-86.23847919
Senate,Kentucky,State,Kentucky,Booker (D),Barr (R),Elliott County,21063,0.252369864568921,2086.6026,38.11810953,-83.09731571
Senate,Kentucky,State,Kentucky,Booker (D),Barr (R),Estill County,21065,0.246342680914977,4515.999,37.6925357,-83.96441737
Senate,Kentucky,State,Kentucky,Booker (D),Barr (R),Fayette County,21067,0.659325003238503,102426.2052,38.04287124,-84.4589719
Senate,Kentucky,State,Kentucky,Booker (D),Barr (R),Fleming County,21069,0.259807731128365,5030.5536,38.37035302,-83.69658812
Senate,Kentucky,State,Kentucky,Booker (D),Barr (R),Floyd County,21071,0.265744211147573,11198.6586,37.55729538,-82.74545562
Senate,Kentucky,State,Kentucky,Booker (D),Barr (R),Franklin County,21073,0.542049725841762,18371.1276,38.23894371,-84.87704049
Senate,Kentucky,State,Kentucky,Booker (D),Barr (R),Fulton County,21075,0.3658227398783,1548.0306,36.55403726,-89.18729157
Senate,Kentucky,State,Kentucky,Booker (D),Barr (R),Gallatin County,21077,0.263450872816565,2816.586,38.7573309,-84.85966506
Senate,Kentucky,State,Kentucky,Booker (D),Barr (R),Garrard County,21079,0.262040028907405,6408.279,37.63999075,-84.53826255
Senate,Kentucky,State,Kentucky,Booker (D),Barr (R),Grant County,21081,0.238602198647316,8235.7848,38.64914531,-84.62407384
Senate,Kentucky,State,Kentucky,Booker (D),Barr (R),Graves County,21083,0.255185948388123,11996.3274,36.72303717,-88.65114084
Senate,Kentucky,State,Kentucky,Booker (D),Barr (R),Grayson County,21085,0.253917622334976,8693.571,37.46094872,-86.34376166
Senate,Kentucky,State,Kentucky,Booker (D),Barr (R),Green County,21087,0.201289839580325,4232.157,37.26369627,-85.55273508
Senate,Kentucky,State,Kentucky,Booker (D),Barr (R),Greenup County,21089,0.31071390780294,12475.9476,38.5461641,-82.92215371
Senate,Kentucky,State,Kentucky,Booker (D),Barr (R),Hancock County,21091,0.324725613225502,3310.0344,37.84153525,-86.77804483
Senate,Kentucky,State,Kentucky,Booker (D),Barr (R),Hardin County,21093,0.417584747492583,34384.1832,37.69820941,-85.96366674
Senate,Kentucky,State,Kentucky,Booker (D),Barr (R),Harlan County,21095,0.183127469303677,7502.1624,36.85707442,-83.21750489
Senate,Kentucky,State,Kentucky,Booker (D),Barr (R),Harrison County,21097,0.321190099851536,6480.3312,38.44203171,-84.33134658
Senate,Kentucky,State,Kentucky,Booker (D),Barr (R),Hart County,21099,0.263857927858457,6064.7574,37.29970852,-85.88446619
Senate,Kentucky,State,Kentucky,Booker (D),Barr (R),Henderson County,21101,0.418706695281798,14140.4262,37.79602818,-87.57345471
Senate,Kentucky,State,Kentucky,Booker (D),Barr (R),Henry County,21103,0.300394951603557,5786.01,38.44849046,-85.11897835
Senate,Kentucky,State,Kentucky,Booker (D),Barr (R),Hickman County,21105,0.2590051678944,1491.99,36.67806433,-88.97605071
Senate,Kentucky,State,Kentucky,Booker (D),Barr (R),Hopkins County,21107,0.30925222180746,14757.6006,37.30862563,-87.54131507
Senate,Kentucky,State,Kentucky,Booker (D),Barr (R),Jackson County,21109,0.153099268316986,4267.8192,37.41979135,-84.00617165
Senate,Kentucky,State,Kentucky,Booker (D),Barr (R),Jefferson County,21111,0.650977376643393,253000.0194,38.18834895,-85.65772828
Senate,Kentucky,State,Kentucky,Booker (D),Barr (R),Jessamine County,21113,0.384239414754588,19037.0646,37.87235886,-84.58031888
Senate,Kentucky,State,Kentucky,Booker (D),Barr (R),Johnson County,21115,0.208915309101075,6914.1,37.84737334,-82.831038
Senate,Kentucky,State,Kentucky,Booker (D),Barr (R),Kenton County,21117,0.455937821689369,57716.7234,38.93368118,-84.53313887
Senate,Kentucky,State,Kentucky,Booker (D),Barr (R),Knott County,21119,0.266539455718252,4303.4814,37.35406197,-82.95432904
Senate,Kentucky,State,Kentucky,Booker (D),Barr (R),Knox County,21121,0.206897744996953,9460.6722,36.89050509,-83.8543202
Senate,Kentucky,State,Kentucky,Booker (D),Barr (R),LaRue County,21123,0.260750286099561,5212.5036,37.54557718,-85.69858421
Senate,Kentucky,State,Kentucky,Booker (D),Barr (R),Laurel County,21125,0.21332766652896,20053.0734,37.11047425,-84.1176508
Senate,Kentucky,State,Kentucky,Booker (D),Barr (R),Lawrence County,21127,0.227227993085159,4736.5224,38.06766833,-82.73464321
Senate,Kentucky,State,Kentucky,Booker (D),Barr (R),Lee County,21129,0.221006779706948,1916.2974,37.59456493,-83.71573518
Senate,Kentucky,State,Kentucky,Booker (D),Barr (R),Leslie County,21131,0.155854334987469,3122.262,37.0939886,-83.38100797
Senate,Kentucky,State,Kentucky,Booker (D),Barr (R),Letcher County,21133,0.242246529988936,6044.379,37.12125569,-82.85515105
Senate,Kentucky,State,Kentucky,Booker (D),Barr (R),Lewis County,21135,0.184415555390469,4121.5314,38.53155019,-83.37804652
Senate,Kentucky,State,Kentucky,Booker (D),Barr (R),Lincoln County,21137,0.257408414860985,7942.4814,37.45485594,-84.66076388
Senate,Kentucky,State,Kentucky,Booker (D),Barr (R),Livingston County,21139,0.247368431922393,3571.3146,37.20997298,-88.35351775
Senate,Kentucky,State,Kentucky,Booker (D),Barr (R),Logan County,21141,0.288114886480658,8991.2412,36.8597188,-86.87901935
Senate,Kentucky,State,Kentucky,Booker (D),Barr (R),Lyon County,21143,0.296445047151785,3010.9086,37.01910678,-88.0827506
Senate,Kentucky,State,Kentucky,Booker (D),Barr (R),McCracken County,21151,0.389923552601392,22954.812,37.71989076,-84.27808893
Senate,Kentucky,State,Kentucky,Booker (D),Barr (R),McCreary County,21153,0.170666170376103,4491.9816,37.7063116,-83.06414674
Senate,Kentucky,State,Kentucky,Booker (D),Barr (R),McLean County,21155,0.283363582181411,3323.8626,37.55262162,-85.26954479
Senate,Kentucky,State,Kentucky,Booker (D),Barr (R),Madison County,21157,0.409396369572158,32248.818,36.88327592,-88.32927113
Senate,Kentucky,State,Kentucky,Booker (D),Barr (R),Magoffin County,21159,0.241718647059209,3782.3766,37.80090718,-82.51414497
Senate,Kentucky,State,Kentucky,Booker (D),Barr (R),Marion County,21161,0.346467290545895,6540.0108,38.59510651,-83.82396293
Senate,Kentucky,State,Kentucky,Booker (D),Barr (R),Marshall County,21145,0.279735176863362,12646.9806,37.05384925,-88.71249008
Senate,Kentucky,State,Kentucky,Booker (D),Barr (R),Martin County,21147,0.145873406824723,2641.914,36.73699245,-84.48377645
Senate,Kentucky,State,Kentucky,Booker (D),Barr (R),Mason County,21149,0.345336550884779,5670.2898,37.52904105,-87.26331417
Senate,Kentucky,State,Kentucky,Booker (D),Barr (R),Meade County,21163,0.302556684810101,10122.9702,37.96966338,-86.21698223
Senate,Kentucky,State,Kentucky,Booker (D),Barr (R),Menifee County,21165,0.272573913312254,2348.6106,37.94154655,-83.59900123
Senate,Kentucky,State,Kentucky,Booker (D),Barr (R),Mercer County,21167,0.310122803144826,8489.0592,37.81116654,-84.87436107
Senate,Kentucky,State,Kentucky,Booker (D),Barr (R),Metcalfe County,21169,0.240791545647963,3697.9518,36.99052063,-85.62919821
Senate,Kentucky,State,Kentucky,Booker (D),Barr (R),Monroe County,21171,0.176419941280954,3824.589,36.71217333,-85.71679611
Senate,Kentucky,State,Kentucky,Booker (D),Barr (R),Montgomery County,21173,0.330367959014196,9192.8418,38.03256472,-83.91291351
Senate,Kentucky,State,Kentucky,Booker (D),Barr (R),Morgan County,21175,0.244247687666536,3851.5176,37.92214018,-83.25778159
Senate,Kentucky,State,Kentucky,Booker (D),Barr (R),Muhlenberg County,21177,0.291937455648476,9853.6842,37.21592449,-87.1426872
Senate,Kentucky,State,Kentucky,Booker (D),Barr (R),Nelson County,21179,0.355505929312702,16424.2626,37.80489242,-85.46601953
Senate,Kentucky,State,Kentucky,Booker (D),Barr (R),Nicholas County,21181,0.318413099378295,2383.545,38.33536589,-84.01542795
Senate,Kentucky,State,Kentucky,Booker (D),Barr (R),Ohio County,21183,0.261184871896953,7840.5894,37.47818665,-86.84842961
Senate,Kentucky,State,Kentucky,Booker (D),Barr (R),Oldham County,21185,0.451612461311764,27239.3706,38.39974783,-85.44866529
Senate,Kentucky,State,Kentucky,Booker (D),Barr (R),Owen County,21187,0.249030628753951,3946.1316,38.52025251,-84.82790284
Senate,Kentucky,State,Kentucky,Booker (D),Barr (R),Owsley County,21189,0.177860374170751,1330.4184,37.41974744,-83.68320054
Senate,Kentucky,State,Kentucky,Booker (D),Barr (R),Pendleton County,21191,0.244672753572167,4951.2234,38.69570469,-84.36004407
Senate,Kentucky,State,Kentucky,Booker (D),Barr (R),Perry County,21193,0.265818042703986,7189.9362,37.24414459,-83.22147321
Senate,Kentucky,State,Kentucky,Booker (D),Barr (R),Pike County,21195,0.236576801183806,17255.4102,37.46909859,-82.39537783
Senate,Kentucky,State,Kentucky,Booker (D),Barr (R),Powell County,21197,0.289749658552371,3832.5948,37.83036747,-83.82298076
Senate,Kentucky,State,Kentucky,Booker (D),Barr (R),Pulaski County,21199,0.237213204977636,22854.3756,37.10380837,-84.57709045
Senate,Kentucky,State,Kentucky,Booker (D),Barr (R),Robertson County,21201,0.257075532668844,822.414,38.51778393,-84.0518799
Senate,Kentucky,State,Kentucky,Booker (D),Barr (R),Rockcastle County,21203,0.196189392485629,5546.5638,37.36491193,-84.31621513
Senate,Kentucky,State,Kentucky,Booker (D),Barr (R),Rowan County,21205,0.425689320768067,7065.4824,38.19625131,-83.42085187
Senate,Kentucky,State,Kentucky,Booker (D),Barr (R),Russell County,21207,0.202833623363266,6420.6516,36.99115809,-85.05838705
Senate,Kentucky,State,Kentucky,Booker (D),Barr (R),Scott County,21209,0.425843142223268,21286.6944,38.29156708,-84.58344665
Senate,Kentucky,State,Kentucky,Booker (D),Barr (R),Shelby County,21211,0.390327293027306,17596.7484,38.21556092,-85.19489586
Senate,Kentucky,State,Kentucky,Booker (D),Barr (R),Simpson County,21213,0.344420951673309,6299.8368,36.74196569,-86.58284235
Senate,Kentucky,State,Kentucky,Booker (D),Barr (R),Spencer County,21215,0.279735455923783,8254.7076,38.03276996,-85.32910919
Senate,Kentucky,State,Kentucky,Booker (D),Barr (R),Taylor County,21217,0.279720203807466,8805.6522,37.36660665,-85.32791474
Senate,Kentucky,State,Kentucky,Booker (D),Barr (R),Todd County,21219,0.274517555824603,3682.668,36.8358203,-87.17903216
Senate,Kentucky,State,Kentucky,Booker (D),Barr (R),Trigg County,21221,0.301499613731439,5169.5634,36.80638303,-87.87327174
Senate,Kentucky,State,Kentucky,Booker (D),Barr (R),Trimble County,21223,0.286258452980745,3061.1268,38.61269613,-85.33714572
Senate,Kentucky,State,Kentucky,Booker (D),Barr (R),Union County,21225,0.27155682849374,4354.4274,37.65840762,-87.94548669
Senate,Kentucky,State,Kentucky,Booker (D),Barr (R),Warren County,21227,0.443461752632257,40703.6706,36.9932296,-86.42358976
Senate,Kentucky,State,Kentucky,Booker (D),Barr (R),Washington County,21229,0.311972368028579,4550.9334,37.75352228,-85.17499676
Senate,Kentucky,State,Kentucky,Booker (D),Barr (R),Wayne County,21231,0.233804379237964,6293.2866,36.80107637,-84.8286438
Senate,Kentucky,State,Kentucky,Booker (D),Barr (R),Webster County,21233,0.276751779373624,3997.0776,37.51850288,-87.68319621
Senate,Kentucky,State,Kentucky,Booker (D),Barr (R),Whitley County,21235,0.216702836079873,10861.6872,36.75824851,-84.14488393
Senate,Kentucky,State,Kentucky,Booker (D),Barr (R),Wolfe County,21237,0.308394898678103,2075.6856,37.73906786,-83.49332409
Senate,Kentucky,State,Kentucky,Booker (D),Barr (R),Woodford County,21239,0.494127915475865,10699.3878,38.04257558,-84.74341301
Senate,Louisiana,State,Louisiana,Davis (D),Letlow (R),Acadia Parish,22001,0.236346554072012,19270.6884,30.29064732,-92.41163568
Senate,Louisiana,State,Louisiana,Davis (D),Letlow (R),Allen Parish,22003,0.250742370888733,6305.6592,30.65238675,-92.82796914
Senate,Louisiana,State,Louisiana,Davis (D),Letlow (R),Ascension Parish,22005,0.386432192766269,44710.2096,30.20335229,-90.91101939
Senate,Louisiana,State,Louisiana,Davis (D),Letlow (R),Assumption Parish,22007,0.378783346252421,7449.7608,29.90081675,-91.06263132
Senate,Louisiana,State,Louisiana,Davis (D),Letlow (R),Avoyelles Parish,22009,0.340612969467914,11527.6242,31.07634786,-92.001673
Senate,Louisiana,State,Louisiana,Davis (D),Letlow (R),Beauregard Parish,22011,0.19868295105313,11423.5488,30.64776149,-93.3436646
Senate,Louisiana,State,Louisiana,Davis (D),Letlow (R),Bienville Parish,22013,0.467848789925809,4505.8098,32.34717134,-93.05594858
Senate,Louisiana,State,Louisiana,Davis (D),Letlow (R),Bossier Parish,22015,0.339549973617034,37534.1016,32.67882745,-93.60428557
Senate,Louisiana,State,Louisiana,Davis (D),Letlow (R),Caddo Parish,22017,0.582563044500566,67929.213,32.5802177,-93.88236667
Senate,Louisiana,State,Louisiana,Davis (D),Letlow (R),Calcasieu Parish,22019,0.358071820684373,58210.8996,30.22942198,-93.35798129
Senate,Louisiana,State,Louisiana,Davis (D),Letlow (R),Caldwell Parish,22021,0.193787900482625,3132.4512,32.09226466,-92.11667519
Senate,Louisiana,State,Louisiana,Davis (D),Letlow (R),Cameron Parish,22023,0.124618035721122,2430.1242,29.87556075,-93.19458209
Senate,Louisiana,State,Louisiana,Davis (D),Letlow (R),Catahoula Parish,22025,0.304513556550163,3142.6404,31.66623485,-91.84692484
Senate,Louisiana,State,Louisiana,Davis (D),Letlow (R),Claiborne Parish,22027,0.447677340371017,4192.8558,32.82277025,-92.99565971
Senate,Louisiana,State,Louisiana,Davis (D),Letlow (R),Concordia Parish,22029,0.41069794075847,5583.6816,31.44577009,-91.63992436
Senate,Louisiana,State,Louisiana,Davis (D),Letlow (R),DeSoto Parish,22031,0.380103166928428,10032.723,32.05510725,-93.73783029
Senate,Louisiana,State,Louisiana,Davis (D),Letlow (R),East Baton Rouge Parish,22033,0.615585770758114,135763.812,30.53801719,-91.0956724
Senate,Louisiana,State,Louisiana,Davis (D),Letlow (R),East Carroll Parish,22035,0.648716622992747,1651.3782,32.73239582,-91.2350757
Senate,Louisiana,State,Louisiana,Davis (D),Letlow (R),East Feliciana Parish,22037,0.446556242854659,7153.5462,30.8451603,-91.04553925
Senate,Louisiana,State,Louisiana,Davis (D),Letlow (R),Evangeline Parish,22039,0.310724874881187,10195.7502,30.72890813,-92.40566294
Senate,Louisiana,State,Louisiana,Davis (D),Letlow (R),Franklin Parish,22041,0.310864398555679,6346.416,32.13329548,-91.67348178
Senate,Louisiana,State,Louisiana,Davis (D),Letlow (R),Grant Parish,22043,0.170676212551929,6492.7038,31.59947973,-92.55919242
Senate,Louisiana,State,Louisiana,Davis (D),Letlow (R),Iberia Parish,22045,0.3865842492498,21117.117,29.89484111,-91.73103405
Senate,Louisiana,State,Louisiana,Davis (D),Letlow (R),Iberville Parish,22047,0.555292516526201,11003.6082,30.25819586,-91.3485086
Senate,Louisiana,State,Louisiana,Davis (D),Letlow (R),Jackson Parish,22049,0.318304350674068,5198.6754,32.30210344,-92.55780791
Senate,Louisiana,State,Louisiana,Davis (D),Letlow (R),Jefferson Parish,22051,0.492916130151142,127030.9398,29.74131251,-90.11275154
Senate,Louisiana,State,Louisiana,Davis (D),Letlow (R),Jefferson Davis Parish,22053,0.24940831870545,10318.0206,30.26796744,-92.8140461
Senate,Louisiana,State,Louisiana,Davis (D),Letlow (R),Lafayette Parish,22055,0.399485859388618,79459.0206,30.20738593,-92.0636004
Senate,Louisiana,State,Louisiana,Davis (D),Letlow (R),Lafourche Parish,22057,0.24482989057083,30804.135,29.55797842,-90.41865517
Senate,Louisiana,State,Louisiana,Davis (D),Letlow (R),LaSalle Parish,22059,0.142147210093329,4780.9182,31.67707521,-92.16043106
Senate,Louisiana,State,Louisiana,Davis (D),Letlow (R),Lincoln Parish,22061,0.429770794911617,13009.425,32.60149394,-92.66473671
Senate,Louisiana,State,Louisiana,Davis (D),Letlow (R),Livingston Parish,22063,0.212181720106669,47355.0348,30.44023061,-90.72765311
Senate,Louisiana,State,Louisiana,Davis (D),Letlow (R),Madison Parish,22065,0.590501617388632,2867.532,32.36512426,-91.24181996
Senate,Louisiana,State,Louisiana,Davis (D),Letlow (R),Morehouse Parish,22067,0.46107587983572,7255.4382,32.82009241,-91.80211171
Senate,Louisiana,State,Louisiana,Davis (D),Letlow (R),Natchitoches Parish,22069,0.445821989000546,10800.552,31.72373065,-93.09649471
Senate,Louisiana,State,Louisiana,Davis (D),Letlow (R),Orleans Parish,22071,0.903290455146518,112712.9304,30.06918821,-89.92833674
Senate,Louisiana,State,Louisiana,Davis (D),Letlow (R),Ouachita Parish,22073,0.417928566852337,46326.6534,32.47822702,-92.15486108
Senate,Louisiana,State,Louisiana,Davis (D),Letlow (R),Plaquemines Parish,22075,0.366682701242615,7151.3628,29.43435182,-89.62329285
Senate,Louisiana,State,Louisiana,Davis (D),Letlow (R),Pointe Coupee Parish,22077,0.419871384043906,8334.0378,30.70893573,-91.60044956
Senate,Louisiana,State,Louisiana,Davis (D),Letlow (R),Rapides Parish,22079,0.372776974889338,38360.8824,31.19810087,-92.53365886
Senate,Louisiana,State,Louisiana,Davis (D),Letlow (R),Red River Parish,22081,0.420155834694141,2662.2924,32.09302665,-93.33992874
Senate,Louisiana,State,Louisiana,Davis (D),Letlow (R),Richland Parish,22083,0.359711904649336,6612.7908,32.41758531,-91.76336368
Senate,Louisiana,State,Louisiana,Davis (D),Letlow (R),Sabine Parish,22085,0.206341683482505,7351.5078,31.56283023,-93.55521453
Senate,Louisiana,State,Louisiana,Davis (D),Letlow (R),St. Bernard Parish,22087,0.410029536170358,12372.6,29.8750922,-89.53768188
Senate,Louisiana,State,Louisiana,Davis (D),Letlow (R),St. Charles Parish,22089,0.394660844492582,19108.389,29.90559494,-90.35781296
Senate,Louisiana,State,Louisiana,Davis (D),Letlow (R),St. Helena Parish,22091,0.562921963629664,4113.5256,30.82171866,-90.71045886
Senate,Louisiana,State,Louisiana,Davis (D),Letlow (R),St. James Parish,22093,0.554326269537897,8510.8932,30.02623427,-90.79581459
Senate,Louisiana,State,Louisiana,Davis (D),Letlow (R),St. John the Baptist Parish,22095,0.706502654449928,13537.08,30.12694792,-90.47063317
Senate,Louisiana,State,Louisiana,Davis (D),Letlow (R),St. Landry Parish,22097,0.463805085358514,26670.231,30.59908084,-92.00579532
Senate,Louisiana,State,Louisiana,Davis (D),Letlow (R),St. Martin Parish,22099,0.353332566473388,18013.05,30.12930997,-91.60785079
Senate,Louisiana,State,Louisiana,Davis (D),Letlow (R),St. Mary Parish,22101,0.398019962628147,15052.3596,29.70500764,-91.44469375
Senate,Louisiana,State,Louisiana,Davis (D),Letlow (R),St. Tammany Parish,22103,0.336487414749026,99092.8812,30.40987792,-89.95737111
Senate,Louisiana,State,Louisiana,Davis (D),Letlow (R),Tangipahoa Parish,22105,0.369513851986928,39582.1308,30.62688036,-90.40542519
Senate,Louisiana,State,Louisiana,Davis (D),Letlow (R),Tensas Parish,22107,0.537311159082052,1524.741,32.00026867,-91.34006167
Senate,Louisiana,State,Louisiana,Davis (D),Letlow (R),Terrebonne Parish,22109,0.29672461420157,29706.6126,29.40922061,-90.86454347
Senate,Louisiana,State,Louisiana,Davis (D),Letlow (R),Union Parish,22111,0.271512680073267,7556.0196,32.83186286,-92.3748342
Senate,Louisiana,State,Louisiana,Davis (D),Letlow (R),Vermilion Parish,22113,0.236373017258054,19029.7866,29.84621938,-92.32457583
Senate,Louisiana,State,Louisiana,Davis (D),Letlow (R),Vernon Parish,22115,0.216219753221712,11635.3386,31.10800615,-93.18373375
Senate,Louisiana,State,Louisiana,Davis (D),Letlow (R),Washington Parish,22117,0.355409007058236,13287.4446,30.85339081,-90.04035989
Senate,Louisiana,State,Louisiana,Davis (D),Letlow (R),Webster Parish,22119,0.374487146358896,11657.9004,32.71375647,-93.33431354
Senate,Louisiana,State,Louisiana,Davis (D),Letlow (R),West Baton Rouge Parish,22121,0.499660265909998,9923.553,30.46264338,-91.3125095
Senate,Louisiana,State,Louisiana,Davis (D),Letlow (R),West Carroll Parish,22123,0.18567283152531,3321.6792,32.78885847,-91.45664676
Senate,Louisiana,State,Louisiana,Davis (D),Letlow (R),West Feliciana Parish,22125,0.397143253059172,4313.6706,30.88038848,-91.42038292
Senate,Louisiana,State,Louisiana,Davis (D),Letlow (R),Winn Parish,22127,0.284548824004186,4169.5662,31.94438827,-92.63657688
Senate,Maine,State,Maine,Jackson (D),Collins* (R),Androscoggin County,23001,0.456973104860014,41938.7472,44.16543634,-70.20524042
Senate,Maine,State,Maine,Jackson (D),Collins* (R),Aroostook County,23003,0.350091335427417,25579.2588,46.65913528,-68.5987449
Senate,Maine,State,Maine,Jackson (D),Collins* (R),Cumberland County,23005,0.656589293274915,136779.093,43.83897334,-70.37661287
Senate,Maine,State,Maine,Jackson (D),Collins* (R),Franklin County,23007,0.445494088977782,12699.3822,44.97424486,-70.44421037
Senate,Maine,State,Maine,Jackson (D),Collins* (R),Hancock County,23009,0.538055759364218,25740.8304,44.64373173,-68.35862848
Senate,Maine,State,Maine,Jackson (D),Collins* (R),Kennebec County,23011,0.470922075522001,51800.4372,44.40901704,-69.76757384
Senate,Maine,State,Maine,Jackson (D),Collins* (R),Knox County,23013,0.575278200761701,18440.9964,44.12441708,-69.15278458
Senate,Maine,State,Maine,Jackson (D),Collins* (R),Lincoln County,23015,0.530341065701674,17117.1282,44.06333351,-69.54198777
Senate,Maine,State,Maine,Jackson (D),Collins* (R),Oxford County,23017,0.425337371807435,24740.1054,44.49924446,-70.75611419
Senate,Maine,State,Maine,Jackson (D),Collins* (R),Penobscot County,23019,0.425643567861068,62141.7474,45.40038149,-68.64952115
Senate,Maine,State,Maine,Jackson (D),Collins* (R),Piscataquis County,23021,0.340245933518603,7275.8166,45.83789196,-69.28442666
Senate,Maine,State,Maine,Jackson (D),Collins* (R),Sagadahoc County,23023,0.557795205909496,17393.6922,43.95888365,-69.85358192
Senate,Maine,State,Maine,Jackson (D),Collins* (R),Somerset County,23025,0.348806983331685,20349.288,45.51360259,-69.95882156
Senate,Maine,State,Maine,Jackson (D),Collins* (R),Waldo County,23027,0.499927676319931,17813.6328,44.50136648,-69.14427892
Senate,Maine,State,Maine,Jackson (D),Collins* (R),Washington County,23029,0.371097801758837,12928.6392,45.02177186,-67.62910779
Senate,Maine,State,Maine,Jackson (D),Collins* (R),York County,23031,0.535921949433807,94517.2026,43.47829059,-70.7143165
Senate,Massachusetts,State,Massachusetts,Markey* (D),Deaton (R),Barnstable County,25001,0.622633033577167,105953.124,41.7232979,-70.2898624
Senate,Massachusetts,State,Massachusetts,Markey* (D),Deaton (R),Berkshire County,25003,0.737016325843955,48689.0922,42.37045737,-73.2062907
Senate,Massachusetts,State,Massachusetts,Markey* (D),Deaton (R),Bristol County,25005,0.553554811375507,197948.4996,41.79709525,-71.11419448
Senate,Massachusetts,State,Massachusetts,Markey* (D),Deaton (R),Dukes County,25007,0.788599785212161,8647.7196,41.39790643,-70.65382633
Senate,Massachusetts,State,Massachusetts,Markey* (D),Deaton (R),Essex County,25009,0.640200088778625,285268.488,42.67174524,-70.9515844
Senate,Massachusetts,State,Massachusetts,Markey* (D),Deaton (R),Franklin County,25011,0.7246998705115,29645.4774,42.58309231,-72.59174125
Senate,Massachusetts,State,Massachusetts,Markey* (D),Deaton (R),Hampden County,25013,0.581039788589433,148042.5258,42.13509064,-72.63119338
Senate,Massachusetts,State,Massachusetts,Markey* (D),Deaton (R),Hampshire County,25015,0.740931209204461,59587.1694,42.34022511,-72.66378659
Senate,Massachusetts,State,Massachusetts,Markey* (D),Deaton (R),Middlesex County,25017,0.727810516714504,574662.8742,42.48584344,-71.39262102
Senate,Massachusetts,State,Massachusetts,Markey* (D),Deaton (R),Nantucket County,25019,0.716118774906102,5061.849,41.28422779,-70.07344074
Senate,Massachusetts,State,Massachusetts,Markey* (D),Deaton (R),Norfolk County,25021,0.671145225782673,273077.1102,42.1624614,-71.20690516
Senate,Massachusetts,State,Massachusetts,Markey* (D),Deaton (R),Plymouth County,25023,0.575652977901256,213613.6668,41.95331777,-70.81296132
Senate,Massachusetts,State,Massachusetts,Markey* (D),Deaton (R),Suffolk County,25025,0.806886780174557,210159.528,42.33340065,-71.07033478
Senate,Massachusetts,State,Massachusetts,Markey* (D),Deaton (R),Worcester County,25027,0.584318612296564,298020.9996,42.35111931,-71.90780992
Senate,Michigan,State,Michigan,El-Sayed (D),Rogers (R),Alcona County,26001,0.322536251816922,5383.5366,44.68477825,-83.59385271
Senate,Michigan,State,Michigan,El-Sayed (D),Rogers (R),Alger County,26003,0.432960078665248,3778.0098,46.40902031,-86.60408109
Senate,Michigan,State,Michigan,El-Sayed (D),Rogers (R),Allegan County,26005,0.395114507243649,51559.5354,42.59147142,-85.88845897
Senate,Michigan,State,Michigan,El-Sayed (D),Rogers (R),Alpena County,26007,0.388301813854696,12376.239,45.03457851,-83.62606894
Senate,Michigan,State,Michigan,El-Sayed (D),Rogers (R),Antrim County,26009,0.412931053886513,12133.1538,44.99904124,-85.14135875
Senate,Michigan,State,Michigan,El-Sayed (D),Rogers (R),Arenac County,26011,0.327666232362938,6580.0398,44.0651223,-83.89498203
Senate,Michigan,State,Michigan,El-Sayed (D),Rogers (R),Baraga County,26013,0.381952532253391,3105.5226,46.66237725,-88.36559186
Senate,Michigan,State,Michigan,El-Sayed (D),Rogers (R),Barry County,26015,0.358957280753287,27686.2398,42.59513984,-85.30834519
Senate,Michigan,State,Michigan,El-Sayed (D),Rogers (R),Bay County,26017,0.458715666012131,44074.8402,43.70716549,-83.99005144
Senate,Michigan,State,Michigan,El-Sayed (D),Rogers (R),Benzie County,26019,0.489245555311409,9224.865,44.63910932,-86.01505847
Senate,Michigan,State,Michigan,El-Sayed (D),Rogers (R),Berrien County,26021,0.493300846352443,60624.2844,41.95468812,-86.41252941
Senate,Michigan,State,Michigan,El-Sayed (D),Rogers (R),Branch County,26023,0.31797374269108,15108.4002,41.91588904,-85.05923475
Senate,Michigan,State,Michigan,El-Sayed (D),Rogers (R),Calhoun County,26025,0.462084408286641,49194.9132,42.24636617,-85.00508394
Senate,Michigan,State,Michigan,El-Sayed (D),Rogers (R),Cass County,26027,0.361663817227598,20054.529,41.91545547,-85.99403741
Senate,Michigan,State,Michigan,El-Sayed (D),Rogers (R),Charlevoix County,26029,0.447326439049546,12649.164,45.30562797,-85.12921505
Senate,Michigan,State,Michigan,El-Sayed (D),Rogers (R),Cheboygan County,26031,0.375474774983833,11787.4488,45.44701265,-84.50065611
Senate,Michigan,State,Michigan,El-Sayed (D),Rogers (R),Chippewa County,26033,0.409843796723001,13133.151,46.30032406,-84.56284345
Senate,Michigan,State,Michigan,El-Sayed (D),Rogers (R),Clare County,26035,0.342587359087583,12405.351,43.9879198,-84.84810751
Senate,Michigan,State,Michigan,El-Sayed (D),Rogers (R),Clinton County,26037,0.489521315008568,35808.4878,42.9439517,-84.60138451
Senate,Michigan,State,Michigan,El-Sayed (D),Rogers (R),Crawford County,26039,0.362219614831976,6088.047,44.68323123,-84.61024859
Senate,Michigan,State,Michigan,El-Sayed (D),Rogers (R),Delta County,26041,0.379157178749882,15699.3738,45.91736311,-86.92347486
Senate,Michigan,State,Michigan,El-Sayed (D),Rogers (R),Dickinson County,26043,0.34893203644274,10980.3186,46.00907005,-87.87011459
Senate,Michigan,State,Michigan,El-Sayed (D),Rogers (R),Eaton County,26045,0.517284765464007,46694.1924,42.59599185,-84.83740035
Senate,Michigan,State,Michigan,El-Sayed (D),Rogers (R),Emmet County,26047,0.478490123348212,16353.666,45.51996676,-84.89116957
Senate,Michigan,State,Michigan,El-Sayed (D),Rogers (R),Genesee County,26049,0.554521025599312,160096.3494,43.02216976,-83.70652806
Senate,Michigan,State,Michigan,El-Sayed (D),Rogers (R),Gladwin County,26051,0.327220631868608,11142.618,43.99062122,-84.38860114
Senate,Michigan,State,Michigan,El-Sayed (D),Rogers (R),Gogebic County,26053,0.446639644318364,5959.2264,46.40885281,-89.69437271
Senate,Michigan,State,Michigan,El-Sayed (D),Rogers (R),Grand Traverse County,26055,0.524454153667623,44950.3836,44.66916098,-85.56013503
Senate,Michigan,State,Michigan,El-Sayed (D),Rogers (R),Gratiot County,26057,0.374566106418951,14247.4128,43.29296993,-84.60482908
Senate,Michigan,State,Michigan,El-Sayed (D),Rogers (R),Hillsdale County,26059,0.272966983433266,17835.4668,41.88768696,-84.59305475
Senate,Michigan,State,Michigan,El-Sayed (D),Rogers (R),Houghton County,26061,0.446670128752543,13873.3236,46.89801075,-88.68742993
Senate,Michigan,State,Michigan,El-Sayed (D),Rogers (R),Huron County,26063,0.327799284380447,13643.3388,43.83293286,-83.03116796
Senate,Michigan,State,Michigan,El-Sayed (D),Rogers (R),Ingham County,26065,0.684767272945237,105608.1468,42.59737278,-84.37346607
Senate,Michigan,State,Michigan,El-Sayed (D),Rogers (R),Ionia County,26067,0.37150587491489,24393.6726,42.94502238,-85.07413319
Senate,Michigan,State,Michigan,El-Sayed (D),Rogers (R),Iosco County,26069,0.378026214698608,11280.1722,44.35578542,-83.63669002
Senate,Michigan,State,Michigan,El-Sayed (D),Rogers (R),Iron County,26071,0.384857549194794,5052.3876,46.20865908,-88.53028044
Senate,Michigan,State,Michigan,El-Sayed (D),Rogers (R),Isabella County,26073,0.49516640870692,22074.9018,43.64060976,-84.84664923
Senate,Michigan,State,Michigan,El-Sayed (D),Rogers (R),Jackson County,26075,0.425103496644645,60077.7066,42.24852059,-84.42251355
Senate,Michigan,State,Michigan,El-Sayed (D),Rogers (R),Kalamazoo County,26077,0.623435961785717,104200.5816,42.24536002,-85.53044157
Senate,Michigan,State,Michigan,El-Sayed (D),Rogers (R),Kalkaska County,26079,0.315572356579781,8264.169,44.68488514,-85.0904614
Senate,Michigan,State,Michigan,El-Sayed (D),Rogers (R),Kent County,26081,0.560526786520084,265929.3864,43.03204611,-85.54918115
Senate,Michigan,State,Michigan,El-Sayed (D),Rogers (R),Keweenaw County,26083,0.468286522750863,1154.2908,47.62662557,-88.43593439
Senate,Michigan,State,Michigan,El-Sayed (D),Rogers (R),Lake County,26085,0.370130523909661,4964.3238,43.99041242,-85.80209274
Senate,Michigan,State,Michigan,El-Sayed (D),Rogers (R),Lapeer County,26087,0.331717060638467,39836.8608,43.09052506,-83.22153148
Senate,Michigan,State,Michigan,El-Sayed (D),Rogers (R),Leelanau County,26089,0.57253371521303,12693.5598,44.93943424,-85.81220561
Senate,Michigan,State,Michigan,El-Sayed (D),Rogers (R),Lenawee County,26091,0.416400283131149,39483.15,41.89469406,-84.06641246
Senate,Michigan,State,Michigan,El-Sayed (D),Rogers (R),Livingston County,26093,0.411924696659343,95138.016,42.60389287,-83.9117077
Senate,Michigan,State,Michigan,El-Sayed (D),Rogers (R),Luce County,26095,0.294883399900231,2139.0042,46.4704998,-85.54389048
Senate,Michigan,State,Michigan,El-Sayed (D),Rogers (R),Mackinac County,26097,0.4073033323647,5204.4978,46.07858665,-85.07704103
Senate,Michigan,State,Michigan,El-Sayed (D),Rogers (R),Macomb County,26099,0.463496149605785,363635.8086,42.69584067,-82.93255517
Senate,Michigan,State,Michigan,El-Sayed (D),Rogers (R),Manistee County,26101,0.452237546690912,10958.4846,44.33345321,-86.05635345
Senate,Michigan,State,Michigan,El-Sayed (D),Rogers (R),Marquette County,26103,0.577678569434623,27892.935,46.43139896,-87.64138782
Senate,Michigan,State,Michigan,El-Sayed (D),Rogers (R),Mason County,26105,0.424905336517532,12957.0234,43.99535369,-86.25017381
Senate,Michigan,State,Michigan,El-Sayed (D),Rogers (R),Mecosta County,26107,0.380584405053478,16108.3974,43.64070731,-85.32464875
Senate,Michigan,State,Michigan,El-Sayed (D),Rogers (R),Menominee County,26109,0.363075548519722,9390.8034,45.58036988,-87.55660994
Senate,Michigan,State,Michigan,El-Sayed (D),Rogers (R),Midland County,26111,0.456002873578142,36023.9166,43.64674881,-84.38804837
Senate,Michigan,State,Michigan,El-Sayed (D),Rogers (R),Missaukee County,26113,0.249077073965904,6558.2058,44.33770935,-85.09471001
Senate,Michigan,State,Michigan,El-Sayed (D),Rogers (R),Monroe County,26115,0.395587735497589,65521.6506,41.92832154,-83.53769332
Senate,Michigan,State,Michigan,El-Sayed (D),Rogers (R),Montcalm County,26117,0.335380501870044,24973.7292,43.31058414,-85.15230226
Senate,Michigan,State,Michigan,El-Sayed (D),Rogers (R),Montmorency County,26119,0.303345630844956,4585.8678,45.02758285,-84.12740152
Senate,Michigan,State,Michigan,El-Sayed (D),Rogers (R),Muskegon County,26121,0.52413750971131,68239.2558,43.2913812,-86.1519783
Senate,Michigan,State,Michigan,El-Sayed (D),Rogers (R),Newaygo County,26123,0.315939000515497,20932.2558,43.5544124,-85.80070154
Senate,Michigan,State,Michigan,El-Sayed (D),Rogers (R),Oakland County,26125,0.58718918517937,551170.218,42.66090645,-83.38594391
Senate,Michigan,State,Michigan,El-Sayed (D),Rogers (R),Oceana County,26127,0.380755746694376,10649.1696,43.64097781,-86.26734566
Senate,Michigan,State,Michigan,El-Sayed (D),Rogers (R),Ogemaw County,26129,0.320457840760731,9066.2046,44.33486043,-84.12710722
Senate,Michigan,State,Michigan,El-Sayed (D),Rogers (R),Ontonagon County,26131,0.37948505048031,2759.8176,46.66430808,-89.31491201
Senate,Michigan,State,Michigan,El-Sayed (D),Rogers (R),Osceola County,26133,0.289766606145432,9435.927,43.98998373,-85.32556471
Senate,Michigan,State,Michigan,El-Sayed (D),Rogers (R),Oscoda County,26135,0.308863304483814,3733.614,44.68170135,-84.12938765
Senate,Michigan,State,Michigan,El-Sayed (D),Rogers (R),Otsego County,26137,0.354093542493714,11459.211,45.02079452,-84.59972828
Senate,Michigan,State,Michigan,El-Sayed (D),Rogers (R),Ottawa County,26139,0.429467246779502,127937.0508,42.95990607,-85.9964531
Senate,Michigan,State,Michigan,El-Sayed (D),Rogers (R),Presque Isle County,26141,0.38608891150462,6261.9912,45.34035915,-83.91721501
Senate,Michigan,State,Michigan,El-Sayed (D),Rogers (R),Roscommon County,26143,0.366521106863868,11551.6416,44.33547916,-84.61141537
Senate,Michigan,State,Michigan,El-Sayed (D),Rogers (R),Saginaw County,26145,0.516647234506072,74546.3706,43.33526107,-84.0526996
Senate,Michigan,State,Michigan,El-Sayed (D),Rogers (R),St. Clair County,26151,0.357490454722927,69229.0638,43.4237632,-82.82063341
Senate,Michigan,State,Michigan,El-Sayed (D),Rogers (R),St. Joseph County,26153,0.360798655095851,21000.669,46.19666734,-86.19985664
Senate,Michigan,State,Michigan,El-Sayed (D),Rogers (R),Sanilac County,26155,0.291813793234811,16766.3286,42.95402135,-84.14662058
Senate,Michigan,State,Michigan,El-Sayed (D),Rogers (R),Schoolcraft County,26147,0.371120805843732,3513.0906,42.93188855,-82.68083292
Senate,Michigan,State,Michigan,El-Sayed (D),Rogers (R),Shiawassee County,26149,0.416097476515813,29150.5734,41.91439741,-85.52810068
Senate,Michigan,State,Michigan,El-Sayed (D),Rogers (R),Tuscola County,26157,0.315561768568505,22071.2628,43.46515989,-83.41747147
Senate,Michigan,State,Michigan,El-Sayed (D),Rogers (R),Van Buren County,26159,0.456446966105848,29535.5796,42.25166438,-86.01839482
Senate,Michigan,State,Michigan,El-Sayed (D),Rogers (R),Washtenaw County,26161,0.7607988052748,157201.8888,42.25344402,-83.83879891
Senate,Michigan,State,Michigan,El-Sayed (D),Rogers (R),Wayne County,26163,0.683474602418742,601084.1976,42.28172038,-83.28221321
Senate,Michigan,State,Michigan,El-Sayed (D),Rogers (R),Wexford County,26165,0.357531568632212,13967.9376,44.33841768,-85.5781774
Senate,Minnesota,State,Minnesota,Flanagan (D),Tafoya (R),Aitkin County,27001,0.349495565606956,7470.867,46.60787445,-93.4156134
Senate,Minnesota,State,Minnesota,Flanagan (D),Tafoya (R),Anoka County,27003,0.483453259016721,148937.7198,45.27314304,-93.24708307
Senate,Minnesota,State,Minnesota,Flanagan (D),Tafoya (R),Becker County,27005,0.337962518434767,14116.4088,46.93523736,-95.67483556
Senate,Minnesota,State,Minnesota,Flanagan (D),Tafoya (R),Beltrami County,27007,0.47739147428727,17751.7698,47.97364569,-94.93765473
Senate,Minnesota,State,Minnesota,Flanagan (D),Tafoya (R),Benton County,27009,0.323235687953739,16261.9632,45.69827623,-93.9984359
Senate,Minnesota,State,Minnesota,Flanagan (D),Tafoya (R),Big Stone County,27011,0.355468443756289,2008.728,45.42651259,-96.41134505
Senate,Minnesota,State,Minnesota,Flanagan (D),Tafoya (R),Blue Earth County,27013,0.499963997379966,25879.8402,44.03450234,-94.06697737
Senate,Minnesota,State,Minnesota,Flanagan (D),Tafoya (R),Brown County,27015,0.326910771372968,10384.2504,44.24201356,-94.727558
Senate,Minnesota,State,Minnesota,Flanagan (D),Tafoya (R),Carlton County,27017,0.493164566196543,14803.452,46.592321,-92.67716012
Senate,Minnesota,State,Minnesota,Flanagan (D),Tafoya (R),Carver County,27019,0.478641380303359,49093.749,44.82089558,-93.8027205
Senate,Minnesota,State,Minnesota,Flanagan (D),Tafoya (R),Cass County,27021,0.336745576321755,13871.1402,46.94877115,-94.32573065
Senate,Minnesota,State,Minnesota,Flanagan (D),Tafoya (R),Chippewa County,27023,0.332914577970265,4513.0878,45.0223965,-95.56698141
Senate,Minnesota,State,Minnesota,Flanagan (D),Tafoya (R),Chisago County,27025,0.346595474042124,25430.0598,45.5024111,-92.90829767
Senate,Minnesota,State,Minnesota,Flanagan (D),Tafoya (R),Clay County,27027,0.508624048214235,23352.1908,46.89214202,-96.49066248
Senate,Minnesota,State,Minnesota,Flanagan (D),Tafoya (R),Clearwater County,27029,0.252609607575728,3452.6832,47.57848837,-95.37844018
Senate,Minnesota,State,Minnesota,Flanagan (D),Tafoya (R),Cook County,27031,0.685226246136717,2589.5124,47.90304185,-90.53150846
Senate,Minnesota,State,Minnesota,Flanagan (D),Tafoya (R),Cottonwood County,27033,0.297049444453483,4266.3636,44.00720878,-95.18136404
Senate,Minnesota,State,Minnesota,Flanagan (D),Tafoya (R),Crow Wing County,27035,0.34692295931032,30273.5688,46.48265818,-94.07070376
Senate,Minnesota,State,Minnesota,Flanagan (D),Tafoya (R),Dakota County,27037,0.571879998543054,184324.0836,44.67245057,-93.06556878
Senate,Minnesota,State,Minnesota,Flanagan (D),Tafoya (R),Dodge County,27039,0.342831612946093,8881.3434,44.02229546,-92.86236786
Senate,Minnesota,State,Minnesota,Flanagan (D),Tafoya (R),Douglas County,27041,0.328038686367711,17950.4592,45.93372693,-95.45422901
Senate,Minnesota,State,Minnesota,Flanagan (D),Tafoya (R),Faribault County,27043,0.31570749122821,5530.5522,43.67387282,-93.94781493
Senate,Minnesota,State,Minnesota,Flanagan (D),Tafoya (R),Fillmore County,27045,0.376462683218304,8827.4862,43.6739576,-92.08990525
Senate,Minnesota,State,Minnesota,Flanagan (D),Tafoya (R),Freeborn County,27047,0.398144938467416,11973.0378,43.67383179,-93.3488462
Senate,Minnesota,State,Minnesota,Flanagan (D),Tafoya (R),Goodhue County,27049,0.422304034899423,20518.1376,44.40972913,-92.72266089
Senate,Minnesota,State,Minnesota,Flanagan (D),Tafoya (R),Grant County,27051,0.349952131538809,2513.0934,45.93402352,-96.01216405
Senate,Minnesota,State,Minnesota,Flanagan (D),Tafoya (R),Hennepin County,27053,0.724397420579735,509426.5212,45.00479678,-93.47715121
Senate,Minnesota,State,Minnesota,Flanagan (D),Tafoya (R),Houston County,27055,0.422369289748488,8161.5492,43.67146528,-91.49277553
Senate,Minnesota,State,Minnesota,Flanagan (D),Tafoya (R),Hubbard County,27057,0.346095666675365,9712.491,47.10785166,-94.91640615
Senate,Minnesota,State,Minnesota,Flanagan (D),Tafoya (R),Isanti County,27059,0.296775899901893,18494.1258,45.56125565,-93.29470209
Senate,Minnesota,State,Minnesota,Flanagan (D),Tafoya (R),Itasca County,27061,0.403724414517585,19162.974,47.50907819,-93.63162349
Senate,Minnesota,State,Minnesota,Flanagan (D),Tafoya (R),Jackson County,27063,0.292088198978135,4024.734,43.67418723,-95.15400031
Senate,Minnesota,State,Minnesota,Flanagan (D),Tafoya (R),Kanabec County,27065,0.291218249222683,6940.3008,45.94534057,-93.29290464
Senate,Minnesota,State,Minnesota,Flanagan (D),Tafoya (R),Kandiyohi County,27067,0.348492012574648,16614.2184,45.15252304,-95.00576302
Senate,Minnesota,State,Minnesota,Flanagan (D),Tafoya (R),Kittson County,27069,0.378637889286998,1780.1988,48.77698427,-96.78256113
Senate,Minnesota,State,Minnesota,Flanagan (D),Tafoya (R),Koochiching County,27071,0.375813714215976,4853.6982,48.24510754,-93.78362729
Senate,Minnesota,State,Minnesota,Flanagan (D),Tafoya (R),Lac qui Parle County,27073,0.341911017053186,2848.6092,44.99583443,-96.1738058
Senate,Minnesota,State,Minnesota,Flanagan (D),Tafoya (R),Lake County,27075,0.525975402366996,4948.3122,47.64037177,-91.44445826
Senate,Minnesota,State,Minnesota,Flanagan (D),Tafoya (R),Lake of the Woods County,27077,0.267212960434855,1684.1292,48.77043756,-94.90489792
Senate,Minnesota,State,Minnesota,Flanagan (D),Tafoya (R),Le Sueur County,27079,0.335033737251673,12473.7642,44.37144158,-93.72984216
Senate,Minnesota,State,Minnesota,Flanagan (D),Tafoya (R),Lincoln County,27081,0.313593460944089,2301.3036,44.4123209,-96.26720134
Senate,Minnesota,State,Minnesota,Flanagan (D),Tafoya (R),Lyon County,27083,0.343941425808309,9231.4152,44.41338502,-95.83918761
Senate,Minnesota,State,Minnesota,Flanagan (D),Tafoya (R),Mahnomen County,27087,0.461800558072962,1557.492,47.32558784,-95.8091992
Senate,Minnesota,State,Minnesota,Flanagan (D),Tafoya (R),Marshall County,27089,0.243922833002788,3603.3378,48.35830232,-96.3692954
Senate,Minnesota,State,Minnesota,Flanagan (D),Tafoya (R),Martin County,27091,0.304977591001191,7724.1414,43.67430059,-94.55099667
Senate,Minnesota,State,Minnesota,Flanagan (D),Tafoya (R),McLeod County,27085,0.313107565258711,15114.9504,44.82372142,-94.27237288
Senate,Minnesota,State,Minnesota,Flanagan (D),Tafoya (R),Meeker County,27093,0.288932725967826,9786.7266,45.12332877,-94.52871063
Senate,Minnesota,State,Minnesota,Flanagan (D),Tafoya (R),Mille Lacs County,27095,0.298885800923529,10876.2432,45.9373852,-93.62993103
Senate,Minnesota,State,Minnesota,Flanagan (D),Tafoya (R),Morrison County,27097,0.221794924017059,14535.6216,46.01207437,-94.26690418
Senate,Minnesota,State,Minnesota,Flanagan (D),Tafoya (R),Mower County,27099,0.452858673355337,13543.6302,43.67138759,-92.75235164
Senate,Minnesota,State,Minnesota,Flanagan (D),Tafoya (R),Murray County,27101,0.290471156303758,3402.465,44.02216709,-95.76328482
Senate,Minnesota,State,Minnesota,Flanagan (D),Tafoya (R),Nicollet County,27103,0.503585210408524,13814.3718,44.34987456,-94.24751207
Senate,Minnesota,State,Minnesota,Flanagan (D),Tafoya (R),Nobles County,27105,0.325480550724917,5924.292,43.67428858,-95.75326093
Senate,Minnesota,State,Minnesota,Flanagan (D),Tafoya (R),Norman County,27107,0.391987824866735,2326.0488,47.32618622,-96.45566228
Senate,Minnesota,State,Minnesota,Flanagan (D),Tafoya (R),Olmsted County,27109,0.560681273969168,64474.3464,44.00380771,-92.40209709
Senate,Minnesota,State,Minnesota,Flanagan (D),Tafoya (R),Otter Tail County,27111,0.332383821972587,26221.1784,46.4090783,-95.70748857
Senate,Minnesota,State,Minnesota,Flanagan (D),Tafoya (R),Pennington County,27113,0.345178487969762,5236.521,48.0666771,-96.03627453
Senate,Minnesota,State,Minnesota,Flanagan (D),Tafoya (R),Pine County,27115,0.327567908380204,12090.9414,46.12071071,-92.74140502
Senate,Minnesota,State,Minnesota,Flanagan (D),Tafoya (R),Pipestone County,27117,0.261874899619266,3458.5056,44.02300689,-96.258643
Senate,Minnesota,State,Minnesota,Flanagan (D),Tafoya (R),Polk County,27119,0.334502949901986,11010.8862,47.77395991,-96.40222842
Senate,Minnesota,State,Minnesota,Flanagan (D),Tafoya (R),Pope County,27121,0.34513301076607,5149.185,45.58611957,-95.44454861
Senate,Minnesota,State,Minnesota,Flanagan (D),Tafoya (R),Ramsey County,27123,0.727829453141114,196834.9656,45.01747232,-93.09987304
Senate,Minnesota,State,Minnesota,Flanagan (D),Tafoya (R),Red Lake County,27125,0.316788146749494,1504.3626,47.87197525,-96.09561104
Senate,Minnesota,State,Minnesota,Flanagan (D),Tafoya (R),Redwood County,27127,0.286852019814507,5964.321,44.40365018,-95.25398841
Senate,Minnesota,State,Minnesota,Flanagan (D),Tafoya (R),Renville County,27129,0.295166465467866,5742.342,44.72672673,-94.94679511
Senate,Minnesota,State,Minnesota,Flanagan (D),Tafoya (R),Rice County,27131,0.493404244646028,25922.0526,44.35432778,-93.2965986
Senate,Minnesota,State,Minnesota,Flanagan (D),Tafoya (R),Rock County,27133,0.306667015086737,3839.145,43.67485346,-96.25305709
Senate,Minnesota,State,Minnesota,Flanagan (D),Tafoya (R),Roseau County,27135,0.256193081437448,6093.1416,48.77485638,-95.81112475
Senate,Minnesota,State,Minnesota,Flanagan (D),Tafoya (R),St. Louis County,27137,0.576081397588651,84715.92,47.60334656,-92.46951183
Senate,Minnesota,State,Minnesota,Flanagan (D),Tafoya (R),Scott County,27139,0.462905668460878,64083.5178,44.64850008,-93.53696693
Senate,Minnesota,State,Minnesota,Flanagan (D),Tafoya (R),Sherburne County,27141,0.32877315887497,41353.596,45.44403172,-93.77496918
Senate,Minnesota,State,Minnesota,Flanagan (D),Tafoya (R),Sibley County,27143,0.287245083828363,6088.047,44.5793954,-94.23165958
Senate,Minnesota,State,Minnesota,Flanagan (D),Tafoya (R),Stearns County,27145,0.369909885156139,61689.0558,45.55199481,-94.61299658
Senate,Minnesota,State,Minnesota,Flanagan (D),Tafoya (R),Steele County,27147,0.381340197953729,14841.2976,44.02240351,-93.22627088
Senate,Minnesota,State,Minnesota,Flanagan (D),Tafoya (R),Stevens County,27149,0.368693081437448,3668.112,45.58615985,-96.00022786
Senate,Minnesota,State,Minnesota,Flanagan (D),Tafoya (R),Swift County,27151,0.332534348077222,3608.4324,45.28288933,-95.68142474
Senate,Minnesota,State,Minnesota,Flanagan (D),Tafoya (R),Todd County,27153,0.234357074307323,9799.0992,46.07014445,-94.89728962
Senate,Minnesota,State,Minnesota,Flanagan (D),Tafoya (R),Traverse County,27155,0.345012604706461,1282.3836,45.77230328,-96.47144652
Senate,Minnesota,State,Minnesota,Flanagan (D),Tafoya (R),Wabasha County,27157,0.362656385575171,9638.9832,44.28428259,-92.23023021
Senate,Minnesota,State,Minnesota,Flanagan (D),Tafoya (R),Wadena County,27159,0.245658133165937,5768.5428,46.5856535,-94.9700148
Senate,Minnesota,State,Minnesota,Flanagan (D),Tafoya (R),Waseca County,27161,0.340640584386721,7403.1816,44.0220714,-93.58720505
Senate,Minnesota,State,Minnesota,Flanagan (D),Tafoya (R),Washington County,27163,0.551644332984898,120520.041,45.03911139,-92.88374367
Senate,Minnesota,State,Minnesota,Flanagan (D),Tafoya (R),Watonwan County,27165,0.364405139649506,3500.718,43.97823903,-94.61413846
Senate,Minnesota,State,Minnesota,Flanagan (D),Tafoya (R),Wilkin County,27167,0.307169882414249,2384.2728,46.35705832,-96.46820682
Senate,Minnesota,State,Minnesota,Flanagan (D),Tafoya (R),Winona County,27169,0.48122706754907,19808.5326,43.98683746,-91.77934467
Senate,Minnesota,State,Minnesota,Flanagan (D),Tafoya (R),Wright County,27171,0.356761792132842,64114.8132,45.1738141,-93.96334763
Senate,Minnesota,State,Minnesota,Flanagan (D),Tafoya (R),Yellow Medicine County,27173,0.299042116624735,3847.1508,44.71626059,-95.86888348
Senate,Mississippi,State,Mississippi,Colom (D),Hyde-Smith* (R),Adams County,28001,0.61833483900962,8605.5072,31.48172857,-91.35355624
Senate,Mississippi,State,Mississippi,Colom (D),Hyde-Smith* (R),Alcorn County,28003,0.225696040962155,10906.083,34.88083218,-88.57997736
Senate,Mississippi,State,Mississippi,Colom (D),Hyde-Smith* (R),Amite County,28005,0.391322763074917,4898.094,31.17425244,-90.80453378
Senate,Mississippi,State,Mississippi,Colom (D),Hyde-Smith* (R),Attala County,28007,0.441451180502632,5569.8534,33.08676427,-89.58086337
Senate,Mississippi,State,Mississippi,Colom (D),Hyde-Smith* (R),Benton County,28009,0.421336860410064,2804.2134,34.8172204,-89.18844118
Senate,Mississippi,State,Mississippi,Colom (D),Hyde-Smith* (R),Bolivar County,28011,0.68157201533358,7541.4636,33.79549267,-90.8802491
Senate,Mississippi,State,Mississippi,Colom (D),Hyde-Smith* (R),Calhoun County,28013,0.323612799937002,4359.522,33.9364711,-89.33648515
Senate,Mississippi,State,Mississippi,Colom (D),Hyde-Smith* (R),Carroll County,28015,0.339176477375926,3756.1758,33.44884455,-89.92031051
Senate,Mississippi,State,Mississippi,Colom (D),Hyde-Smith* (R),Chickasaw County,28017,0.501112850564666,5217.5982,33.92084863,-88.94784369
Senate,Mississippi,State,Mississippi,Colom (D),Hyde-Smith* (R),Choctaw County,28019,0.314920804522308,2799.1188,33.34764715,-89.24846009
Senate,Mississippi,State,Mississippi,Colom (D),Hyde-Smith* (R),Claiborne County,28021,0.890293448887258,2553.1224,31.9736924,-90.91182829
Senate,Mississippi,State,Mississippi,Colom (D),Hyde-Smith* (R),Clarke County,28023,0.378251494287735,5475.2394,32.04139674,-88.68928948
Senate,Mississippi,State,Mississippi,Colom (D),Hyde-Smith* (R),Clay County,28025,0.610153467233372,6533.4606,33.65579797,-88.78154439
Senate,Mississippi,State,Mississippi,Colom (D),Hyde-Smith* (R),Coahoma County,28027,0.755832336744572,4890.0882,34.22906962,-90.60273114
Senate,Mississippi,State,Mississippi,Colom (D),Hyde-Smith* (R),Copiah County,28029,0.528254470476144,8413.368,31.86883689,-90.44883293
Senate,Mississippi,State,Mississippi,Colom (D),Hyde-Smith* (R),Covington County,28031,0.393142088207202,6397.362,31.6331285,-89.55267845
Senate,Mississippi,State,Mississippi,Colom (D),Hyde-Smith* (R),DeSoto County,28033,0.429168646470616,56103.9186,34.8756938,-89.99140222
Senate,Mississippi,State,Mississippi,Colom (D),Hyde-Smith* (R),Forrest County,28035,0.474263611730035,20417.7012,31.18899065,-89.25794407
Senate,Mississippi,State,Mississippi,Colom (D),Hyde-Smith* (R),Franklin County,28037,0.358781064861459,2943.2232,31.47675129,-90.89833873
Senate,Mississippi,State,Mississippi,Colom (D),Hyde-Smith* (R),George County,28039,0.167911699856825,8002.8888,30.86260363,-88.64422567
Senate,Mississippi,State,Mississippi,Colom (D),Hyde-Smith* (R),Greene County,28041,0.211304072723376,4083.6858,31.21420839,-88.63921416
Senate,Mississippi,State,Mississippi,Colom (D),Hyde-Smith* (R),Grenada County,28043,0.477133692937477,7067.6658,33.76997916,-89.80171673
Senate,Mississippi,State,Mississippi,Colom (D),Hyde-Smith* (R),Hancock County,28045,0.270861104705617,15244.4988,30.41595395,-89.48847814
Senate,Mississippi,State,Mississippi,Colom (D),Hyde-Smith* (R),Harrison County,28047,0.413707964609518,54622.8456,30.50439082,-89.11140872
Senate,Mississippi,State,Mississippi,Colom (D),Hyde-Smith* (R),Hinds County,28049,0.779966887361234,62340.4368,32.26628404,-90.44251629
Senate,Mississippi,State,Mississippi,Colom (D),Hyde-Smith* (R),Holmes County,28051,0.86222634950526,4849.3314,33.12367405,-90.09171669
Senate,Mississippi,State,Mississippi,Colom (D),Hyde-Smith* (R),Humphreys County,28053,0.764289395329549,2498.5374,33.12856998,-90.52684783
Senate,Mississippi,State,Mississippi,Colom (D),Hyde-Smith* (R),Issaquena County,28055,0.548519076110294,424.3074,32.74139849,-90.98899611
Senate,Mississippi,State,Mississippi,Colom (D),Hyde-Smith* (R),Itawamba County,28057,0.158792368502755,7678.29,34.27995113,-88.36140611
Senate,Mississippi,State,Mississippi,Colom (D),Hyde-Smith* (R),Jackson County,28059,0.36160252175543,37732.791,30.53467952,-88.6353787
Senate,Mississippi,State,Mississippi,Colom (D),Hyde-Smith* (R),Jasper County,28061,0.531351968591328,5705.952,32.01901366,-89.11866575
Senate,Mississippi,State,Mississippi,Colom (D),Hyde-Smith* (R),Jefferson County,28063,0.772067553617467,2378.4504,31.73403632,-91.03631739
Senate,Mississippi,State,Mississippi,Colom (D),Hyde-Smith* (R),Jefferson Davis County,28065,0.736892202572669,3888.6354,31.56973198,-89.82311087
Senate,Mississippi,State,Mississippi,Colom (D),Hyde-Smith* (R),Jones County,28067,0.32310018359643,20041.4286,31.62257767,-89.168969
Senate,Mississippi,State,Mississippi,Colom (D),Hyde-Smith* (R),Kemper County,28069,0.639895569241151,2963.6016,32.75459457,-88.64097868
Senate,Mississippi,State,Mississippi,Colom (D),Hyde-Smith* (R),Lafayette County,28071,0.45903463610334,16743.7668,34.35673647,-89.48471446
Senate,Mississippi,State,Mississippi,Colom (D),Hyde-Smith* (R),Lamar County,28073,0.305112312280507,20242.3014,31.20573333,-89.50870961
Senate,Mississippi,State,Mississippi,Colom (D),Hyde-Smith* (R),Lauderdale County,28075,0.448619645047129,19769.9592,32.40429857,-88.66247435
Senate,Mississippi,State,Mississippi,Colom (D),Hyde-Smith* (R),Lawrence County,28077,0.366903579311325,4375.5336,31.54996744,-90.10693379
Senate,Mississippi,State,Mississippi,Colom (D),Hyde-Smith* (R),Leake County,28079,0.446894965454114,6058.935,32.7536828,-89.52402041
Senate,Mississippi,State,Mississippi,Colom (D),Hyde-Smith* (R),Lee County,28081,0.366840433126719,25440.249,34.28973933,-88.68047663
Senate,Mississippi,State,Mississippi,Colom (D),Hyde-Smith* (R),Leflore County,28083,0.744604031836932,6790.374,33.55070467,-90.30095715
Senate,Mississippi,State,Mississippi,Colom (D),Hyde-Smith* (R),Lincoln County,28085,0.325126958778952,11422.0932,31.53240135,-90.45417438
Senate,Mississippi,State,Mississippi,Colom (D),Hyde-Smith* (R),Lowndes County,28087,0.517687312221879,17600.3874,33.47293459,-88.4432447
Senate,Mississippi,State,Mississippi,Colom (D),Hyde-Smith* (R),Madison County,28089,0.466480403420479,40053.0174,32.63533895,-90.03327096
Senate,Mississippi,State,Mississippi,Colom (D),Hyde-Smith* (R),Marion County,28091,0.349443769965546,8070.5742,31.23086459,-89.8225233
Senate,Mississippi,State,Mississippi,Colom (D),Hyde-Smith* (R),Marshall County,28093,0.537055815044681,10818.747,34.76229047,-89.50306303
Senate,Mississippi,State,Mississippi,Colom (D),Hyde-Smith* (R),Monroe County,28095,0.379709654527858,11609.1378,33.8922846,-88.48037059
Senate,Mississippi,State,Mississippi,Colom (D),Hyde-Smith* (R),Montgomery County,28097,0.454385863012369,3198.681,33.49402718,-89.61664559
Senate,Mississippi,State,Mississippi,Colom (D),Hyde-Smith* (R),Neshoba County,28099,0.309077041183358,7842.7728,32.7532893,-89.11732685
Senate,Mississippi,State,Mississippi,Colom (D),Hyde-Smith* (R),Newton County,28101,0.337169847909764,6727.7832,32.40013897,-89.11871108
Senate,Mississippi,State,Mississippi,Colom (D),Hyde-Smith* (R),Noxubee County,28103,0.790734294619243,3216.876,33.1101406,-88.56962273
Senate,Mississippi,State,Mississippi,Colom (D),Hyde-Smith* (R),Oktibbeha County,28105,0.558850204383157,12919.9056,33.42493738,-88.8794268
Senate,Mississippi,State,Mississippi,Colom (D),Hyde-Smith* (R),Panola County,28107,0.499142188962231,10380.6114,34.3639856,-89.95079634
Senate,Mississippi,State,Mississippi,Colom (D),Hyde-Smith* (R),Pearl River County,28109,0.222448648380196,17772.876,30.76882496,-89.58952146
Senate,Mississippi,State,Mississippi,Colom (D),Hyde-Smith* (R),Perry County,28111,0.262275397999698,4005.0834,31.17209382,-88.9925273
Senate,Mississippi,State,Mississippi,Colom (D),Hyde-Smith* (R),Pike County,28113,0.537047368717246,11168.091,31.17495895,-90.40396978
Senate,Mississippi,State,Mississippi,Colom (D),Hyde-Smith* (R),Pontotoc County,28115,0.222348874369671,10155.7212,34.22521097,-89.03719509
Senate,Mississippi,State,Mississippi,Colom (D),Hyde-Smith* (R),Prentiss County,28117,0.242634698086769,7502.1624,34.61811436,-88.51976883
Senate,Mississippi,State,Mississippi,Colom (D),Hyde-Smith* (R),Quitman County,28119,0.71975967481719,1911.9306,34.25120737,-90.28933634
Senate,Mississippi,State,Mississippi,Colom (D),Hyde-Smith* (R),Rankin County,28121,0.310667063761113,50186.1768,32.26422272,-89.94594839
Senate,Mississippi,State,Mississippi,Colom (D),Hyde-Smith* (R),Scott County,28123,0.439694575491534,7152.0906,32.4067041,-89.53789439
Senate,Mississippi,State,Mississippi,Colom (D),Hyde-Smith* (R),Sharkey County,28125,0.72400379264935,1275.1056,32.88000015,-90.81343618
Senate,Mississippi,State,Mississippi,Colom (D),Hyde-Smith* (R),Simpson County,28127,0.372605618575324,8028.3618,31.9133629,-89.9199315
Senate,Mississippi,State,Mississippi,Colom (D),Hyde-Smith* (R),Smith County,28129,0.249386824965163,5554.5696,32.01792861,-89.50664426
Senate,Mississippi,State,Mississippi,Colom (D),Hyde-Smith* (R),Stone County,28131,0.267494479428758,5701.5852,30.7900413,-89.11764244
Senate,Mississippi,State,Mississippi,Colom (D),Hyde-Smith* (R),Sunflower County,28133,0.734350713582429,5696.4906,33.60184158,-90.58875506
Senate,Mississippi,State,Mississippi,Colom (D),Hyde-Smith* (R),Tallahatchie County,28135,0.590031896187624,3612.0714,33.95061391,-90.17334129
Senate,Mississippi,State,Mississippi,Colom (D),Hyde-Smith* (R),Tate County,28137,0.351710884538653,9272.172,34.65069529,-89.94520436
Senate,Mississippi,State,Mississippi,Colom (D),Hyde-Smith* (R),Tippah County,28139,0.233475440907073,6936.6618,34.76830318,-88.90883067
Senate,Mississippi,State,Mississippi,Colom (D),Hyde-Smith* (R),Tishomingo County,28141,0.170745847104378,6539.283,34.74037117,-88.23908046
Senate,Mississippi,State,Mississippi,Colom (D),Hyde-Smith* (R),Tunica County,28143,0.762607651523936,1918.4808,34.65198616,-90.37532903
Senate,Mississippi,State,Mississippi,Colom (D),Hyde-Smith* (R),Union County,28145,0.2113073677888,8999.9748,34.49025133,-89.00393228
Senate,Mississippi,State,Mississippi,Colom (D),Hyde-Smith* (R),Walthall County,28147,0.425906946349808,4708.1382,31.14823915,-90.10601376
Senate,Mississippi,State,Mississippi,Colom (D),Hyde-Smith* (R),Warren County,28149,0.532795541904944,13165.902,32.35637859,-90.8514399
Senate,Mississippi,State,Mississippi,Colom (D),Hyde-Smith* (R),Washington County,28151,0.733704241811409,10468.6752,33.28374517,-90.94787195
Senate,Mississippi,State,Mississippi,Colom (D),Hyde-Smith* (R),Wayne County,28153,0.396478869748757,6580.0398,31.64077954,-88.69588404
Senate,Mississippi,State,Mississippi,Colom (D),Hyde-Smith* (R),Webster County,28155,0.23041592004625,3687.7626,33.61326385,-89.28510404
Senate,Mississippi,State,Mississippi,Colom (D),Hyde-Smith* (R),Wilkinson County,28157,0.683272589460321,2104.7976,31.16072415,-91.3114768
Senate,Mississippi,State,Mississippi,Colom (D),Hyde-Smith* (R),Winston County,28159,0.469283391677586,6050.9292,33.0883872,-89.03430894
Senate,Mississippi,State,Mississippi,Colom (D),Hyde-Smith* (R),Yalobusha County,28161,0.460462444365695,4226.3346,34.02831011,-89.70745642
Senate,Mississippi,State,Mississippi,Colom (D),Hyde-Smith* (R),Yazoo County,28163,0.553607691756219,6477.42,32.78007214,-90.39655652
Senate,Montana,State,Montana,Bodnar? (I),Alme (R),Beaverhead County,30001,0.277333779665752,4076.4078,45.13261641,-112.899016
Senate,Montana,State,Montana,Bodnar? (I),Alme (R),Big Horn County,30003,0.493010050099188,3129.54,45.42332459,-107.4892228
Senate,Montana,State,Montana,Bodnar? (I),Alme (R),Blaine County,30005,0.470879966430046,2091.6972,48.43208097,-108.9584002
Senate,Montana,State,Montana,Bodnar? (I),Alme (R),Broadwater County,30007,0.191965411925681,3387.909,46.33259261,-111.4961534
Senate,Montana,State,Montana,Bodnar? (I),Alme (R),Carbon County,30009,0.334567847636808,5147.0016,45.22736746,-109.0283184
Senate,Montana,State,Montana,Bodnar? (I),Alme (R),Carter County,30011,0.091667618682951,607.713,45.51700775,-104.5359622
Senate,Montana,State,Montana,Bodnar? (I),Alme (R),Cascade County,30013,0.386616743484939,26521.032,47.30823753,-111.3474099
Senate,Montana,State,Montana,Bodnar? (I),Alme (R),Chouteau County,30015,0.334590622233372,2056.035,47.88028152,-110.4356833
Senate,Montana,State,Montana,Bodnar? (I),Alme (R),Custer County,30017,0.249478226682043,4070.5854,46.25264388,-105.5718948
Senate,Montana,State,Montana,Bodnar? (I),Alme (R),Daniels County,30019,0.16708331090366,678.3096,48.78377804,-105.5486488
Senate,Montana,State,Montana,Bodnar? (I),Alme (R),Dawson County,30021,0.199591121378952,3290.3838,47.26636057,-104.899515
Senate,Montana,State,Montana,Bodnar? (I),Alme (R),Deer Lodge County,30023,0.506841945905233,3424.299,46.06059035,-113.0672423
Senate,Montana,State,Montana,Bodnar? (I),Alme (R),Fallon County,30025,0.113034162539304,1066.9548,46.3343054,-104.417515
Senate,Montana,State,Montana,Bodnar? (I),Alme (R),Fergus County,30027,0.236470351740037,4721.2386,47.2633104,-109.224376
Senate,Montana,State,Montana,Bodnar? (I),Alme (R),Flathead County,30029,0.328313444391425,44724.7656,48.29520088,-114.0497122
Senate,Montana,State,Montana,Bodnar? (I),Alme (R),Gallatin County,30031,0.518429401255343,49223.2974,45.54097041,-111.1703288
Senate,Montana,State,Montana,Bodnar? (I),Alme (R),Garfield County,30033,0.0509038631750988,578.601,47.27767106,-106.9928862
Senate,Montana,State,Montana,Bodnar? (I),Alme (R),Glacier County,30035,0.603858753654388,3545.8416,48.70514099,-112.9959167
Senate,Montana,State,Montana,Bodnar? (I),Alme (R),Golden Valley County,30037,0.133997160782185,368.9946,46.38114583,-109.1749672
Senate,Montana,State,Montana,Bodnar? (I),Alme (R),Granite County,30039,0.275476749004538,1540.0248,46.40415824,-113.4401981
Senate,Montana,State,Montana,Bodnar? (I),Alme (R),Hill County,30041,0.406766552253166,4734.339,48.62840165,-110.1111845
Senate,Montana,State,Montana,Bodnar? (I),Alme (R),Jefferson County,30043,0.314006068334516,5866.068,46.14859974,-112.0940513
Senate,Montana,State,Montana,Bodnar? (I),Alme (R),Judith Basin County,30045,0.203215040556529,957.7848,47.04516111,-110.2659877
Senate,Montana,State,Montana,Bodnar? (I),Alme (R),Lake County,30047,0.399040670017743,11928.642,47.64593461,-114.0894823
Senate,Montana,State,Montana,Bodnar? (I),Alme (R),Lewis and Clark County,30049,0.4723383352323,29522.4792,47.12259745,-112.3904537
Senate,Montana,State,Montana,Bodnar? (I),Alme (R),Liberty County,30051,0.223379350498822,703.0548,48.56122467,-111.0252038
Senate,Montana,State,Montana,Bodnar? (I),Alme (R),Lincoln County,30053,0.228764996298425,8387.1672,48.54246989,-115.4051151
Senate,Montana,State,Montana,Bodnar? (I),Alme (R),Madison County,30057,0.269772386305067,4588.0512,45.30105558,-111.9213142
Senate,Montana,State,Montana,Bodnar? (I),Alme (R),McCone County,30055,0.123545372609061,771.468,47.64515532,-105.7952945
Senate,Montana,State,Montana,Bodnar? (I),Alme (R),Meagher County,30059,0.225623483177738,832.6032,46.59797522,-110.8856024
Senate,Montana,State,Montana,Bodnar? (I),Alme (R),Mineral County,30061,0.253490794828833,1992.7164,47.1472918,-114.9981923
Senate,Montana,State,Montana,Bodnar? (I),Alme (R),Missoula County,30063,0.612922762542137,51098.1102,47.03651185,-113.9237814
Senate,Montana,State,Montana,Bodnar? (I),Alme (R),Musselshell County,30065,0.136266811336341,2144.0988,46.49659376,-108.3975013
Senate,Montana,State,Montana,Bodnar? (I),Alme (R),Park County,30067,0.462030487026602,8261.9856,45.48913245,-110.5249953
Senate,Montana,State,Montana,Bodnar? (I),Alme (R),Petroleum County,30069,0.117112056909302,233.6238,47.11768458,-108.2504732
Senate,Montana,State,Montana,Bodnar? (I),Alme (R),Phillips County,30071,0.181922095697117,1556.0364,48.25942665,-107.9138518
Senate,Montana,State,Montana,Bodnar? (I),Alme (R),Pondera County,30073,0.285797876685464,2004.3612,48.22793502,-112.2266404
Senate,Montana,State,Montana,Bodnar? (I),Alme (R),Powder River County,30075,0.121591317902428,796.2132,45.39499878,-105.6300238
Senate,Montana,State,Montana,Bodnar? (I),Alme (R),Powell County,30077,0.225398896681111,2311.4928,46.85654866,-112.936294
Senate,Montana,State,Montana,Bodnar? (I),Alme (R),Prairie County,30079,0.184481989940436,486.1704,46.86049013,-105.3780231
Senate,Montana,State,Montana,Bodnar? (I),Alme (R),Ravalli County,30081,0.293407976877976,21180.4356,46.08166896,-114.120145
Senate,Montana,State,Montana,Bodnar? (I),Alme (R),Richland County,30083,0.152476494638687,3759.087,47.78794828,-104.5616375
Senate,Montana,State,Montana,Bodnar? (I),Alme (R),Roosevelt County,30085,0.451646456188662,2718.333,48.29447097,-105.0162772
Senate,Montana,State,Montana,Bodnar? (I),Alme (R),Rosebud County,30087,0.309345153251556,2591.6958,46.22979285,-106.7307531
Senate,Montana,State,Montana,Bodnar? (I),Alme (R),Sanders County,30089,0.218906457364595,5716.869,47.67490166,-115.1333094
Senate,Montana,State,Montana,Bodnar? (I),Alme (R),Sheridan County,30091,0.279989335904246,1331.874,48.72121163,-104.5046932
Senate,Montana,State,Montana,Bodnar? (I),Alme (R),Silver Bow County,30093,0.538312737225016,12733.5888,45.90234114,-112.6566556
Senate,Montana,State,Montana,Bodnar? (I),Alme (R),Stillwater County,30095,0.185339874518803,4188.489,45.66951507,-109.394534
Senate,Montana,State,Montana,Bodnar? (I),Alme (R),Sweet Grass County,30097,0.228727121112836,1684.1292,45.813756,-109.939664
Senate,Montana,State,Montana,Bodnar? (I),Alme (R),Teton County,30099,0.269766334546023,2518.188,47.83722455,-112.2407056
Senate,Montana,State,Montana,Bodnar? (I),Alme (R),Toole County,30101,0.210809998575733,1445.4108,48.65534485,-111.6959501
Senate,Montana,State,Montana,Bodnar? (I),Alme (R),Treasure County,30103,0.136281221665665,308.5872,46.21135847,-107.2718156
Senate,Montana,State,Montana,Bodnar? (I),Alme (R),Valley County,30105,0.23831665747941,2877.7212,48.3648329,-106.6682222
Senate,Montana,State,Montana,Bodnar? (I),Alme (R),Wheatland County,30107,0.200516460922426,765.6456,46.46630385,-109.8444012
Senate,Montana,State,Montana,Bodnar? (I),Alme (R),Wibaux County,30109,0.134806060899641,388.6452,46.96556514,-104.2490289
Senate,Montana,State,Montana,Bodnar? (I),Alme (R),Yellowstone County,30111,0.361914220290267,57388.4856,45.93715306,-108.2742553
Senate,Nebraska,State,Nebraska,Osborn (I),Ricketts* (R),Adams County,31001,0.362573284999751,10318.0206,40.5244942,-98.50117804
Senate,Nebraska,State,Nebraska,Osborn (I),Ricketts* (R),Antelope County,31003,0.212384926345682,2494.8984,42.17696571,-98.06660249
Senate,Nebraska,State,Nebraska,Osborn (I),Ricketts* (R),Arthur County,31005,0.166032080453446,204.5118,41.56896142,-101.6959559
Senate,Nebraska,State,Nebraska,Osborn (I),Ricketts* (R),Banner County,31007,0.192897993090282,278.0196,41.54616353,-103.7109624
Senate,Nebraska,State,Nebraska,Osborn (I),Ricketts* (R),Blaine County,31009,0.230179456769981,208.8786,41.91311716,-99.97677845
Senate,Nebraska,State,Nebraska,Osborn (I),Ricketts* (R),Boone County,31011,0.251646563792509,2179.761,41.7067951,-98.06703102
Senate,Nebraska,State,Nebraska,Osborn (I),Ricketts* (R),Box Butte County,31013,0.298185190875473,3544.386,42.22084585,-103.0860173
Senate,Nebraska,State,Nebraska,Osborn (I),Ricketts* (R),Boyd County,31015,0.204880674150784,778.746,42.89966872,-98.76608585
Senate,Nebraska,State,Nebraska,Osborn (I),Ricketts* (R),Brown County,31017,0.20468890795359,1185.5862,42.43016331,-99.92949608
Senate,Nebraska,State,Nebraska,Osborn (I),Ricketts* (R),Buffalo County,31019,0.343602835460264,17066.91,40.85504881,-99.07510068
Senate,Nebraska,State,Nebraska,Osborn (I),Ricketts* (R),Burt County,31021,0.345117369949801,2630.997,41.85154682,-96.32857388
Senate,Nebraska,State,Nebraska,Osborn (I),Ricketts* (R),Butler County,31023,0.27666179114932,3310.0344,41.22599383,-97.13156172
Senate,Nebraska,State,Nebraska,Osborn (I),Ricketts* (R),Cass County,31025,0.377685157279796,11287.4502,40.90976087,-96.14069252
Senate,Nebraska,State,Nebraska,Osborn (I),Ricketts* (R),Cedar County,31027,0.23440473152469,3524.7354,42.59931244,-97.25275919
Senate,Nebraska,State,Nebraska,Osborn (I),Ricketts* (R),Chase County,31029,0.20098935518163,1347.8856,40.52371008,-101.6979407
Senate,Nebraska,State,Nebraska,Osborn (I),Ricketts* (R),Cherry County,31031,0.211738373944353,2209.6008,42.54499866,-101.1185272
Senate,Nebraska,State,Nebraska,Osborn (I),Ricketts* (R),Cheyenne County,31033,0.27026992393223,3259.8162,41.21970871,-102.9949509
Senate,Nebraska,State,Nebraska,Osborn (I),Ricketts* (R),Clay County,31035,0.262589080858535,2368.2612,40.52439441,-98.05126296
Senate,Nebraska,State,Nebraska,Osborn (I),Ricketts* (R),Colfax County,31037,0.333913992583365,2533.4718,41.57404386,-97.086359
Senate,Nebraska,State,Nebraska,Osborn (I),Ricketts* (R),Cuming County,31039,0.267273448500456,3204.5034,41.91637624,-96.78730772
Senate,Nebraska,State,Nebraska,Osborn (I),Ricketts* (R),Custer County,31041,0.217793983941435,4241.6184,41.39416503,-99.72614484
Senate,Nebraska,State,Nebraska,Osborn (I),Ricketts* (R),Dakota County,31043,0.453375778571784,4398.0954,42.39108493,-96.56465437
Senate,Nebraska,State,Nebraska,Osborn (I),Ricketts* (R),Dawes County,31045,0.343695613526309,2768.5512,42.72007965,-103.1354423
Senate,Nebraska,State,Nebraska,Osborn (I),Ricketts* (R),Dawson County,31047,0.337539713610726,6122.9814,40.86987625,-99.81946635
Senate,Nebraska,State,Nebraska,Osborn (I),Ricketts* (R),Deuel County,31049,0.231317349454839,723.4332,41.111546,-102.3338627
Senate,Nebraska,State,Nebraska,Osborn (I),Ricketts* (R),Dixon County,31051,0.295643825470937,2069.8632,42.49349461,-96.86826909
Senate,Nebraska,State,Nebraska,Osborn (I),Ricketts* (R),Dodge County,31053,0.397267699668867,11811.4662,41.57781563,-96.6539044
Senate,Nebraska,State,Nebraska,Osborn (I),Ricketts* (R),Douglas County,31055,0.605759887260886,196252.7256,41.29533784,-96.15494428
Senate,Nebraska,State,Nebraska,Osborn (I),Ricketts* (R),Dundy County,31057,0.194109451616907,673.215,40.17625316,-101.6878043
Senate,Nebraska,State,Nebraska,Osborn (I),Ricketts* (R),Fillmore County,31059,0.295958258207464,2166.6606,40.52458567,-97.59646937
Senate,Nebraska,State,Nebraska,Osborn (I),Ricketts* (R),Franklin County,31061,0.236366924101512,1155.0186,40.17637323,-98.95299529
Senate,Nebraska,State,Nebraska,Osborn (I),Ricketts* (R),Frontier County,31063,0.216713734520604,1017.4644,40.53024724,-100.3936643
Senate,Nebraska,State,Nebraska,Osborn (I),Ricketts* (R),Furnas County,31065,0.23362467612383,1747.4478,40.17646227,-99.91249504
Senate,Nebraska,State,Nebraska,Osborn (I),Ricketts* (R),Gage County,31067,0.374193244178561,7834.767,40.26183622,-96.68942195
Senate,Nebraska,State,Nebraska,Osborn (I),Ricketts* (R),Garden County,31069,0.229947152246662,808.5858,41.61911486,-102.3353283
Senate,Nebraska,State,Nebraska,Osborn (I),Ricketts* (R),Garfield County,31071,0.204775426174028,734.3502,41.91428955,-98.99111827
Senate,Nebraska,State,Nebraska,Osborn (I),Ricketts* (R),Gosper County,31073,0.252930397148373,807.858,40.51481965,-99.83020279
Senate,Nebraska,State,Nebraska,Osborn (I),Ricketts* (R),Grant County,31075,0.141456045842886,266.3748,41.91528587,-101.740701
Senate,Nebraska,State,Nebraska,Osborn (I),Ricketts* (R),Greeley County,31077,0.252738299179326,889.3716,41.56747021,-98.52144222
Senate,Nebraska,State,Nebraska,Osborn (I),Ricketts* (R),Hall County,31079,0.384893858538978,16391.5116,40.87261328,-98.50212614
Senate,Nebraska,State,Nebraska,Osborn (I),Ricketts* (R),Hamilton County,31081,0.275896647924853,3990.5274,40.87318318,-98.02280046
Senate,Nebraska,State,Nebraska,Osborn (I),Ricketts* (R),Harlan County,31083,0.241000129747653,1299.8508,40.17656663,-99.40436605
Senate,Nebraska,State,Nebraska,Osborn (I),Ricketts* (R),Hayes County,31085,0.145483950439586,357.3498,40.52447865,-101.0616334
Senate,Nebraska,State,Nebraska,Osborn (I),Ricketts* (R),Hitchcock County,31087,0.205906190482971,1034.2038,40.17616691,-101.0419762
Senate,Nebraska,State,Nebraska,Osborn (I),Ricketts* (R),Holt County,31089,0.226418076509245,3922.1142,42.45557846,-98.78376243
Senate,Nebraska,State,Nebraska,Osborn (I),Ricketts* (R),Hooker County,31091,0.224942592282209,308.5872,41.91586243,-101.1354293
Senate,Nebraska,State,Nebraska,Osborn (I),Ricketts* (R),Howard County,31093,0.267266599320928,2554.578,41.2200529,-98.5166499
Senate,Nebraska,State,Nebraska,Osborn (I),Ricketts* (R),Jefferson County,31095,0.337052086367561,2606.9796,40.17580816,-97.14261379
Senate,Nebraska,State,Nebraska,Osborn (I),Ricketts* (R),Johnson County,31097,0.359915000821121,1543.6638,40.39252282,-96.26520163
Senate,Nebraska,State,Nebraska,Osborn (I),Ricketts* (R),Kearney County,31099,0.276311334143427,2593.8792,40.50675437,-98.94803186
Senate,Nebraska,State,Nebraska,Osborn (I),Ricketts* (R),Keith County,31101,0.262937068351698,3018.1866,41.19906619,-101.6614388
Senate,Nebraska,State,Nebraska,Osborn (I),Ricketts* (R),Keya Paha County,31103,0.179868207428016,395.9232,42.87883323,-99.71213247
Senate,Nebraska,State,Nebraska,Osborn (I),Ricketts* (R),Kimball County,31105,0.250220368721291,1234.3488,41.19760039,-103.7149939
Senate,Nebraska,State,Nebraska,Osborn (I),Ricketts* (R),Knox County,31107,0.274604719957274,3187.0362,42.63684531,-97.89176183
Senate,Nebraska,State,Nebraska,Osborn (I),Ricketts* (R),Lancaster County,31109,0.585696368065277,112974.2106,40.78416865,-96.68776297
Senate,Nebraska,State,Nebraska,Osborn (I),Ricketts* (R),Lincoln County,31111,0.301613519342741,11834.028,41.04750134,-100.7452801
Senate,Nebraska,State,Nebraska,Osborn (I),Ricketts* (R),Logan County,31113,0.1673204455641,315.8652,41.56652317,-100.482244
Senate,Nebraska,State,Nebraska,Osborn (I),Ricketts* (R),Loup County,31115,0.240138331718172,310.7706,41.91371961,-99.45440415
Senate,Nebraska,State,Nebraska,Osborn (I),Ricketts* (R),Madison County,31119,0.301063313449061,11284.539,41.9166434,-97.60078361
Senate,Nebraska,State,Nebraska,Osborn (I),Ricketts* (R),McPherson County,31117,0.141743761246833,203.0562,41.56796544,-101.0603939
Senate,Nebraska,State,Nebraska,Osborn (I),Ricketts* (R),Merrick County,31121,0.25505780675289,3115.7118,41.16916952,-98.03760529
Senate,Nebraska,State,Nebraska,Osborn (I),Ricketts* (R),Morrill County,31123,0.248283493330588,1740.8976,41.7164533,-103.0105871
Senate,Nebraska,State,Nebraska,Osborn (I),Ricketts* (R),Nance County,31125,0.277337920900872,1320.2292,41.3972847,-97.99248173
Senate,Nebraska,State,Nebraska,Osborn (I),Ricketts* (R),Nemaha County,31127,0.334363181371693,2443.9524,40.38784773,-95.84990553
Senate,Nebraska,State,Nebraska,Osborn (I),Ricketts* (R),Nuckolls County,31129,0.253640779608577,1626.633,40.17636285,-98.04739392
Senate,Nebraska,State,Nebraska,Osborn (I),Ricketts* (R),Otoe County,31131,0.363724381608112,5905.3692,40.64856103,-96.1350641
Senate,Nebraska,State,Nebraska,Osborn (I),Ricketts* (R),Pawnee County,31133,0.293447054763015,996.3582,40.13139323,-96.23706382
Senate,Nebraska,State,Nebraska,Osborn (I),Ricketts* (R),Perkins County,31135,0.215891282066178,1026.9258,40.85082266,-101.6502998
Senate,Nebraska,State,Nebraska,Osborn (I),Ricketts* (R),Phelps County,31137,0.235849212459139,3577.8648,40.51115428,-99.41426701
Senate,Nebraska,State,Nebraska,Osborn (I),Ricketts* (R),Pierce County,31139,0.207341627048051,2813.6748,42.26434853,-97.60122773
Senate,Nebraska,State,Nebraska,Osborn (I),Ricketts* (R),Platte County,31141,0.283689721366477,11293.2726,41.57115154,-97.52073009
Senate,Nebraska,State,Nebraska,Osborn (I),Ricketts* (R),Polk County,31143,0.260742758597959,2035.6566,41.18687055,-97.56825226
Senate,Nebraska,State,Nebraska,Osborn (I),Ricketts* (R),Red Willow County,31145,0.24095988971154,3836.9616,40.17604429,-100.477247
Senate,Nebraska,State,Nebraska,Osborn (I),Ricketts* (R),Richardson County,31147,0.314713014065484,2835.5088,40.12499676,-95.71768995
Senate,Nebraska,State,Nebraska,Osborn (I),Ricketts* (R),Rock County,31149,0.178462067552941,604.074,42.42142393,-99.44982378
Senate,Nebraska,State,Nebraska,Osborn (I),Ricketts* (R),Saline County,31151,0.410234156715168,4067.6742,40.52415215,-97.14080062
Senate,Nebraska,State,Nebraska,Osborn (I),Ricketts* (R),Sarpy County,31153,0.493301999659564,72337.4976,41.11287068,-96.11218009
Senate,Nebraska,State,Nebraska,Osborn (I),Ricketts* (R),Saunders County,31155,0.335158699677031,9761.2536,41.22629371,-96.63733984
Senate,Nebraska,State,Nebraska,Osborn (I),Ricketts* (R),Scotts Bluff County,31157,0.343738625585458,10836.2142,41.85095717,-103.7084612
Senate,Nebraska,State,Nebraska,Osborn (I),Ricketts* (R),Seward County,31159,0.3343742375554,6590.229,40.8724014,-97.13966029
Senate,Nebraska,State,Nebraska,Osborn (I),Ricketts* (R),Sheridan County,31161,0.234516585968931,1793.2992,42.50454159,-102.4088866
Senate,Nebraska,State,Nebraska,Osborn (I),Ricketts* (R),Sherman County,31163,0.282622603172954,1216.8816,41.22045983,-98.97588642
Senate,Nebraska,State,Nebraska,Osborn (I),Ricketts* (R),Sioux County,31165,0.19779408740117,490.5372,42.48797315,-103.7588138
Senate,Nebraska,State,Nebraska,Osborn (I),Ricketts* (R),Stanton County,31167,0.254546385729421,2203.7784,41.9169835,-97.19394708
Senate,Nebraska,State,Nebraska,Osborn (I),Ricketts* (R),Thayer County,31169,0.2690527275685,2053.8516,40.17621044,-97.59506372
Senate,Nebraska,State,Nebraska,Osborn (I),Ricketts* (R),Thomas County,31171,0.205829047587909,285.2976,41.91358968,-100.5556632
Senate,Nebraska,State,Nebraska,Osborn (I),Ricketts* (R),Thurston County,31173,0.547462946600973,1530.5634,42.15819496,-96.54400362
Senate,Nebraska,State,Nebraska,Osborn (I),Ricketts* (R),Valley County,31175,0.258714925162869,1655.745,41.56723462,-98.98208511
Senate,Nebraska,State,Nebraska,Osborn (I),Ricketts* (R),Washington County,31177,0.352212307808241,9019.6254,41.53110052,-96.22188779
Senate,Nebraska,State,Nebraska,Osborn (I),Ricketts* (R),Wayne County,31179,0.325830895724079,2923.5726,42.20934475,-97.11926964
Senate,Nebraska,State,Nebraska,Osborn (I),Ricketts* (R),Webster County,31181,0.257980759263077,1270.011,40.17643706,-98.50021623
Senate,Nebraska,State,Nebraska,Osborn (I),Ricketts* (R),Wheeler County,31183,0.213724014686663,350.0718,41.91485543,-98.52795068
Senate,Nebraska,State,Nebraska,Osborn (I),Ricketts* (R),York County,31185,0.306733082031393,5008.7196,40.87272618,-97.59710186
Senate,New Hampshire,State,New Hampshire,Pappas (D),Sununu (R),Belknap County,33001,0.462480316142598,29282.3052,43.51832231,-71.4226598
Senate,New Hampshire,State,New Hampshire,Pappas (D),Sununu (R),Carroll County,33003,0.519477265326011,24925.6944,43.87378859,-71.20268868
Senate,New Hampshire,State,New Hampshire,Pappas (D),Sununu (R),Cheshire County,33005,0.578628915440886,32505.0036,42.91955278,-72.25111371
Senate,New Hampshire,State,New Hampshire,Pappas (D),Sununu (R),Coos County,33007,0.459088819342566,12446.1078,44.68948989,-71.30563958
Senate,New Hampshire,State,New Hampshire,Pappas (D),Sununu (R),Grafton County,33009,0.629238797821903,39957.6756,43.94073661,-71.82064764
Senate,New Hampshire,State,New Hampshire,Pappas (D),Sununu (R),Hillsborough County,33011,0.542849110125884,168000.2574,42.9153307,-71.71602867
Senate,New Hampshire,State,New Hampshire,Pappas (D),Sununu (R),Merrimack County,33013,0.554604763786126,66626.451,43.2975734,-71.68059329
Senate,New Hampshire,State,New Hampshire,Pappas (D),Sununu (R),Rockingham County,33015,0.515984531571025,145669.17,42.98749699,-71.12556353
Senate,New Hampshire,State,New Hampshire,Pappas (D),Sununu (R),Strafford County,33017,0.589267033453136,54974.373,43.29717653,-71.02927319
Senate,New Hampshire,State,New Hampshire,Pappas (D),Sununu (R),Sullivan County,33019,0.524928498770014,18050.1678,43.36150987,-72.22243767
Senate,New Jersey,State,New Jersey,Booker* (D),Murphy (R),Atlantic County,34001,0.533618149601608,92937.1488,39.47790545,-74.66040811
Senate,New Jersey,State,New Jersey,Booker* (D),Murphy (R),Bergen County,34003,0.574765441088029,327332.4168,40.96008351,-74.07441147
Senate,New Jersey,State,New Jersey,Booker* (D),Murphy (R),Burlington County,34005,0.61537303256502,164767.3698,39.87782133,-74.6680045
Senate,New Jersey,State,New Jersey,Booker* (D),Murphy (R),Camden County,34007,0.678879042475304,177065.7342,39.80401748,-74.96012063
Senate,New Jersey,State,New Jersey,Booker* (D),Murphy (R),Cape May County,34009,0.437646928078526,39154.9122,39.14901203,-74.80053334
Senate,New Jersey,State,New Jersey,Booker* (D),Murphy (R),Cumberland County,34011,0.535359703069761,40212.4056,39.37323951,-75.11135485
Senate,New Jersey,State,New Jersey,Booker* (D),Murphy (R),Essex County,34013,0.780674001543064,224529.2112,40.78746195,-74.24718209
Senate,New Jersey,State,New Jersey,Booker* (D),Murphy (R),Gloucester County,34015,0.524188839515814,117928.3452,39.71694144,-75.14071747
Senate,New Jersey,State,New Jersey,Booker* (D),Murphy (R),Hudson County,34017,0.719060875145387,163520.6484,40.73476975,-74.07753388
Senate,New Jersey,State,New Jersey,Booker* (D),Murphy (R),Hunterdon County,34019,0.487754069538544,57777.1308,40.56697742,-74.91261058
Senate,New Jersey,State,New Jersey,Booker* (D),Murphy (R),Mercer County,34021,0.707900410603717,116325.7296,40.28339139,-74.70164497
Senate,New Jersey,State,New Jersey,Booker* (D),Murphy (R),Middlesex County,34023,0.602137736128086,257831.1558,40.43949114,-74.41108832
Senate,New Jersey,State,New Jersey,Booker* (D),Murphy (R),Monmouth County,34025,0.482750570202489,257489.0898,40.2606812,-74.22051128
Senate,New Jersey,State,New Jersey,Booker* (D),Murphy (R),Morris County,34027,0.5220690534605,203136.9858,40.86163004,-74.54440839
Senate,New Jersey,State,New Jersey,Booker* (D),Murphy (R),Ocean County,34029,0.361628627446567,242372.6838,39.88494891,-74.28147189
Senate,New Jersey,State,New Jersey,Booker* (D),Murphy (R),Passaic County,34031,0.569263939099556,142728.858,41.03446344,-74.30115633
Senate,New Jersey,State,New Jersey,Booker* (D),Murphy (R),Salem County,34033,0.448327996515549,22200.8112,39.58787069,-75.34910669
Senate,New Jersey,State,New Jersey,Booker* (D),Murphy (R),Somerset County,34035,0.602755531791085,125830.0698,40.56375707,-74.61645904
Senate,New Jersey,State,New Jersey,Booker* (D),Murphy (R),Sussex County,34037,0.413142313531596,60510.7476,41.13935722,-74.69082533
Senate,New Jersey,State,New Jersey,Booker* (D),Murphy (R),Union County,34039,0.676432468129444,172044.642,40.65928966,-74.30721513
Senate,New Jersey,State,New Jersey,Booker* (D),Murphy (R),Warren County,34041,0.430158028252489,43005.702,40.85746195,-74.99647914
Senate,New Mexico,State,New Mexico,Lujan* (D),Marker (R),Bernalillo County,35001,0.650263232204453,220435.3362,35.05121905,-106.6705759
Senate,New Mexico,State,New Mexico,Lujan* (D),Marker (R),Catron County,35003,0.297674556211042,1690.6794,33.91502948,-108.4054839
Senate,New Mexico,State,New Mexico,Lujan* (D),Marker (R),Chaves County,35005,0.329654533148327,15891.513,33.36323485,-104.4668372
Senate,New Mexico,State,New Mexico,Lujan* (D),Marker (R),Cibola County,35006,0.564952547048432,6376.2558,34.91240949,-107.9992972
Senate,New Mexico,State,New Mexico,Lujan* (D),Marker (R),Colfax County,35007,0.484267315998575,4139.7264,36.60619925,-104.6468731
Senate,New Mexico,State,New Mexico,Lujan* (D),Marker (R),Curry County,35009,0.342197955744995,10876.2432,34.57414777,-103.3468992
Senate,New Mexico,State,New Mexico,Lujan* (D),Marker (R),De Baca County,35011,0.301841316180805,622.269,34.34266,-104.4120813
Senate,New Mexico,State,New Mexico,Lujan* (D),Marker (R),Doña Ana County,35013,0.623370669970133,60793.8618,32.35265229,-106.8330858
Senate,New Mexico,State,New Mexico,Lujan* (D),Marker (R),Eddy County,35015,0.278854720817176,16865.3094,32.47155056,-104.3041733
Senate,New Mexico,State,New Mexico,Lujan* (D),Marker (R),Grant County,35017,0.579791253495905,10102.5918,32.73885662,-108.3823282
Senate,New Mexico,State,New Mexico,Lujan* (D),Marker (R),Guadalupe County,35019,0.589810101708169,1385.7312,34.86315461,-104.7904138
Senate,New Mexico,State,New Mexico,Lujan* (D),Marker (R),Harding County,35021,0.360451905158942,309.315,35.85799759,-103.820322
Senate,New Mexico,State,New Mexico,Lujan* (D),Marker (R),Hidalgo County,35023,0.453300325177621,1342.791,31.91398466,-108.7148057
Senate,New Mexico,State,New Mexico,Lujan* (D),Marker (R),Lea County,35025,0.246786945984543,15230.6706,32.79215735,-103.4124539
Senate,New Mexico,State,New Mexico,Lujan* (D),Marker (R),Lincoln County,35027,0.351620487968865,7259.805,33.74510826,-105.4585461
Senate,New Mexico,State,New Mexico,Lujan* (D),Marker (R),Los Alamos County,35028,0.681080360014422,8568.3894,35.86926339,-106.3065081
Senate,New Mexico,State,New Mexico,Lujan* (D),Marker (R),Luna County,35029,0.47338206291342,5730.6972,32.18233304,-107.7498996
Senate,New Mexico,State,New Mexico,Lujan* (D),Marker (R),McKinley County,35031,0.699749466308619,18249.585,35.58040415,-108.2616781
Senate,New Mexico,State,New Mexico,Lujan* (D),Marker (R),Mora County,35033,0.661792848086365,1782.3822,36.00972846,-104.944561
Senate,New Mexico,State,New Mexico,Lujan* (D),Marker (R),Otero County,35035,0.411462982704447,17248.1322,32.61323163,-105.7417441
Senate,New Mexico,State,New Mexico,Lujan* (D),Marker (R),Quay County,35037,0.358084648349466,2638.275,35.10459783,-103.5493944
Senate,New Mexico,State,New Mexico,Lujan* (D),Marker (R),Rio Arriba County,35039,0.674808746232139,11383.5198,36.50984697,-106.6929637
Senate,New Mexico,State,New Mexico,Lujan* (D),Marker (R),Roosevelt County,35041,0.334116154733622,4735.7946,34.02127232,-103.4801987
Senate,New Mexico,State,New Mexico,Lujan* (D),Marker (R),San Juan County,35045,0.464140038214691,37647.6384,36.50824605,-108.3206012
Senate,New Mexico,State,New Mexico,Lujan* (D),Marker (R),San Miguel County,35047,0.566094943371959,7912.6416,35.48004639,-104.8156292
Senate,New Mexico,State,New Mexico,Lujan* (D),Marker (R),Sandoval County,35043,0.651145781085241,56630.118,35.68909544,-106.8658272
Senate,New Mexico,State,New Mexico,Lujan* (D),Marker (R),Santa Fe County,35049,0.804586017796571,59579.1636,35.50670942,-105.9759986
Senate,New Mexico,State,New Mexico,Lujan* (D),Marker (R),Sierra County,35051,0.440358475399409,4224.879,33.13025321,-107.1925539
Senate,New Mexico,State,New Mexico,Lujan* (D),Marker (R),Socorro County,35053,0.546937636889126,5120.073,34.00682919,-106.9307263
Senate,New Mexico,State,New Mexico,Lujan* (D),Marker (R),Taos County,35055,0.810522877856511,11773.6206,36.57834262,-105.630976
Senate,New Mexico,State,New Mexico,Lujan* (D),Marker (R),Torrance County,35057,0.359470306483153,5112.0672,34.64043207,-105.8505392
Senate,New Mexico,State,New Mexico,Lujan* (D),Marker (R),Union County,35059,0.285419046357837,1182.675,36.48166105,-103.4710696
Senate,New Mexico,State,New Mexico,Lujan* (D),Marker (R),Valencia County,35061,0.473431385687979,23774.3148,34.71536166,-106.8090108
Senate,North Carolina,State,North Carolina,Cooper (D),Whatley (R),Alamance County,37001,0.513611244338392,64454.6958,36.04378576,-79.39913194
Senate,North Carolina,State,North Carolina,Cooper (D),Whatley (R),Alexander County,37003,0.253296355475838,14893.6992,35.92074753,-81.17692946
Senate,North Carolina,State,North Carolina,Cooper (D),Whatley (R),Alleghany County,37005,0.293201672895169,4681.9374,36.49135989,-81.1277104
Senate,North Carolina,State,North Carolina,Cooper (D),Whatley (R),Anson County,37007,0.542280873644853,7844.2284,34.97378348,-80.10243931
Senate,North Carolina,State,North Carolina,Cooper (D),Whatley (R),Ashe County,37009,0.33080203443385,11688.468,36.43415234,-81.50052459
Senate,North Carolina,State,North Carolina,Cooper (D),Whatley (R),Avery County,37011,0.291044261122593,6842.0478,36.07667708,-81.92267092
Senate,North Carolina,State,North Carolina,Cooper (D),Whatley (R),Beaufort County,37013,0.398379906557436,19173.891,35.49296573,-76.85887749
Senate,North Carolina,State,North Carolina,Cooper (D),Whatley (R),Bertie County,37015,0.633800365481324,6636.8082,36.0658315,-76.9766892
Senate,North Carolina,State,North Carolina,Cooper (D),Whatley (R),Bladen County,37017,0.452377404939156,12121.509,34.61418037,-78.56283195
Senate,North Carolina,State,North Carolina,Cooper (D),Whatley (R),Brunswick County,37019,0.429680854784164,78758.877,34.07037851,-78.23791614
Senate,North Carolina,State,North Carolina,Cooper (D),Whatley (R),Buncombe County,37021,0.680617406073298,114758.0484,35.6112775,-82.53035424
Senate,North Carolina,State,North Carolina,Cooper (D),Whatley (R),Burke County,37023,0.347221094319132,33043.5756,35.74914733,-81.70505869
Senate,North Carolina,State,North Carolina,Cooper (D),Whatley (R),Cabarrus County,37025,0.515775354207298,86055.072,35.38756942,-80.55133048
Senate,North Carolina,State,North Carolina,Cooper (D),Whatley (R),Caldwell County,37027,0.290005183383024,31408.209,35.95288519,-81.5469666
Senate,North Carolina,State,North Carolina,Cooper (D),Whatley (R),Camden County,37029,0.298887628013872,4540.0164,36.38675278,-76.20583468
Senate,North Carolina,State,North Carolina,Cooper (D),Whatley (R),Carteret County,37031,0.337615791608594,32984.6238,34.8275267,-76.65336214
Senate,North Carolina,State,North Carolina,Cooper (D),Whatley (R),Caswell County,37033,0.431260369705731,8688.4764,36.39327555,-79.33355984
Senate,North Carolina,State,North Carolina,Cooper (D),Whatley (R),Catawba County,37035,0.363317436838392,62697.0588,35.66260115,-81.21481079
Senate,North Carolina,State,North Carolina,Cooper (D),Whatley (R),Chatham County,37037,0.618048177375768,37496.9838,35.70266277,-79.25545829
Senate,North Carolina,State,North Carolina,Cooper (D),Whatley (R),Cherokee County,37039,0.264700524833595,12786.7182,35.13376757,-84.06424533
Senate,North Carolina,State,North Carolina,Cooper (D),Whatley (R),Chowan County,37041,0.441827798883723,5445.3996,36.14854015,-76.60802425
Senate,North Carolina,State,North Carolina,Cooper (D),Whatley (R),Clay County,37043,0.302810397328868,5574.948,35.05771746,-83.75018218
Senate,North Carolina,State,North Carolina,Cooper (D),Whatley (R),Cleveland County,37045,0.37881590349905,37304.8446,35.33410942,-81.55570623
Senate,North Carolina,State,North Carolina,Cooper (D),Whatley (R),Columbus County,37047,0.384472340906529,19097.472,34.26573301,-78.65514472
Senate,North Carolina,State,North Carolina,Cooper (D),Whatley (R),Craven County,37049,0.451579533496621,40384.1664,35.12343918,-77.09255683
Senate,North Carolina,State,North Carolina,Cooper (D),Whatley (R),Cumberland County,37051,0.622750922527299,100779.1938,35.04887721,-78.82718356
Senate,North Carolina,State,North Carolina,Cooper (D),Whatley (R),Currituck County,37053,0.312985385769866,12983.2242,36.40311519,-76.00390334
Senate,North Carolina,State,North Carolina,Cooper (D),Whatley (R),Dare County,37055,0.460030675040903,18097.4748,35.7632084,-75.78245555
Senate,North Carolina,State,North Carolina,Cooper (D),Whatley (R),Davidson County,37057,0.317088532777824,67036.9302,35.79311799,-80.21253309
Senate,North Carolina,State,North Carolina,Cooper (D),Whatley (R),Davie County,37059,0.319736583954856,19203.7308,35.92957297,-80.54428142
Senate,North Carolina,State,North Carolina,Cooper (D),Whatley (R),Duplin County,37061,0.409302266858203,16545.8052,34.93627171,-77.93295681
Senate,North Carolina,State,North Carolina,Cooper (D),Whatley (R),Durham County,37063,0.86960619712868,129041.1234,36.03605321,-78.87606872
Senate,North Carolina,State,North Carolina,Cooper (D),Whatley (R),Edgecombe County,37065,0.669205498766864,17652.789,35.91303781,-77.59635385
Senate,North Carolina,State,North Carolina,Cooper (D),Whatley (R),Forsyth County,37067,0.621552764102451,146605.8486,36.13057844,-80.25626566
Senate,North Carolina,State,North Carolina,Cooper (D),Whatley (R),Franklin County,37069,0.486368116855738,30644.019,36.08251637,-78.2853416
Senate,North Carolina,State,North Carolina,Cooper (D),Whatley (R),Gaston County,37071,0.42865436569607,85800.342,35.29432138,-81.18014844
Senate,North Carolina,State,North Carolina,Cooper (D),Whatley (R),Gates County,37073,0.445529552537894,4225.6068,36.44475497,-76.70046305
Senate,North Carolina,State,North Carolina,Cooper (D),Whatley (R),Graham County,37075,0.232578119772449,3436.6716,35.35024285,-83.83311406
Senate,North Carolina,State,North Carolina,Cooper (D),Whatley (R),Granville County,37077,0.507368617069114,23106.1944,36.30365992,-78.65301
Senate,North Carolina,State,North Carolina,Cooper (D),Whatley (R),Greene County,37079,0.463968439396435,6114.9756,35.48563343,-77.67650726
Senate,North Carolina,State,North Carolina,Cooper (D),Whatley (R),Guilford County,37081,0.665609568290419,203925.921,36.07964464,-79.78852575
Senate,North Carolina,State,North Carolina,Cooper (D),Whatley (R),Halifax County,37083,0.643920690013422,17315.8176,36.25737352,-77.65158415
Senate,North Carolina,State,North Carolina,Cooper (D),Whatley (R),Harnett County,37085,0.427991743928636,45787.3536,35.368729,-78.86964365
Senate,North Carolina,State,North Carolina,Cooper (D),Whatley (R),Haywood County,37087,0.427841860358706,27151.3068,35.55576195,-82.98251028
Senate,North Carolina,State,North Carolina,Cooper (D),Whatley (R),Henderson County,37089,0.481298426615612,50114.8524,35.33655768,-82.48021492
Senate,North Carolina,State,North Carolina,Cooper (D),Whatley (R),Hertford County,37091,0.689743304711327,7097.5056,36.35892018,-76.98162611
Senate,North Carolina,State,North Carolina,Cooper (D),Whatley (R),Hoke County,37093,0.584953084535646,16334.0154,35.01716668,-79.23678619
Senate,North Carolina,State,North Carolina,Cooper (D),Whatley (R),Hyde County,37095,0.443463443964471,1743.8088,35.51917533,-76.24647047
Senate,North Carolina,State,North Carolina,Cooper (D),Whatley (R),Iredell County,37097,0.390292633749771,79723.212,35.8068797,-80.87332588
Senate,North Carolina,State,North Carolina,Cooper (D),Whatley (R),Jackson County,37099,0.507317701416117,15678.2676,35.28733908,-83.14111074
Senate,North Carolina,State,North Carolina,Cooper (D),Whatley (R),Johnston County,37101,0.446105245267915,89515.0332,35.51761602,-78.36537336
Senate,North Carolina,State,North Carolina,Cooper (D),Whatley (R),Jones County,37103,0.425467855551483,3941.7648,35.02185042,-77.35562096
Senate,North Carolina,State,North Carolina,Cooper (D),Whatley (R),Lee County,37105,0.466717290844761,21640.4052,35.47515626,-79.17158398
Senate,North Carolina,State,North Carolina,Cooper (D),Whatley (R),Lenoir County,37107,0.520714897874352,19842.7392,35.23892735,-77.64152691
Senate,North Carolina,State,North Carolina,Cooper (D),Whatley (R),Lincoln County,37109,0.324631110202082,40047.195,35.48589556,-81.22393811
Senate,North Carolina,State,North Carolina,Cooper (D),Whatley (R),Macon County,37113,0.363127836595213,15761.2368,35.15057533,-83.42232408
Senate,North Carolina,State,North Carolina,Cooper (D),Whatley (R),Madison County,37115,0.435744662131424,9727.047,35.85793329,-82.70612535
Senate,North Carolina,State,North Carolina,Cooper (D),Whatley (R),Martin County,37117,0.503022236808046,8705.2158,35.84087616,-77.10604281
Senate,North Carolina,State,North Carolina,Cooper (D),Whatley (R),McDowell County,37111,0.307171800450951,17053.0818,35.68110614,-82.04845774
Senate,North Carolina,State,North Carolina,Cooper (D),Whatley (R),Mecklenburg County,37119,0.72210581150876,410642.2272,35.24675454,-80.83268027
Senate,North Carolina,State,North Carolina,Cooper (D),Whatley (R),Mitchell County,37121,0.273556397852373,6374.0724,36.01324162,-82.16391398
Senate,North Carolina,State,North Carolina,Cooper (D),Whatley (R),Montgomery County,37123,0.364464785870676,9533.4522,35.3323375,-79.90576665
Senate,North Carolina,State,North Carolina,Cooper (D),Whatley (R),Moore County,37125,0.406003947990817,44434.3734,35.31080558,-79.48151986
Senate,North Carolina,State,North Carolina,Cooper (D),Whatley (R),Nash County,37127,0.546013746889814,37801.2042,35.96771851,-77.9861842
Senate,North Carolina,State,North Carolina,Cooper (D),Whatley (R),New Hanover County,37129,0.558061575211271,99536.1114,34.2322858,-77.88474375
Senate,North Carolina,State,North Carolina,Cooper (D),Whatley (R),Northampton County,37131,0.627843177173946,6655.0032,36.41780769,-77.39657442
Senate,North Carolina,State,North Carolina,Cooper (D),Whatley (R),Onslow County,37133,0.373385356375903,58692.7032,34.72975141,-77.42736897
Senate,North Carolina,State,North Carolina,Cooper (D),Whatley (R),Orange County,37135,0.813670184667575,62772.75,36.06127743,-79.12071407
Senate,North Carolina,State,North Carolina,Cooper (D),Whatley (R),Pamlico County,37137,0.393419094273493,5753.259,35.14691784,-76.72927678
Senate,North Carolina,State,North Carolina,Cooper (D),Whatley (R),Pasquotank County,37139,0.530304925427236,14618.5908,36.29472462,-76.28360001
Senate,North Carolina,State,North Carolina,Cooper (D),Whatley (R),Pender County,37141,0.378518722405874,28021.7556,34.52447523,-77.90598182
Senate,North Carolina,State,North Carolina,Cooper (D),Whatley (R),Perquimans County,37143,0.355548434783275,5492.7066,36.20508496,-76.4395049
Senate,North Carolina,State,North Carolina,Cooper (D),Whatley (R),Person County,37145,0.435333952783517,15868.9512,36.38999755,-78.9715773
Senate,North Carolina,State,North Carolina,Cooper (D),Whatley (R),Pitt County,37147,0.585085918703857,62589.3444,35.59325583,-77.37489067
Senate,North Carolina,State,North Carolina,Cooper (D),Whatley (R),Polk County,37149,0.428101582421613,9413.3652,35.27959223,-82.17008141
Senate,North Carolina,State,North Carolina,Cooper (D),Whatley (R),Randolph County,37151,0.266709336425419,54809.1624,35.71023333,-79.8058818
Senate,North Carolina,State,North Carolina,Cooper (D),Whatley (R),Richmond County,37153,0.44981751889173,14350.7604,35.00590629,-79.74711644
Senate,North Carolina,State,North Carolina,Cooper (D),Whatley (R),Robeson County,37155,0.415610760471317,33751.725,34.64028878,-79.10352623
Senate,North Carolina,State,North Carolina,Cooper (D),Whatley (R),Rockingham County,37157,0.374016487928216,35751.7194,36.39621434,-79.77527984
Senate,North Carolina,State,North Carolina,Cooper (D),Whatley (R),Rowan County,37159,0.373794538497095,54290.241,35.64030608,-80.52501519
Senate,North Carolina,State,North Carolina,Cooper (D),Whatley (R),Rutherford County,37161,0.314253258042147,25014.486,35.4018617,-81.92041527
Senate,North Carolina,State,North Carolina,Cooper (D),Whatley (R),Sampson County,37163,0.405104710836126,20360.205,34.99203592,-78.37163083
Senate,North Carolina,State,North Carolina,Cooper (D),Whatley (R),Scotland County,37165,0.520018652304151,10568.3838,34.84114162,-79.48032175
Senate,North Carolina,State,North Carolina,Cooper (D),Whatley (R),Stanly County,37167,0.298889389686346,26491.1922,35.31173842,-80.25088954
Senate,North Carolina,State,North Carolina,Cooper (D),Whatley (R),Stokes County,37169,0.254691208202153,19598.1984,36.40186627,-80.23912302
Senate,North Carolina,State,North Carolina,Cooper (D),Whatley (R),Surry County,37171,0.286568436945492,27058.1484,36.41459623,-80.68725838
Senate,North Carolina,State,North Carolina,Cooper (D),Whatley (R),Swain County,37173,0.434968195196391,5061.1212,35.48677176,-83.4921876
Senate,North Carolina,State,North Carolina,Cooper (D),Whatley (R),Transylvania County,37175,0.493327629908989,14893.6992,35.20208661,-82.79867801
Senate,North Carolina,State,North Carolina,Cooper (D),Whatley (R),Tyrrell County,37177,0.44637873263884,1264.1886,35.81805644,-76.20702207
Senate,North Carolina,State,North Carolina,Cooper (D),Whatley (R),Union County,37179,0.427195243341826,100028.1042,34.98836835,-80.53061478
Senate,North Carolina,State,North Carolina,Cooper (D),Whatley (R),Vance County,37181,0.622165321084095,14487.5868,36.36465914,-78.40836693
Senate,North Carolina,State,North Carolina,Cooper (D),Whatley (R),Wake County,37183,0.684838252803288,465587.4882,35.78982367,-78.65050164
Senate,North Carolina,State,North Carolina,Cooper (D),Whatley (R),Warren County,37185,0.651162370824699,7167.3744,36.39674307,-78.10671227
Senate,North Carolina,State,North Carolina,Cooper (D),Whatley (R),Washington County,37187,0.586223247384439,4298.3868,35.82268131,-76.57653423
Senate,North Carolina,State,North Carolina,Cooper (D),Whatley (R),Watauga County,37189,0.585241853139198,23638.2162,36.23087329,-81.69605652
Senate,North Carolina,State,North Carolina,Cooper (D),Whatley (R),Wayne County,37191,0.472220842561256,39445.3044,35.36389637,-78.00407767
Senate,North Carolina,State,North Carolina,Cooper (D),Whatley (R),Wilkes County,37193,0.2546992035026,26205.1668,36.20617699,-81.16305367
Senate,North Carolina,State,North Carolina,Cooper (D),Whatley (R),Wilson County,37195,0.556903759297089,28863.8202,35.70531169,-77.9189122
Senate,North Carolina,State,North Carolina,Cooper (D),Whatley (R),Yadkin County,37197,0.240199992852986,14685.5484,36.1604416,-80.66532457
Senate,North Carolina,State,North Carolina,Cooper (D),Whatley (R),Yancey County,37199,0.381083664072883,8110.6032,35.8984235,-82.30812844
Senate,Oklahoma,State,Oklahoma,Thomas (D),Hern (R),Adair County,40001,0.217181186690449,5203.0422,35.88406262,-94.65863245
Senate,Oklahoma,State,Oklahoma,Thomas (D),Hern (R),Alfalfa County,40003,0.147830644799635,1548.0306,36.73091839,-98.32176345
Senate,Oklahoma,State,Oklahoma,Thomas (D),Hern (R),Atoka County,40005,0.175710681301915,4083.6858,34.37367259,-96.03794859
Senate,Oklahoma,State,Oklahoma,Thomas (D),Hern (R),Beaver County,40007,0.11225792832623,1525.4688,36.74966893,-100.4765456
Senate,Oklahoma,State,Oklahoma,Thomas (D),Hern (R),Beckham County,40009,0.181319225017266,5507.2626,35.26792649,-99.68042577
Senate,Oklahoma,State,Oklahoma,Thomas (D),Hern (R),Blaine County,40011,0.217010477124837,2711.055,35.87536168,-98.432652
Senate,Oklahoma,State,Oklahoma,Thomas (D),Hern (R),Bryan County,40013,0.240029709774804,12785.9904,33.96278604,-96.26246372
Senate,Oklahoma,State,Oklahoma,Thomas (D),Hern (R),Caddo County,40015,0.296446141410036,6768.54,35.17437642,-98.37502407
Senate,Oklahoma,State,Oklahoma,Thomas (D),Hern (R),Canadian County,40017,0.330748212506739,52102.4742,35.54233821,-97.98241218
Senate,Oklahoma,State,Oklahoma,Thomas (D),Hern (R),Carter County,40019,0.259381711427813,13989.7716,34.25090173,-97.28589218
Senate,Oklahoma,State,Oklahoma,Thomas (D),Hern (R),Cherokee County,40021,0.370495901917505,12709.5714,35.90664273,-94.99948708
Senate,Oklahoma,State,Oklahoma,Thomas (D),Hern (R),Choctaw County,40023,0.20614287974201,4058.9406,34.0255707,-95.55375412
Senate,Oklahoma,State,Oklahoma,Thomas (D),Hern (R),Cimarron County,40025,0.108150546993073,673.9428,36.74826632,-102.5178111
Senate,Oklahoma,State,Oklahoma,Thomas (D),Hern (R),Cleveland County,40027,0.460614215797029,84902.9646,35.20346872,-97.3267069
Senate,Oklahoma,State,Oklahoma,Thomas (D),Hern (R),Coal County,40029,0.174876248936917,1819.5,34.58840127,-96.29798747
Senate,Oklahoma,State,Oklahoma,Thomas (D),Hern (R),Comanche County,40031,0.41799138892384,24487.5588,34.6620099,-98.47164344
Senate,Oklahoma,State,Oklahoma,Thomas (D),Hern (R),Cotton County,40033,0.196290645032891,1789.6602,34.2900592,-98.37225719
Senate,Oklahoma,State,Oklahoma,Thomas (D),Hern (R),Craig County,40035,0.240505281194982,4331.8656,36.76178038,-95.20866115
Senate,Oklahoma,State,Oklahoma,Thomas (D),Hern (R),Creek County,40037,0.252972016803935,22373.2998,35.90233119,-96.37089402
Senate,Oklahoma,State,Oklahoma,Thomas (D),Hern (R),Custer County,40039,0.265416160689825,7257.6216,35.63856198,-99.0014123
Senate,Oklahoma,State,Oklahoma,Thomas (D),Hern (R),Delaware County,40041,0.231205742282181,13014.5196,36.4089821,-94.80256963
Senate,Oklahoma,State,Oklahoma,Thomas (D),Hern (R),Dewey County,40043,0.132179486511017,1596.0654,35.98768882,-99.00647121
Senate,Oklahoma,State,Oklahoma,Thomas (D),Hern (R),Ellis County,40045,0.147426192820194,1296.9396,36.21835085,-99.75451143
Senate,Oklahoma,State,Oklahoma,Thomas (D),Hern (R),Garfield County,40047,0.263021198102107,15605.4876,36.3791609,-97.78263254
Senate,Oklahoma,State,Oklahoma,Thomas (D),Hern (R),Garvin County,40049,0.202729907473503,7907.547,34.7044021,-97.30937006
Senate,Oklahoma,State,Oklahoma,Thomas (D),Hern (R),Grady County,40051,0.218942557036781,18132.4092,35.01633237,-97.88360671
Senate,Oklahoma,State,Oklahoma,Thomas (D),Hern (R),Grant County,40053,0.178092141708578,1520.3742,36.79651364,-97.78493404
Senate,Oklahoma,State,Oklahoma,Thomas (D),Hern (R),Greer County,40055,0.204369361884576,1320.957,34.93429868,-99.56059648
Senate,Oklahoma,State,Oklahoma,Thomas (D),Hern (R),Harmon County,40057,0.225663434291608,636.0972,34.74409289,-99.84630188
Senate,Oklahoma,State,Oklahoma,Thomas (D),Hern (R),Harper County,40059,0.139601615813228,1041.4818,36.78871253,-99.66696611
Senate,Oklahoma,State,Oklahoma,Thomas (D),Hern (R),Haskell County,40061,0.18418851812034,3547.2972,35.22501645,-95.11606392
Senate,Oklahoma,State,Oklahoma,Thomas (D),Hern (R),Hughes County,40063,0.218515593199212,3329.685,35.04854478,-96.25062134
Senate,Oklahoma,State,Oklahoma,Thomas (D),Hern (R),Jackson County,40065,0.239738095207653,5747.4366,34.58800041,-99.41545292
Senate,Oklahoma,State,Oklahoma,Thomas (D),Hern (R),Jefferson County,40067,0.173259318624818,1702.3242,34.11052408,-97.83608709
Senate,Oklahoma,State,Oklahoma,Thomas (D),Hern (R),Johnston County,40069,0.201854541266874,3017.4588,34.31652004,-96.66080537
Senate,Oklahoma,State,Oklahoma,Thomas (D),Hern (R),Kay County,40071,0.285748022208474,12095.3082,36.81795089,-97.1438723
Senate,Oklahoma,State,Oklahoma,Thomas (D),Hern (R),Kingfisher County,40073,0.17529856447381,4852.9704,35.94535722,-97.94153042
Senate,Oklahoma,State,Oklahoma,Thomas (D),Hern (R),Kiowa County,40075,0.240780804251451,2348.6106,34.91625162,-98.98054865
Senate,Oklahoma,State,Oklahoma,Thomas (D),Hern (R),Latimer County,40077,0.205565869942615,2938.1286,34.87639948,-95.25098995
Senate,Oklahoma,State,Oklahoma,Thomas (D),Hern (R),LeFlore County,40079,0.20882634884511,13476.6726,34.90011477,-94.70338293
Senate,Oklahoma,State,Oklahoma,Thomas (D),Hern (R),Lincoln County,40081,0.215215171801388,11067.6546,35.7027284,-96.88123961
Senate,Oklahoma,State,Oklahoma,Thomas (D),Hern (R),Logan County,40083,0.286400541718853,17211.7422,35.91913897,-97.44308101
Senate,Oklahoma,State,Oklahoma,Thomas (D),Hern (R),Love County,40085,0.200962936243419,3056.0322,33.95005271,-97.24422829
Senate,Oklahoma,State,Oklahoma,Thomas (D),Hern (R),McClain County,40093,0.228500131804383,15310.0008,36.31174656,-98.53456924
Senate,Oklahoma,State,Oklahoma,Thomas (D),Hern (R),McCurtain County,40095,0.188562144652864,8137.5318,34.02458841,-96.76917298
Senate,Oklahoma,State,Oklahoma,Thomas (D),Hern (R),McIntosh County,40097,0.269576873636581,6058.2072,36.30176119,-95.23132466
Senate,Oklahoma,State,Oklahoma,Thomas (D),Hern (R),Major County,40087,0.132658322750626,2484.7092,35.00888538,-97.44298086
Senate,Oklahoma,State,Oklahoma,Thomas (D),Hern (R),Marshall County,40089,0.216253262900397,4743.0726,34.1162239,-94.77145458
Senate,Oklahoma,State,Oklahoma,Thomas (D),Hern (R),Mayes County,40091,0.243940732889273,12403.8954,35.37351598,-95.66695805
Senate,Oklahoma,State,Oklahoma,Thomas (D),Hern (R),Murray County,40099,0.224083737236449,4198.6782,34.48236468,-97.06798798
Senate,Oklahoma,State,Oklahoma,Thomas (D),Hern (R),Muskogee County,40101,0.345853284427523,17430.81,35.61612948,-95.37949187
Senate,Oklahoma,State,Oklahoma,Thomas (D),Hern (R),Noble County,40103,0.244404015288213,3538.5636,36.3884853,-97.23050054
Senate,Oklahoma,State,Oklahoma,Thomas (D),Hern (R),Nowata County,40105,0.197089867094461,3270.7332,36.79844119,-95.61735986
Senate,Oklahoma,State,Oklahoma,Thomas (D),Hern (R),Okfuskee County,40107,0.253958099470725,2863.1652,35.46544123,-96.3228392
Senate,Oklahoma,State,Oklahoma,Thomas (D),Hern (R),Oklahoma County,40109,0.52829051375789,205521.2586,35.55141319,-97.4075036
Senate,Oklahoma,State,Oklahoma,Thomas (D),Hern (R),Okmulgee County,40111,0.31949575316307,10246.6962,35.64662667,-95.96434123
Senate,Oklahoma,State,Oklahoma,Thomas (D),Hern (R),Osage County,40113,0.326304496186683,14753.2338,36.62910128,-96.3983805
Senate,Oklahoma,State,Oklahoma,Thomas (D),Hern (R),Ottawa County,40115,0.265128226029909,8006.5278,36.83587796,-94.81058917
Senate,Oklahoma,State,Oklahoma,Thomas (D),Hern (R),Pawnee County,40117,0.237320035919166,4919.928,36.31680135,-96.69954973
Senate,Oklahoma,State,Oklahoma,Thomas (D),Hern (R),Payne County,40119,0.407116765029758,20758.3116,36.07716359,-96.97542338
Senate,Oklahoma,State,Oklahoma,Thomas (D),Hern (R),Pittsburg County,40121,0.237465367569238,12601.1292,34.92386502,-95.74895216
Senate,Oklahoma,State,Oklahoma,Thomas (D),Hern (R),Pontotoc County,40123,0.298954031200408,10816.5636,34.72795889,-96.68450952
Senate,Oklahoma,State,Oklahoma,Thomas (D),Hern (R),Pottawatomie County,40125,0.294709540871199,20510.1318,35.20684527,-96.94828061
Senate,Oklahoma,State,Oklahoma,Thomas (D),Hern (R),Pushmataha County,40127,0.169606264019874,3377.7198,34.41635817,-95.37595261
Senate,Oklahoma,State,Oklahoma,Thomas (D),Hern (R),Roger Mills County,40129,0.130553063925208,1243.0824,35.68852706,-99.69538847
Senate,Oklahoma,State,Oklahoma,Thomas (D),Hern (R),Rogers County,40131,0.257020321146603,33542.8464,36.37196654,-95.60476511
Senate,Oklahoma,State,Oklahoma,Thomas (D),Hern (R),Seminole County,40133,0.283775768046004,5751.0756,35.1672074,-96.61546183
Senate,Oklahoma,State,Oklahoma,Thomas (D),Hern (R),Sequoyah County,40135,0.225667000982637,11206.6644,35.49549888,-94.75507825
Senate,Oklahoma,State,Oklahoma,Thomas (D),Hern (R),Stephens County,40137,0.213436702887157,13339.1184,34.48542286,-97.85148899
Senate,Oklahoma,State,Oklahoma,Thomas (D),Hern (R),Texas County,40139,0.192001444555071,3720.5136,36.74789073,-101.4901113
Senate,Oklahoma,State,Oklahoma,Thomas (D),Hern (R),Tillman County,40141,0.236397398178737,1823.8668,34.37312737,-98.92460698
Senate,Oklahoma,State,Oklahoma,Thomas (D),Hern (R),Tulsa County,40143,0.459023408629134,182929.6188,36.12121947,-95.94143178
Senate,Oklahoma,State,Oklahoma,Thomas (D),Hern (R),Wagoner County,40145,0.283590689532417,27523.2126,35.96138606,-95.52115154
Senate,Oklahoma,State,Oklahoma,Thomas (D),Hern (R),Washington County,40147,0.292875188350944,16469.3862,36.71527849,-95.90449238
Senate,Oklahoma,State,Oklahoma,Thomas (D),Hern (R),Washita County,40149,0.157155663911814,3334.0518,35.29031759,-98.99166621
Senate,Oklahoma,State,Oklahoma,Thomas (D),Hern (R),Woods County,40151,0.208913234086819,2597.5182,36.76674112,-98.86351819
Senate,Oklahoma,State,Oklahoma,Thomas (D),Hern (R),Woodward County,40153,0.171219121957201,5238.7044,36.42251383,-99.26427063
Senate,Oregon,State,Oregon,Merkley* (D),Smith (R),Baker County,41001,0.296429454945153,6843.5034,44.70919815,-117.6755473
Senate,Oregon,State,Oregon,Merkley* (D),Smith (R),Benton County,41003,0.739182305467056,35004.2688,44.49161157,-123.428743
Senate,Oregon,State,Oregon,Merkley* (D),Smith (R),Clackamas County,41005,0.589122405793414,172464.5826,45.18820387,-122.2205544
Senate,Oregon,State,Oregon,Merkley* (D),Smith (R),Clatsop County,41007,0.600932736795071,16336.1988,45.99500314,-123.6560294
Senate,Oregon,State,Oregon,Merkley* (D),Smith (R),Columbia County,41009,0.483060477650648,21922.7916,45.94376691,-123.0888664
Senate,Oregon,State,Oregon,Merkley* (D),Smith (R),Coos County,41011,0.444715661300496,25167.324,43.17396579,-124.0595871
Senate,Oregon,State,Oregon,Merkley* (D),Smith (R),Crook County,41013,0.29355340040488,11534.1744,44.14229491,-120.3567062
Senate,Oregon,State,Oregon,Merkley* (D),Smith (R),Curry County,41015,0.460530300660839,9997.7886,42.45776177,-124.1560919
Senate,Oregon,State,Oregon,Merkley* (D),Smith (R),Deschutes County,41017,0.587574098406223,89488.8324,43.91469217,-121.227881
Senate,Oregon,State,Oregon,Merkley* (D),Smith (R),Douglas County,41019,0.356587670678391,43629.4266,43.2796987,-123.1658435
Senate,Oregon,State,Oregon,Merkley* (D),Smith (R),Gilliam County,41021,0.327509457795233,797.6688,45.37780558,-120.210458
Senate,Oregon,State,Oregon,Merkley* (D),Smith (R),Grant County,41023,0.252805728022556,3133.9068,44.4907455,-119.0074917
Senate,Oregon,State,Oregon,Merkley* (D),Smith (R),Harney County,41025,0.252198000299393,2986.8912,43.06361843,-118.9679625
Senate,Oregon,State,Oregon,Merkley* (D),Smith (R),Hood River County,41027,0.72326317012968,8892.2604,45.51931999,-121.6512892
Senate,Oregon,State,Oregon,Merkley* (D),Smith (R),Jackson County,41029,0.512839276440443,84285.0624,42.43216537,-122.728377
Senate,Oregon,State,Oregon,Merkley* (D),Smith (R),Jefferson County,41031,0.405509517611164,8293.281,44.62935891,-121.176431
Senate,Oregon,State,Oregon,Merkley* (D),Smith (R),Josephine County,41033,0.402134380737959,34975.8846,42.36551155,-123.5552595
Senate,Oregon,State,Oregon,Merkley* (D),Smith (R),Klamath County,41035,0.336662762053471,25131.6618,42.68605026,-121.6500072
Senate,Oregon,State,Oregon,Merkley* (D),Smith (R),Lake County,41037,0.223493150157899,2985.4356,42.79350818,-120.3873864
Senate,Oregon,State,Oregon,Merkley* (D),Smith (R),Lane County,41039,0.662305756378241,147853.2978,43.93889441,-122.8473327
Senate,Oregon,State,Oregon,Merkley* (D),Smith (R),Lincoln County,41041,0.632569087930538,20929.3446,44.64147054,-123.8682744
Senate,Oregon,State,Oregon,Merkley* (D),Smith (R),Linn County,41043,0.419828493857641,50092.2906,44.48880768,-122.5341835
Senate,Oregon,State,Oregon,Merkley* (D),Smith (R),Malheur County,41045,0.318669088230942,7710.3132,43.19355699,-117.6231067
Senate,Oregon,State,Oregon,Merkley* (D),Smith (R),Marion County,41047,0.534908325421681,109940.7402,44.90322354,-122.5849114
Senate,Oregon,State,Oregon,Merkley* (D),Smith (R),Morrow County,41049,0.315153480180321,3308.5788,45.41897957,-119.5837591
Senate,Oregon,State,Oregon,Merkley* (D),Smith (R),Multnomah County,41051,0.855774965226324,288708.0708,45.54693681,-122.4157429
Senate,Oregon,State,Oregon,Merkley* (D),Smith (R),Polk County,41053,0.524187220140994,33334.6956,44.90338514,-123.4132525
Senate,Oregon,State,Oregon,Merkley* (D),Smith (R),Sherman County,41055,0.266697924570439,817.3194,45.4052255,-120.6892687
Senate,Oregon,State,Oregon,Merkley* (D),Smith (R),Tillamook County,41057,0.538557850740577,11439.5604,45.46343846,-123.7127608
Senate,Oregon,State,Oregon,Merkley* (D),Smith (R),Umatilla County,41059,0.365126063665506,21997.0272,45.59148273,-118.736681
Senate,Oregon,State,Oregon,Merkley* (D),Smith (R),Union County,41061,0.339246581348373,10224.8622,45.31039084,-118.0093556
Senate,Oregon,State,Oregon,Merkley* (D),Smith (R),Wallowa County,41063,0.363986317979627,3594.6042,45.57979758,-117.1810198
Senate,Oregon,State,Oregon,Merkley* (D),Smith (R),Wasco County,41065,0.520553288578349,9392.9868,45.16003768,-121.1678419
Senate,Oregon,State,Oregon,Merkley* (D),Smith (R),Washington County,41067,0.710093757796295,207861.8634,45.55989124,-123.0985728
Senate,Oregon,State,Oregon,Merkley* (D),Smith (R),Wheeler County,41069,0.303822613708821,602.6184,44.72584844,-120.0273912
Senate,Oregon,State,Oregon,Merkley* (D),Smith (R),Yamhill County,41071,0.512058876849202,40427.1066,45.23269019,-123.3078799
Senate,Rhode Island,State,Rhode Island,Reed* (D),McKay (R),Bristol County,44001,0.681689814128823,20018.8668,41.71169465,-71.28385194
Senate,Rhode Island,State,Rhode Island,Reed* (D),McKay (R),Kent County,44003,0.571318463459996,66080.601,41.6720081,-71.59305645
Senate,Rhode Island,State,Rhode Island,Reed* (D),McKay (R),Newport County,44005,0.676614577016645,31556.6802,41.55667416,-71.23906841
Senate,Rhode Island,State,Rhode Island,Reed* (D),McKay (R),Providence County,44007,0.638827129845804,191080.251,41.8721229,-71.58004041
Senate,Rhode Island,State,Rhode Island,Reed* (D),McKay (R),Washington County,44009,0.624494672092565,53737.8408,41.46943509,-71.62328128
Senate,South Carolina,State,South Carolina,Andrews (D),Graham Nordone* (R),Abbeville County,45001,0.355448673123228,8666.6424,34.22269468,-82.45872709
Senate,South Carolina,State,South Carolina,Andrews (D),Graham Nordone* (R),Aiken County,45003,0.438699203864013,61782.942,33.544095,-81.63493042
Senate,South Carolina,State,South Carolina,Andrews (D),Graham Nordone* (R),Allendale County,45005,0.79700829758234,2167.3884,32.98833364,-81.35758839
Senate,South Carolina,State,South Carolina,Andrews (D),Graham Nordone* (R),Anderson County,45007,0.330346635458202,70675.9302,34.5189668,-82.63793115
Senate,South Carolina,State,South Carolina,Andrews (D),Graham Nordone* (R),Bamberg County,45009,0.647309725273208,4090.9638,33.21508217,-81.05432857
Senate,South Carolina,State,South Carolina,Andrews (D),Graham Nordone* (R),Barnwell County,45011,0.491399803427864,7050.1986,33.26610854,-81.43543848
Senate,South Carolina,State,South Carolina,Andrews (D),Graham Nordone* (R),Beaufort County,45013,0.496696372963418,75054.375,32.3853684,-80.73004378
Senate,South Carolina,State,South Carolina,Andrews (D),Graham Nordone* (R),Berkeley County,45015,0.487446661767841,80926.2654,33.19764043,-79.95087397
Senate,South Carolina,State,South Carolina,Andrews (D),Graham Nordone* (R),Calhoun County,45017,0.497374961019842,5686.3014,33.67482869,-80.78101991
Senate,South Carolina,State,South Carolina,Andrews (D),Graham Nordone* (R),Charleston County,45019,0.598872347935357,153341.6376,32.83417041,-79.95226654
Senate,South Carolina,State,South Carolina,Andrews (D),Graham Nordone* (R),Cherokee County,45021,0.311080291250034,17930.0808,35.04837373,-81.62012099
Senate,South Carolina,State,South Carolina,Andrews (D),Graham Nordone* (R),Chester County,45023,0.482998676135554,11195.7474,34.69173842,-81.15923162
Senate,South Carolina,State,South Carolina,Andrews (D),Graham Nordone* (R),Chesterfield County,45025,0.428212707698528,13247.4156,34.63979804,-80.15867356
Senate,South Carolina,State,South Carolina,Andrews (D),Graham Nordone* (R),Clarendon County,45027,0.507979188295109,11738.6862,33.66542745,-80.21662078
Senate,South Carolina,State,South Carolina,Andrews (D),Graham Nordone* (R),Colleton County,45029,0.478155509347175,13152.8016,32.86353032,-80.66691164
Senate,South Carolina,State,South Carolina,Andrews (D),Graham Nordone* (R),Darlington County,45031,0.502663509663485,21829.6332,34.33234414,-79.95766082
Senate,South Carolina,State,South Carolina,Andrews (D),Graham Nordone* (R),Dillon County,45033,0.515408459718621,8564.0226,34.39138915,-79.37858369
Senate,South Carolina,State,South Carolina,Andrews (D),Graham Nordone* (R),Dorchester County,45035,0.49566013941951,55551.5184,33.07948049,-80.40502258
Senate,South Carolina,State,South Carolina,Andrews (D),Graham Nordone* (R),Edgefield County,45037,0.408822035141154,10007.9778,33.77224819,-81.9661657
Senate,South Carolina,State,South Carolina,Andrews (D),Graham Nordone* (R),Fairfield County,45039,0.637089542640129,8056.0182,34.39533447,-81.12125577
Senate,South Carolina,State,South Carolina,Andrews (D),Graham Nordone* (R),Florence County,45041,0.529319673939559,43901.6238,34.02447241,-79.70224581
Senate,South Carolina,State,South Carolina,Andrews (D),Graham Nordone* (R),Georgetown County,45043,0.471313575879386,27140.3898,33.43337482,-79.33242281
Senate,South Carolina,State,South Carolina,Andrews (D),Graham Nordone* (R),Greenville County,45045,0.456971625506246,188219.997,34.89387815,-82.37063974
Senate,South Carolina,State,South Carolina,Andrews (D),Graham Nordone* (R),Greenwood County,45047,0.4232139474087,22184.0718,34.15414545,-82.12646941
Senate,South Carolina,State,South Carolina,Andrews (D),Graham Nordone* (R),Hampton County,45049,0.602425123527242,5916.2862,32.7764169,-81.14110731
Senate,South Carolina,State,South Carolina,Andrews (D),Graham Nordone* (R),Horry County,45051,0.375459137120643,148503.2232,33.92139357,-78.99657939
Senate,South Carolina,State,South Carolina,Andrews (D),Graham Nordone* (R),Jasper County,45053,0.521351478395929,13132.4232,32.43633197,-81.03177638
Senate,South Carolina,State,South Carolina,Andrews (D),Graham Nordone* (R),Kershaw County,45055,0.427129442660845,24101.097,34.33859234,-80.5903514
Senate,South Carolina,State,South Carolina,Andrews (D),Graham Nordone* (R),Lancaster County,45057,0.444687170770197,39133.0782,34.68642517,-80.7054154
Senate,South Carolina,State,South Carolina,Andrews (D),Graham Nordone* (R),Laurens County,45059,0.36349403001859,21745.9362,34.48372258,-82.00535135
Senate,South Carolina,State,South Carolina,Andrews (D),Graham Nordone* (R),Lee County,45061,0.664102360359467,5518.9074,34.16360573,-80.25465278
Senate,South Carolina,State,South Carolina,Andrews (D),Graham Nordone* (R),Lexington County,45063,0.400270016736415,105370.884,33.90217281,-81.27229853
Senate,South Carolina,State,South Carolina,Andrews (D),Graham Nordone* (R),Marion County,45067,0.623330536226665,9622.9716,34.08038363,-79.36252998
Senate,South Carolina,State,South Carolina,Andrews (D),Graham Nordone* (R),Marlboro County,45069,0.58202067815024,7302.0174,34.60180925,-79.67845191
Senate,South Carolina,State,South Carolina,Andrews (D),Graham Nordone* (R),McCormick County,45065,0.483468686822641,4423.5684,33.89941841,-82.30961363
Senate,South Carolina,State,South Carolina,Andrews (D),Graham Nordone* (R),Newberry County,45071,0.396177388524433,13033.4424,34.28974754,-81.59990705
Senate,South Carolina,State,South Carolina,Andrews (D),Graham Nordone* (R),Oconee County,45073,0.309168338172151,30392.2002,34.75329772,-83.06576373
Senate,South Carolina,State,South Carolina,Andrews (D),Graham Nordone* (R),Orangeburg County,45075,0.694142399176011,26624.3796,33.43921301,-80.80086358
Senate,South Carolina,State,South Carolina,Andrews (D),Graham Nordone* (R),Pickens County,45077,0.303006504846328,43390.7082,34.88795956,-82.72522047
Senate,South Carolina,State,South Carolina,Andrews (D),Graham Nordone* (R),Richland County,45079,0.746115242324029,130370.0862,34.02226754,-80.90384361
Senate,South Carolina,State,South Carolina,Andrews (D),Graham Nordone* (R),Saluda County,45081,0.345554889047229,6481.7868,34.00631213,-81.72732002
Senate,South Carolina,State,South Carolina,Andrews (D),Graham Nordone* (R),Spartanburg County,45083,0.399848612886815,111893.4276,34.93148726,-81.99110742
Senate,South Carolina,State,South Carolina,Andrews (D),Graham Nordone* (R),Sumter County,45085,0.594763896586747,32488.992,33.91600797,-80.38227873
Senate,South Carolina,State,South Carolina,Andrews (D),Graham Nordone* (R),Union County,45087,0.405148996092791,8868.9708,34.68978386,-81.61926683
Senate,South Carolina,State,South Carolina,Andrews (D),Graham Nordone* (R),Williamsburg County,45089,0.679842209517973,10304.1924,33.62020834,-79.72785637
Senate,South Carolina,State,South Carolina,Andrews (D),Graham Nordone* (R),York County,45091,0.473151567371257,107597.2242,34.9746458,-81.18407852
Senate,South Dakota,State,South Dakota,Bengs (I),Rounds* (R),Aurora County,46003,0.33192589744198,988.3524,43.7180875,-98.56175096
Senate,South Dakota,State,South Dakota,Bengs (I),Rounds* (R),Beadle County,46005,0.370154495867143,4980.3354,44.41467039,-98.27883711
Senate,South Dakota,State,South Dakota,Bengs (I),Rounds* (R),Bennett County,46007,0.451091518441524,775.107,43.19506714,-101.6641253
Senate,South Dakota,State,South Dakota,Bengs (I),Rounds* (R),Bon Homme County,46009,0.337184324641482,2134.6374,42.98827986,-97.88493814
Senate,South Dakota,State,South Dakota,Bengs (I),Rounds* (R),Brookings County,46011,0.485789486081198,10591.6734,44.36981684,-96.79064836
Senate,South Dakota,State,South Dakota,Bengs (I),Rounds* (R),Brown County,46013,0.443633236731913,12168.816,45.58993475,-98.35163367
Senate,South Dakota,State,South Dakota,Bengs (I),Rounds* (R),Brule County,46015,0.373113832912153,1717.608,43.71816719,-99.08125406
Senate,South Dakota,State,South Dakota,Bengs (I),Rounds* (R),Buffalo County,46017,0.700244120366223,331.149,44.07640555,-99.20485567
Senate,South Dakota,State,South Dakota,Bengs (I),Rounds* (R),Butte County,46019,0.276494538958894,3614.2548,44.905694,-103.507491
Senate,South Dakota,State,South Dakota,Bengs (I),Rounds* (R),Campbell County,46021,0.225029307728684,601.1628,45.77126363,-100.0517394
Senate,South Dakota,State,South Dakota,Bengs (I),Rounds* (R),Charles Mix County,46023,0.384749685224806,2584.4178,43.20792726,-98.58785039
Senate,South Dakota,State,South Dakota,Bengs (I),Rounds* (R),Clark County,46025,0.318142347396952,1307.8566,44.8584651,-97.72949102
Senate,South Dakota,State,South Dakota,Bengs (I),Rounds* (R),Clay County,46027,0.598869810841099,4016.0004,42.91461976,-96.97560307
Senate,South Dakota,State,South Dakota,Bengs (I),Rounds* (R),Codington County,46029,0.366629069420628,9598.9542,44.97790512,-97.18860384
Senate,South Dakota,State,South Dakota,Bengs (I),Rounds* (R),Corson County,46031,0.530664613524412,819.5028,45.7085132,-101.1967817
Senate,South Dakota,State,South Dakota,Bengs (I),Rounds* (R),Custer County,46033,0.350511250140866,4279.464,43.67736837,-103.4514908
Senate,South Dakota,State,South Dakota,Bengs (I),Rounds* (R),Davison County,46035,0.385901292888828,6514.5378,43.67475843,-98.14543668
Senate,South Dakota,State,South Dakota,Bengs (I),Rounds* (R),Day County,46037,0.435018512610377,2093.1528,45.36728275,-97.60737593
Senate,South Dakota,State,South Dakota,Bengs (I),Rounds* (R),Deuel County,46039,0.331136568298015,1633.911,44.76015949,-96.66802862
Senate,South Dakota,State,South Dakota,Bengs (I),Rounds* (R),Dewey County,46041,0.638677112189,1328.235,45.15658384,-100.8716993
Senate,South Dakota,State,South Dakota,Bengs (I),Rounds* (R),Douglas County,46043,0.217238122871947,1192.1364,43.38705519,-98.36606932
Senate,South Dakota,State,South Dakota,Bengs (I),Rounds* (R),Edmunds County,46045,0.288057511528695,1457.0556,45.41847898,-99.21540939
Senate,South Dakota,State,South Dakota,Bengs (I),Rounds* (R),Fall River County,46047,0.329376596722851,3031.287,43.23917478,-103.5274481
Senate,South Dakota,State,South Dakota,Bengs (I),Rounds* (R),Faulk County,46049,0.253408257776864,802.7634,45.07082625,-99.14535601
Senate,South Dakota,State,South Dakota,Bengs (I),Rounds* (R),Grant County,46051,0.351732812972515,2576.412,45.17218979,-96.76789112
Senate,South Dakota,State,South Dakota,Bengs (I),Rounds* (R),Gregory County,46053,0.284433574286796,1612.8048,43.19247936,-99.18590693
Senate,South Dakota,State,South Dakota,Bengs (I),Rounds* (R),Haakon County,46055,0.17573839494768,807.1302,44.29463659,-101.5397482
Senate,South Dakota,State,South Dakota,Bengs (I),Rounds* (R),Hamlin County,46057,0.283463917637363,2307.126,44.67385954,-97.18829593
Senate,South Dakota,State,South Dakota,Bengs (I),Rounds* (R),Hand County,46059,0.288691812973825,1267.0998,44.54798838,-99.00538393
Senate,South Dakota,State,South Dakota,Bengs (I),Rounds* (R),Hanson County,46061,0.297699972397163,1462.878,43.67458361,-97.78704306
Senate,South Dakota,State,South Dakota,Bengs (I),Rounds* (R),Harding County,46063,0.155125124041793,583.6956,45.58027156,-103.4943846
Senate,South Dakota,State,South Dakota,Bengs (I),Rounds* (R),Hughes County,46065,0.403429036969827,5980.3326,44.38906584,-99.99599706
Senate,South Dakota,State,South Dakota,Bengs (I),Rounds* (R),Hutchinson County,46067,0.287314986823637,2673.2094,43.33466314,-97.75456287
Senate,South Dakota,State,South Dakota,Bengs (I),Rounds* (R),Hyde County,46069,0.292600739836768,493.4484,44.54709825,-99.48692012
Senate,South Dakota,State,South Dakota,Bengs (I),Rounds* (R),Jackson County,46071,0.402968094784551,807.858,43.69419796,-101.6282752
Senate,South Dakota,State,South Dakota,Bengs (I),Rounds* (R),Jerauld County,46073,0.361062723186554,716.1552,44.06637798,-98.62965972
Senate,South Dakota,State,South Dakota,Bengs (I),Rounds* (R),Jones County,46075,0.216924451814897,390.8286,43.96077423,-100.6897488
Senate,South Dakota,State,South Dakota,Bengs (I),Rounds* (R),Kingsbury County,46077,0.364507745384024,2000.7222,44.36956169,-97.4913945
Senate,South Dakota,State,South Dakota,Bengs (I),Rounds* (R),Lake County,46079,0.427404041584465,4219.0566,44.02193107,-97.12926365
Senate,South Dakota,State,South Dakota,Bengs (I),Rounds* (R),Lawrence County,46081,0.41113583211157,10900.9884,44.35866653,-103.7921498
Senate,South Dakota,State,South Dakota,Bengs (I),Rounds* (R),Lincoln County,46083,0.436425565850413,25911.1356,43.27884092,-96.7217084
Senate,South Dakota,State,South Dakota,Bengs (I),Rounds* (R),Lyman County,46085,0.395105332019346,1029.837,43.89597621,-99.84735699
Senate,South Dakota,State,South Dakota,Bengs (I),Rounds* (R),Marshall County,46091,0.464788162916803,1506.546,45.75863325,-97.59865421
Senate,South Dakota,State,South Dakota,Bengs (I),Rounds* (R),McCook County,46087,0.346450793641454,2154.288,43.67426214,-97.36854569
Senate,South Dakota,State,South Dakota,Bengs (I),Rounds* (R),McPherson County,46089,0.242313460568792,927.945,45.7662597,-99.221197
Senate,South Dakota,State,South Dakota,Bengs (I),Rounds* (R),Meade County,46093,0.318928416168452,10413.3624,44.56667531,-102.7166458
Senate,South Dakota,State,South Dakota,Bengs (I),Rounds* (R),Mellette County,46095,0.476642179986102,523.2882,43.58135895,-100.7598474
Senate,South Dakota,State,South Dakota,Bengs (I),Rounds* (R),Miner County,46097,0.356257033061616,825.3252,44.02197882,-97.60992207
Senate,South Dakota,State,South Dakota,Bengs (I),Rounds* (R),Minnehaha County,46099,0.511874983486059,66786.567,43.67413367,-96.7914546
Senate,South Dakota,State,South Dakota,Bengs (I),Rounds* (R),Moody County,46101,0.453390611397402,2270.736,44.02224521,-96.67091097
Senate,South Dakota,State,South Dakota,Bengs (I),Rounds* (R),Oglala Lakota County,46102,0.935332417100676,2163.7494,43.3667,-102.5615
Senate,South Dakota,State,South Dakota,Bengs (I),Rounds* (R),Pennington County,46103,0.434282619656933,40072.668,44.00397449,-102.8239659
Senate,South Dakota,State,South Dakota,Bengs (I),Rounds* (R),Perkins County,46105,0.22963586519074,1142.646,45.49024355,-102.4744037
Senate,South Dakota,State,South Dakota,Bengs (I),Rounds* (R),Potter County,46107,0.247126547895029,926.4894,45.06449392,-99.9571321
Senate,South Dakota,State,South Dakota,Bengs (I),Rounds* (R),Roberts County,46109,0.47689459160224,2965.0572,45.62977349,-96.94614272
Senate,South Dakota,State,South Dakota,Bengs (I),Rounds* (R),Sanborn County,46111,0.308507322680298,864.6264,44.02345807,-98.09105658
Senate,South Dakota,State,South Dakota,Bengs (I),Rounds* (R),Spink County,46115,0.386963734774439,2231.4348,44.93824835,-98.34623659
Senate,South Dakota,State,South Dakota,Bengs (I),Rounds* (R),Stanley County,46117,0.329317406762563,1242.3546,44.41245198,-100.7360867
Senate,South Dakota,State,South Dakota,Bengs (I),Rounds* (R),Sully County,46119,0.26796061580731,643.3752,44.71542851,-100.131855
Senate,South Dakota,State,South Dakota,Bengs (I),Rounds* (R),Todd County,46121,0.823262643201659,1504.3626,43.1933652,-100.7186033
Senate,South Dakota,State,South Dakota,Bengs (I),Rounds* (R),Tripp County,46123,0.264229967552726,1906.836,43.34592545,-99.88408568
Senate,South Dakota,State,South Dakota,Bengs (I),Rounds* (R),Turner County,46125,0.323035030575453,3215.4204,43.3109081,-97.14865776
Senate,South Dakota,State,South Dakota,Bengs (I),Rounds* (R),Union County,46127,0.366478664030183,6337.6824,42.83182818,-96.65571268
Senate,South Dakota,State,South Dakota,Bengs (I),Rounds* (R),Walworth County,46129,0.282988952267426,1762.0038,45.42998641,-100.0313401
Senate,South Dakota,State,South Dakota,Bengs (I),Rounds* (R),Yankton County,46135,0.444442764700693,7665.9174,43.00895493,-97.39494039
Senate,South Dakota,State,South Dakota,Bengs (I),Rounds* (R),Ziebach County,46137,0.575330900147622,548.7612,44.98058236,-101.6659766
Senate,Tennessee,State,Tennessee,Bradshaw (D),Hagerty* (R),Anderson County,47001,0.350407259566666,26278.6746,36.11862903,-84.19904346
Senate,Tennessee,State,Tennessee,Bradshaw (D),Hagerty* (R),Bedford County,47003,0.241329334324089,14478.8532,35.51388628,-86.4596155
Senate,Tennessee,State,Tennessee,Bradshaw (D),Hagerty* (R),Benton County,47005,0.21970018023971,5242.3434,36.06961024,-88.06869913
Senate,Tennessee,State,Tennessee,Bradshaw (D),Hagerty* (R),Bledsoe County,47007,0.18560233503404,4472.331,35.59663055,-85.20533487
Senate,Tennessee,State,Tennessee,Bradshaw (D),Hagerty* (R),Blount County,47009,0.286396853821971,49754.5914,35.68735498,-83.92484736
Senate,Tennessee,State,Tennessee,Bradshaw (D),Hagerty* (R),Bradley County,47011,0.233393792348656,35435.1264,35.15369028,-84.85962176
Senate,Tennessee,State,Tennessee,Bradshaw (D),Hagerty* (R),Campbell County,47013,0.183859935146686,11222.676,36.40334413,-84.14937651
Senate,Tennessee,State,Tennessee,Bradshaw (D),Hagerty* (R),Cannon County,47015,0.204645000746675,4959.2292,35.80842943,-86.06179619
Senate,Tennessee,State,Tennessee,Bradshaw (D),Hagerty* (R),Carroll County,47017,0.226805935085776,8573.484,35.97307462,-88.45060499
Senate,Tennessee,State,Tennessee,Bradshaw (D),Hagerty* (R),Carter County,47019,0.21207260720521,17919.1638,36.29228876,-82.12769739
Senate,Tennessee,State,Tennessee,Bradshaw (D),Hagerty* (R),Cheatham County,47021,0.295045314314394,14884.2378,36.26140435,-87.08648326
Senate,Tennessee,State,Tennessee,Bradshaw (D),Hagerty* (R),Chester County,47023,0.206039123444369,5452.6776,35.42206909,-88.61425832
Senate,Tennessee,State,Tennessee,Bradshaw (D),Hagerty* (R),Claiborne County,47025,0.184355100455015,9777.2652,36.48575666,-83.66072369
Senate,Tennessee,State,Tennessee,Bradshaw (D),Hagerty* (R),Clay County,47027,0.209034697221491,2715.4218,36.55111287,-85.5429723
Senate,Tennessee,State,Tennessee,Bradshaw (D),Hagerty* (R),Cocke County,47029,0.190436016753148,11295.456,35.92555143,-83.12121537
Senate,Tennessee,State,Tennessee,Bradshaw (D),Hagerty* (R),Coffee County,47031,0.255096933681534,17914.0692,35.49021487,-86.07559709
Senate,Tennessee,State,Tennessee,Bradshaw (D),Hagerty* (R),Crockett County,47033,0.237643737147996,4272.186,35.81376271,-89.13938582
Senate,Tennessee,State,Tennessee,Bradshaw (D),Hagerty* (R),Cumberland County,47035,0.230561449048294,25032.681,35.95070017,-84.9986148
Senate,Tennessee,State,Tennessee,Bradshaw (D),Hagerty* (R),Davidson County,47037,0.668422790160099,206781.0804,36.16932462,-86.78502875
Senate,Tennessee,State,Tennessee,Bradshaw (D),Hagerty* (R),Decatur County,47039,0.188899026791139,3941.037,35.60350601,-88.10830091
Senate,Tennessee,State,Tennessee,Bradshaw (D),Hagerty* (R),DeKalb County,47041,0.220640590586936,6772.179,35.98021146,-85.83288678
Senate,Tennessee,State,Tennessee,Bradshaw (D),Hagerty* (R),Dickson County,47043,0.271058835030329,18133.137,36.14932156,-87.35658415
Senate,Tennessee,State,Tennessee,Bradshaw (D),Hagerty* (R),Dyer County,47045,0.222833128150569,10414.818,36.05918296,-89.4139363
Senate,Tennessee,State,Tennessee,Bradshaw (D),Hagerty* (R),Fayette County,47047,0.311819907800347,17085.8328,35.19709994,-89.41493045
Senate,Tennessee,State,Tennessee,Bradshaw (D),Hagerty* (R),Fentress County,47049,0.154266573622453,7062.5712,36.3805182,-84.9326155
Senate,Tennessee,State,Tennessee,Bradshaw (D),Hagerty* (R),Franklin County,47051,0.268420169936341,14224.851,35.15504791,-86.09233522
Senate,Tennessee,State,Tennessee,Bradshaw (D),Hagerty* (R),Gibson County,47053,0.268737085026941,15608.3988,35.99666265,-88.93264081
Senate,Tennessee,State,Tennessee,Bradshaw (D),Hagerty* (R),Giles County,47055,0.25783510253561,9729.2304,35.20194268,-87.03541784
Senate,Tennessee,State,Tennessee,Bradshaw (D),Hagerty* (R),Grainger County,47057,0.162775518256288,8050.9236,36.2754882,-83.51084097
Senate,Tennessee,State,Tennessee,Bradshaw (D),Hagerty* (R),Greene County,47059,0.203644142635599,22366.0218,36.17587226,-82.84564638
Senate,Tennessee,State,Tennessee,Bradshaw (D),Hagerty* (R),Grundy County,47061,0.189475413527698,4572.0396,35.3884299,-85.72237029
Senate,Tennessee,State,Tennessee,Bradshaw (D),Hagerty* (R),Hamblen County,47063,0.236543641215174,18403.1508,36.2171435,-83.26632471
Senate,Tennessee,State,Tennessee,Bradshaw (D),Hagerty* (R),Hamilton County,47065,0.461263132365727,124913.7696,35.18133492,-85.1644476
Senate,Tennessee,State,Tennessee,Bradshaw (D),Hagerty* (R),Hancock County,47067,0.149304239282962,2104.7976,36.52355034,-83.2217117
Senate,Tennessee,State,Tennessee,Bradshaw (D),Hagerty* (R),Hardeman County,47069,0.414700308697541,6783.096,35.2067611,-88.99308826
Senate,Tennessee,State,Tennessee,Bradshaw (D),Hagerty* (R),Hardin County,47071,0.175365129958637,8731.4166,35.19856007,-88.1845967
Senate,Tennessee,State,Tennessee,Bradshaw (D),Hagerty* (R),Hawkins County,47073,0.186994079381014,18961.3734,36.4410474,-82.94554982
Senate,Tennessee,State,Tennessee,Bradshaw (D),Hagerty* (R),Haywood County,47075,0.544269823380967,4801.2966,35.58313405,-89.28418692
Senate,Tennessee,State,Tennessee,Bradshaw (D),Hagerty* (R),Henderson County,47077,0.189066811192287,8722.683,35.65381663,-88.38771258
Senate,Tennessee,State,Tennessee,Bradshaw (D),Hagerty* (R),Henry County,47079,0.250647709890725,10855.137,36.33178059,-88.30116646
Senate,Tennessee,State,Tennessee,Bradshaw (D),Hagerty* (R),Hickman County,47081,0.230346551526662,7447.5774,35.80374486,-87.47317001
Senate,Tennessee,State,Tennessee,Bradshaw (D),Hagerty* (R),Houston County,47083,0.250587126174248,2737.9836,36.28616631,-87.71768095
Senate,Tennessee,State,Tennessee,Bradshaw (D),Hagerty* (R),Humphreys County,47085,0.256045129320982,5943.9426,36.04110957,-87.77571312
Senate,Tennessee,State,Tennessee,Bradshaw (D),Hagerty* (R),Jackson County,47087,0.224299914296864,4094.6028,36.35953777,-85.67355848
Senate,Tennessee,State,Tennessee,Bradshaw (D),Hagerty* (R),Jefferson County,47089,0.20989125306189,18610.5738,36.0513409,-83.44652522
Senate,Tennessee,State,Tennessee,Bradshaw (D),Hagerty* (R),Johnson County,47091,0.183612584698129,5852.2398,36.45484107,-81.85180572
Senate,Tennessee,State,Tennessee,Bradshaw (D),Hagerty* (R),Knox County,47093,0.430201739945116,158901.3018,35.99332876,-83.93759106
Senate,Tennessee,State,Tennessee,Bradshaw (D),Hagerty* (R),Lake County,47095,0.2724889650968,1398.8316,36.33529914,-89.49340328
Senate,Tennessee,State,Tennessee,Bradshaw (D),Hagerty* (R),Lauderdale County,47097,0.349223546282933,5970.8712,35.76118851,-89.63135139
Senate,Tennessee,State,Tennessee,Bradshaw (D),Hagerty* (R),Lawrence County,47099,0.187219641973684,14096.0304,35.21729152,-87.39523632
Senate,Tennessee,State,Tennessee,Bradshaw (D),Hagerty* (R),Lewis County,47101,0.208979179016258,4252.5354,35.52726999,-87.49365286
Senate,Tennessee,State,Tennessee,Bradshaw (D),Hagerty* (R),Lincoln County,47103,0.207567045277312,11637.522,35.14053022,-86.58840969
Senate,Tennessee,State,Tennessee,Bradshaw (D),Hagerty* (R),Loudon County,47105,0.256368457777055,23908.9578,35.73514674,-84.31125324
Senate,Tennessee,State,Tennessee,Bradshaw (D),Hagerty* (R),Macon County,47111,0.157005824990409,7449.033,36.53211833,-86.00775763
Senate,Tennessee,State,Tennessee,Bradshaw (D),Hagerty* (R),Madison County,47113,0.440058853418378,28748.1,35.60806385,-88.83867386
Senate,Tennessee,State,Tennessee,Bradshaw (D),Hagerty* (R),Marion County,47115,0.257645763431343,10053.8292,35.1294263,-85.62192494
Senate,Tennessee,State,Tennessee,Bradshaw (D),Hagerty* (R),Marshall County,47117,0.251294729776789,11510.8848,35.46843385,-86.76591028
Senate,Tennessee,State,Tennessee,Bradshaw (D),Hagerty* (R),Maury County,47119,0.316720105242121,37496.9838,35.6177569,-87.0771147
Senate,Tennessee,State,Tennessee,Bradshaw (D),Hagerty* (R),McMinn County,47107,0.208767387749884,17379.864,35.4243615,-84.61781822
Senate,Tennessee,State,Tennessee,Bradshaw (D),Hagerty* (R),McNairy County,47109,0.190582168190681,8125.1592,35.17583563,-88.56332928
Senate,Tennessee,State,Tennessee,Bradshaw (D),Hagerty* (R),Meigs County,47121,0.196684190205217,4405.3734,35.51294836,-84.8129419
Senate,Tennessee,State,Tennessee,Bradshaw (D),Hagerty* (R),Monroe County,47123,0.198670234992959,16109.1252,35.44293343,-84.25271451
Senate,Tennessee,State,Tennessee,Bradshaw (D),Hagerty* (R),Montgomery County,47125,0.43866025160235,58610.4618,36.49650951,-87.38247263
Senate,Tennessee,State,Tennessee,Bradshaw (D),Hagerty* (R),Moore County,47127,0.183758875118569,2621.5356,35.28548298,-86.35914773
Senate,Tennessee,State,Tennessee,Bradshaw (D),Hagerty* (R),Morgan County,47129,0.161573863494708,6172.4718,36.13501561,-84.64901358
Senate,Tennessee,State,Tennessee,Bradshaw (D),Hagerty* (R),Obion County,47131,0.20703508801464,9328.2126,36.35824874,-89.1487146
Senate,Tennessee,State,Tennessee,Bradshaw (D),Hagerty* (R),Overton County,47133,0.212095370140199,7986.1494,36.34428251,-85.28818727
Senate,Tennessee,State,Tennessee,Bradshaw (D),Hagerty* (R),Perry County,47135,0.187839285348749,2690.6766,35.64313951,-87.85894071
Senate,Tennessee,State,Tennessee,Bradshaw (D),Hagerty* (R),Pickett County,47137,0.200237262883214,2130.9984,36.55818853,-85.07476517
Senate,Tennessee,State,Tennessee,Bradshaw (D),Hagerty* (R),Polk County,47139,0.195258085403155,6301.2924,35.11993556,-84.52298798
Senate,Tennessee,State,Tennessee,Bradshaw (D),Hagerty* (R),Putnam County,47141,0.292798619343873,25141.851,36.14080321,-85.49633518
Senate,Tennessee,State,Tennessee,Bradshaw (D),Hagerty* (R),Rhea County,47143,0.194086458507657,10397.3508,35.60911854,-84.92418399
Senate,Tennessee,State,Tennessee,Bradshaw (D),Hagerty* (R),Roane County,47145,0.25446602322646,19711.7352,35.84762955,-84.52335538
Senate,Tennessee,State,Tennessee,Bradshaw (D),Hagerty* (R),Robertson County,47147,0.272429177190755,25245.9264,36.52536378,-86.87047841
Senate,Tennessee,State,Tennessee,Bradshaw (D),Hagerty* (R),Rutherford County,47149,0.424949257468814,105870.8826,35.84260355,-86.41692683
Senate,Tennessee,State,Tennessee,Bradshaw (D),Hagerty* (R),Scott County,47151,0.131558484203187,6950.49,36.42885328,-84.50369331
Senate,Tennessee,State,Tennessee,Bradshaw (D),Hagerty* (R),Sequatchie County,47153,0.198543893501648,5687.0292,35.37103725,-85.4102441
Senate,Tennessee,State,Tennessee,Bradshaw (D),Hagerty* (R),Sevier County,47155,0.222100734304599,31680.4062,35.78475751,-83.52376973
Senate,Tennessee,State,Tennessee,Bradshaw (D),Hagerty* (R),Shelby County,47157,0.659647241480857,233387.9928,35.18412715,-89.89620223
Senate,Tennessee,State,Tennessee,Bradshaw (D),Hagerty* (R),Smith County,47159,0.208383949131292,6732.15,36.25023609,-85.95654414
Senate,Tennessee,State,Tennessee,Bradshaw (D),Hagerty* (R),Stewart County,47161,0.211911158115715,4766.3622,36.50150068,-87.83755715
Senate,Tennessee,State,Tennessee,Bradshaw (D),Hagerty* (R),Sullivan County,47163,0.252420245603577,54423.4284,36.51291546,-82.30419555
Senate,Tennessee,State,Tennessee,Bradshaw (D),Hagerty* (R),Sumner County,47165,0.313371774610545,70335.3198,36.46938867,-86.46074089
Senate,Tennessee,State,Tennessee,Bradshaw (D),Hagerty* (R),Tipton County,47167,0.261979097631666,19272.8718,35.49692909,-89.75925274
Senate,Tennessee,State,Tennessee,Bradshaw (D),Hagerty* (R),Trousdale County,47169,0.244733791319156,3067.677,36.39236244,-86.15630295
Senate,Tennessee,State,Tennessee,Bradshaw (D),Hagerty* (R),Unicoi County,47171,0.217996003016541,6152.8212,36.11077416,-82.43228458
Senate,Tennessee,State,Tennessee,Bradshaw (D),Hagerty* (R),Union County,47173,0.17417466656785,6259.08,36.28814616,-83.83725225
Senate,Tennessee,State,Tennessee,Bradshaw (D),Hagerty* (R),Van Buren County,47175,0.199726680319874,2359.5276,35.6961661,-85.45359622
Senate,Tennessee,State,Tennessee,Bradshaw (D),Hagerty* (R),Warren County,47177,0.256103310253058,12255.4242,35.67900378,-85.77914118
Senate,Tennessee,State,Tennessee,Bradshaw (D),Hagerty* (R),Washington County,47179,0.331325271021822,43980.954,36.293414,-82.49711101
Senate,Tennessee,State,Tennessee,Bradshaw (D),Hagerty* (R),Wayne County,47181,0.142968310826674,4933.0284,35.24027258,-87.78755065
Senate,Tennessee,State,Tennessee,Bradshaw (D),Hagerty* (R),Weakley County,47183,0.238054189470905,9654.9948,36.29822836,-88.71817942
Senate,Tennessee,State,Tennessee,Bradshaw (D),Hagerty* (R),White County,47185,0.199140270840057,9331.8516,35.92662264,-85.45476978
Senate,Tennessee,State,Tennessee,Bradshaw (D),Hagerty* (R),Williamson County,47187,0.360697579716443,103534.6446,35.89405608,-86.89830897
Senate,Tennessee,State,Tennessee,Bradshaw (D),Hagerty* (R),Wilson County,47189,0.322276696136455,58427.784,36.15428192,-86.29778739
Senate,Texas,State,Texas,Talarico (D),Paxton (R),Anderson County,48001,0.257277488221027,13997.0496,31.81341571,-95.65255946
Senate,Texas,State,Texas,Talarico (D),Paxton (R),Andrews County,48003,0.202357090965413,4374.8058,32.30470528,-102.6376348
Senate,Texas,State,Texas,Talarico (D),Paxton (R),Angelina County,48005,0.306491547002037,24887.121,31.25457834,-94.61100866
Senate,Texas,State,Texas,Talarico (D),Paxton (R),Aransas County,48007,0.287370273528027,9403.9038,28.11898396,-96.99699873
Senate,Texas,State,Texas,Talarico (D),Paxton (R),Archer County,48009,0.169991024476459,3720.5136,33.61569967,-98.68754589
Senate,Texas,State,Texas,Talarico (D),Paxton (R),Armstrong County,48011,0.137889837891407,804.9468,34.96507426,-101.3574874
Senate,Texas,State,Texas,Talarico (D),Paxton (R),Atascosa County,48013,0.349931240917066,13315.101,28.89331115,-98.52716292
Senate,Texas,State,Texas,Talarico (D),Paxton (R),Austin County,48015,0.25264724464959,11115.6894,29.88707804,-96.27800561
Senate,Texas,State,Texas,Talarico (D),Paxton (R),Bailey County,48017,0.26051046486582,1256.9106,34.06860316,-102.8298267
Senate,Texas,State,Texas,Talarico (D),Paxton (R),Bandera County,48019,0.256228904747636,9804.1938,29.74699689,-99.24640517
Senate,Texas,State,Texas,Talarico (D),Paxton (R),Bastrop County,48021,0.475217917635987,28595.262,30.10367452,-97.31201625
Senate,Texas,State,Texas,Talarico (D),Paxton (R),Baylor County,48023,0.179447832460989,1204.509,33.61640794,-99.21352901
Senate,Texas,State,Texas,Talarico (D),Paxton (R),Bee County,48025,0.367225647592515,6344.2326,28.41736711,-97.74102624
Senate,Texas,State,Texas,Talarico (D),Paxton (R),Bell County,48027,0.486230772330425,93983.7252,31.03762665,-97.47823134
Senate,Texas,State,Texas,Talarico (D),Paxton (R),Bexar County,48029,0.617568988946715,545074.1652,29.44911665,-98.52016013
Senate,Texas,State,Texas,Talarico (D),Paxton (R),Blanco County,48031,0.302592625106898,6128.076,30.26640707,-98.3999852
Senate,Texas,State,Texas,Talarico (D),Paxton (R),Borden County,48033,0.109720361928923,280.9308,32.74363984,-101.4316509
Senate,Texas,State,Texas,Talarico (D),Paxton (R),Bosque County,48035,0.228808929507215,6909.0054,31.90035901,-97.63435711
Senate,Texas,State,Texas,Talarico (D),Paxton (R),Bowie County,48037,0.323241565827828,26494.8312,33.44693757,-94.42378182
Senate,Texas,State,Texas,Talarico (D),Paxton (R),Brazoria County,48039,0.468512322913696,116333.7354,29.18949785,-95.45158629
Senate,Texas,State,Texas,Talarico (D),Paxton (R),Brazos County,48041,0.44217446237144,65876.817,30.66074221,-96.30208322
Senate,Texas,State,Texas,Talarico (D),Paxton (R),Brewster County,48043,0.504468078302393,3285.2892,29.81174561,-103.2522656
Senate,Texas,State,Texas,Talarico (D),Paxton (R),Briscoe County,48045,0.165830560336606,537.1164,34.53026962,-101.2084947
Senate,Texas,State,Texas,Talarico (D),Paxton (R),Brooks County,48047,0.616697257682825,1735.803,27.03154713,-98.21866528
Senate,Texas,State,Texas,Talarico (D),Paxton (R),Brown County,48049,0.195743426281409,12172.455,31.77417703,-98.99881071
Senate,Texas,State,Texas,Talarico (D),Paxton (R),Burleson County,48051,0.251701537389572,6764.901,30.49219576,-96.62105771
Senate,Texas,State,Texas,Talarico (D),Paxton (R),Burnet County,48053,0.287338702215832,20312.1702,30.78852336,-98.18244138
Senate,Texas,State,Texas,Talarico (D),Paxton (R),Caldwell County,48055,0.495292426383838,11279.4444,29.83714515,-97.61976797
Senate,Texas,State,Texas,Talarico (D),Paxton (R),Calhoun County,48057,0.306077592940403,5671.0176,28.50349599,-96.60474134
Senate,Texas,State,Texas,Talarico (D),Paxton (R),Callahan County,48059,0.177907965363646,5051.6598,32.29760619,-99.37326312
Senate,Texas,State,Texas,Talarico (D),Paxton (R),Cameron County,48061,0.539058919124546,83878.2222,26.13427178,-97.51397873
Senate,Texas,State,Texas,Talarico (D),Paxton (R),Camp County,48063,0.298699362163535,3793.2936,32.97374349,-94.97868645
Senate,Texas,State,Texas,Talarico (D),Paxton (R),Carson County,48065,0.160158051140032,2296.9368,35.40365929,-101.3542669
Senate,Texas,State,Texas,Talarico (D),Paxton (R),Cass County,48067,0.238919985464491,10261.2522,33.07772099,-94.34317524
Senate,Texas,State,Texas,Talarico (D),Paxton (R),Castro County,48069,0.276023063852099,1464.3336,34.53004051,-102.2617081
Senate,Texas,State,Texas,Talarico (D),Paxton (R),Chambers County,48071,0.23758175403902,18019.6002,29.73846857,-94.60850621
Senate,Texas,State,Texas,Talarico (D),Paxton (R),Cherokee County,48073,0.252367534276931,14801.2686,31.83752856,-95.16565693
Senate,Texas,State,Texas,Talarico (D),Paxton (R),Childress County,48075,0.184951039917622,1640.4612,34.52929885,-100.2077744
Senate,Texas,State,Texas,Talarico (D),Paxton (R),Clay County,48077,0.167724625598785,4273.6416,33.78558981,-98.20837415
Senate,Texas,State,Texas,Talarico (D),Paxton (R),Cochran County,48079,0.235880003752898,642.6474,33.60426094,-102.8285179
Senate,Texas,State,Texas,Talarico (D),Paxton (R),Coke County,48081,0.167603657978793,1311.4956,31.88933528,-100.5295971
Senate,Texas,State,Texas,Talarico (D),Paxton (R),Coleman County,48083,0.171651227238928,3013.092,31.77319682,-99.45287706
Senate,Texas,State,Texas,Talarico (D),Paxton (R),Collin County,48085,0.511039330106588,365100.1422,33.18822716,-96.57266803
Senate,Texas,State,Texas,Talarico (D),Paxton (R),Collingsworth County,48087,0.1806759127868,874.0878,34.96489439,-100.2700105
Senate,Texas,State,Texas,Talarico (D),Paxton (R),Colorado County,48089,0.280512838854921,7228.5096,29.62080587,-96.52613796
Senate,Texas,State,Texas,Talarico (D),Paxton (R),Comal County,48091,0.338487086386423,74552.9208,29.80840142,-98.2785174
Senate,Texas,State,Texas,Talarico (D),Paxton (R),Comanche County,48093,0.196321173856284,4740.1614,31.94854859,-98.55874953
Senate,Texas,State,Texas,Talarico (D),Paxton (R),Concho County,48095,0.196733060797379,866.8098,31.32686635,-99.86428507
Senate,Texas,State,Texas,Talarico (D),Paxton (R),Cooke County,48097,0.231444344401487,14763.423,33.63940669,-97.21276751
Senate,Texas,State,Texas,Talarico (D),Paxton (R),Coryell County,48099,0.362556386435312,17210.2866,31.39078397,-97.79936155
Senate,Texas,State,Texas,Talarico (D),Paxton (R),Cottle County,48101,0.204355211638165,475.9812,34.07767347,-100.2787087
Senate,Texas,State,Texas,Talarico (D),Paxton (R),Crane County,48103,0.202954595588545,1005.0918,31.4287137,-102.5151699
Senate,Texas,State,Texas,Talarico (D),Paxton (R),Crockett County,48105,0.297347598911247,1026.198,30.72293884,-101.4121116
Senate,Texas,State,Texas,Talarico (D),Paxton (R),Crosby County,48107,0.309833591154274,1358.8026,33.61431553,-101.3000364
Senate,Texas,State,Texas,Talarico (D),Paxton (R),Culberson County,48109,0.482555299012565,560.406,31.44657839,-104.5179143
Senate,Texas,State,Texas,Talarico (D),Paxton (R),Dallam County,48111,0.174045506786697,1045.8486,36.27789187,-102.6021107
Senate,Texas,State,Texas,Talarico (D),Paxton (R),Dallas County,48113,0.681350992977189,606757.3986,32.76665041,-96.77788947
Senate,Texas,State,Texas,Talarico (D),Paxton (R),Dawson County,48115,0.260101623841029,2530.5606,32.74255572,-101.9477242
Senate,Texas,State,Texas,Talarico (D),Paxton (R),Deaf Smith County,48117,0.307921513231084,3094.6056,34.96515022,-102.6052738
Senate,Texas,State,Texas,Talarico (D),Paxton (R),Delta County,48119,0.218250695418199,1926.4866,33.38664358,-95.67114037
Senate,Texas,State,Texas,Talarico (D),Paxton (R),Denton County,48121,0.501510766201159,321705.0672,33.20528167,-97.11685878
Senate,Texas,State,Texas,Talarico (D),Paxton (R),DeWitt County,48123,0.231403817225245,5665.923,29.08147376,-97.35694033
Senate,Texas,State,Texas,Talarico (D),Paxton (R),Dickens County,48125,0.215744332201598,720.522,33.61616822,-100.7788855
Senate,Texas,State,Texas,Talarico (D),Paxton (R),Dimmit County,48127,0.584653434931649,2487.6204,28.42276169,-99.75646833
Senate,Texas,State,Texas,Talarico (D),Paxton (R),Donley County,48129,0.171472431701939,1227.0708,34.96517499,-100.8140093
Senate,Texas,State,Texas,Talarico (D),Paxton (R),Duval County,48131,0.51919259238106,3232.8876,27.68142846,-98.50873333
Senate,Texas,State,Texas,Talarico (D),Paxton (R),Eastland County,48133,0.17867247107682,6051.657,32.32743996,-98.83243566
Senate,Texas,State,Texas,Talarico (D),Paxton (R),Ector County,48135,0.301807755372088,30793.218,31.86898877,-102.5429428
Senate,Texas,State,Texas,Talarico (D),Paxton (R),Edwards County,48137,0.201004115664974,729.2556,29.98273014,-100.3050897
Senate,Texas,State,Texas,Talarico (D),Paxton (R),Ellis County,48139,0.411530615219787,71770.5414,32.34880007,-96.79470819
Senate,Texas,State,Texas,Talarico (D),Paxton (R),El Paso County,48141,0.644860530433311,180698.184,31.76884214,-106.2352418
Senate,Texas,State,Texas,Talarico (D),Paxton (R),Erath County,48143,0.225843679128607,13260.516,32.23614282,-98.21770884
Senate,Texas,State,Texas,Talarico (D),Paxton (R),Falls County,48145,0.343097115610855,4536.3774,31.25354356,-96.93634455
Senate,Texas,State,Texas,Talarico (D),Paxton (R),Fannin County,48147,0.22865100582805,11830.389,33.59387579,-96.10669521
Senate,Texas,State,Texas,Talarico (D),Paxton (R),Fayette County,48149,0.258598024260678,9617.1492,29.87663549,-96.91986981
Senate,Texas,State,Texas,Talarico (D),Paxton (R),Fisher County,48151,0.249887636460477,1322.4126,32.74281316,-100.4019302
Senate,Texas,State,Texas,Talarico (D),Paxton (R),Floyd County,48153,0.24096615973891,1508.7294,34.07227468,-101.3031546
Senate,Texas,State,Texas,Talarico (D),Paxton (R),Foard County,48155,0.238639955097221,393.012,33.97478308,-99.77794293
Senate,Texas,State,Texas,Talarico (D),Paxton (R),Fort Bend County,48157,0.576370983982168,256842.0756,29.52747353,-95.77093789
Senate,Texas,State,Texas,Talarico (D),Paxton (R),Franklin County,48159,0.222072081889166,3847.1508,33.17532732,-95.21903806
Senate,Texas,State,Texas,Talarico (D),Paxton (R),Freestone County,48161,0.234843648511715,6549.4722,31.7044343,-96.14897872
Senate,Texas,State,Texas,Talarico (D),Paxton (R),Frio County,48163,0.444797702086264,3572.0424,28.86751206,-99.10804207
Senate,Texas,State,Texas,Talarico (D),Paxton (R),Gaines County,48165,0.152622046313555,4641.9084,32.74057746,-102.6353739
Senate,Texas,State,Texas,Talarico (D),Paxton (R),Galveston County,48167,0.429557770834972,114284.2506,29.3895025,-94.95985195
Senate,Texas,State,Texas,Talarico (D),Paxton (R),Garza County,48169,0.20248508567203,1155.0186,33.17969345,-101.2984114
Senate,Texas,State,Texas,Talarico (D),Paxton (R),Gillespie County,48171,0.261400008880377,11908.2636,30.31824095,-98.94676915
Senate,Texas,State,Texas,Talarico (D),Paxton (R),Glasscock County,48173,0.12575823828207,481.0758,31.86942909,-101.5207776
Senate,Texas,State,Texas,Talarico (D),Paxton (R),Goliad County,48175,0.264932880985698,2879.1768,28.65724851,-97.42628751
Senate,Texas,State,Texas,Talarico (D),Paxton (R),Gonzales County,48177,0.292523800031649,5611.338,29.45652075,-97.49248742
Senate,Texas,State,Texas,Talarico (D),Paxton (R),Gray County,48179,0.180398034833007,5484.7008,35.40081878,-100.8129222
Senate,Texas,State,Texas,Talarico (D),Paxton (R),Grayson County,48181,0.294721631975764,47566.0968,33.62702927,-96.67774905
Senate,Texas,State,Texas,Talarico (D),Paxton (R),Gregg County,48183,0.355273038958284,33711.696,32.4801034,-94.81675582
Senate,Texas,State,Texas,Talarico (D),Paxton (R),Grimes County,48185,0.264522545749031,10138.9818,30.5437066,-95.98558082
Senate,Texas,State,Texas,Talarico (D),Paxton (R),Guadalupe County,48187,0.419226102338167,61327.3392,29.58321407,-97.9484645
Senate,Texas,State,Texas,Talarico (D),Paxton (R),Hale County,48189,0.275432658970264,6685.5708,34.07044901,-101.8268114
Senate,Texas,State,Texas,Talarico (D),Paxton (R),Hall County,48191,0.198856788933686,830.4198,34.53073368,-100.6813647
Senate,Texas,State,Texas,Talarico (D),Paxton (R),Hamilton County,48193,0.209225831907725,3227.0652,31.70470573,-98.11083887
Senate,Texas,State,Texas,Talarico (D),Paxton (R),Hansford County,48195,0.141710228590029,1446.8664,36.27743284,-101.3545796
Senate,Texas,State,Texas,Talarico (D),Paxton (R),Hardeman County,48197,0.2027474101918,1017.4644,34.29029034,-99.74572968
Senate,Texas,State,Texas,Talarico (D),Paxton (R),Hardin County,48199,0.187643291838627,20406.0564,30.33224472,-94.3902703
Senate,Texas,State,Texas,Talarico (D),Paxton (R),Harris County,48201,0.596372069535524,1114600.9548,29.85748873,-95.39302715
Senate,Texas,State,Texas,Talarico (D),Paxton (R),Harrison County,48203,0.313682046844278,21853.6506,32.54840734,-94.37105127
Senate,Texas,State,Texas,Talarico (D),Paxton (R),Hartley County,48205,0.149525816032932,1459.9668,35.84008345,-102.6029352
Senate,Texas,State,Texas,Talarico (D),Paxton (R),Haskell County,48207,0.208565416192561,1623.7218,33.17823584,-99.73037359
Senate,Texas,State,Texas,Talarico (D),Paxton (R),Hays County,48209,0.596866135393969,90222.4548,30.05810528,-98.03105783
Senate,Texas,State,Texas,Talarico (D),Paxton (R),Hemphill County,48211,0.186871332542081,1165.9356,35.83764858,-100.2703577
Senate,Texas,State,Texas,Talarico (D),Paxton (R),Henderson County,48213,0.248931760297376,27873.2844,32.21224151,-95.85377795
Senate,Texas,State,Texas,Talarico (D),Paxton (R),Hidalgo County,48215,0.553769661372288,156678.6006,26.39667226,-98.18144326
Senate,Texas,State,Texas,Talarico (D),Paxton (R),Hill County,48217,0.244240165869845,12072.7464,31.99059876,-97.13216715
Senate,Texas,State,Texas,Talarico (D),Paxton (R),Hockley County,48219,0.234915257985447,5778.0042,33.60771256,-102.3431676
Senate,Texas,State,Texas,Talarico (D),Paxton (R),Hood County,48221,0.235745580753779,26378.3832,32.43002712,-97.83219383
Senate,Texas,State,Texas,Talarico (D),Paxton (R),Hopkins County,48223,0.243244091355127,12133.1538,33.14945662,-95.56432257
Senate,Texas,State,Texas,Talarico (D),Paxton (R),Houston County,48225,0.290026457579084,6777.2736,31.31764204,-95.42200282
Senate,Texas,State,Texas,Talarico (D),Paxton (R),Howard County,48227,0.251957972362606,6969.4128,32.30621324,-101.4356444
Senate,Texas,State,Texas,Talarico (D),Paxton (R),Hudspeth County,48229,0.334227031535361,752.5452,31.4564022,-105.3871487
Senate,Texas,State,Texas,Talarico (D),Paxton (R),Hunt County,48231,0.288597962901137,33732.8022,33.12356693,-96.08560239
Senate,Texas,State,Texas,Talarico (D),Paxton (R),Hutchinson County,48233,0.179801468430735,5957.7708,35.84006574,-101.3546643
Senate,Texas,State,Texas,Talarico (D),Paxton (R),Irion County,48235,0.189516697890823,630.2748,31.30375559,-100.982439
Senate,Texas,State,Texas,Talarico (D),Paxton (R),Jack County,48237,0.155070158614942,3043.6596,33.23377248,-98.17283469
Senate,Texas,State,Texas,Talarico (D),Paxton (R),Jackson County,48239,0.212397981358028,4580.0454,28.95369067,-96.5775562
Senate,Texas,State,Texas,Talarico (D),Paxton (R),Jasper County,48241,0.234017192003265,11482.5006,30.74482946,-94.02607231
Senate,Texas,State,Texas,Talarico (D),Paxton (R),Jeff Davis County,48243,0.459914493343038,836.2422,30.71489092,-104.1401726
Senate,Texas,State,Texas,Talarico (D),Paxton (R),Jefferson County,48245,0.52349102231746,62250.1896,29.88337578,-94.16307113
Senate,Texas,State,Texas,Talarico (D),Paxton (R),Jim Hogg County,48247,0.609699059742663,1150.6518,27.04354651,-98.69730012
Senate,Texas,State,Texas,Talarico (D),Paxton (R),Jim Wells County,48249,0.490353895632776,9616.4214,27.73123346,-98.08997801
Senate,Texas,State,Texas,Talarico (D),Paxton (R),Johnson County,48251,0.308860092108193,58223.2722,32.3788142,-97.36618817
Senate,Texas,State,Texas,Talarico (D),Paxton (R),Jones County,48253,0.199814182261295,5018.181,32.7400927,-99.87871324
Senate,Texas,State,Texas,Talarico (D),Paxton (R),Karnes County,48255,0.276306005946169,3676.8456,28.90564205,-97.85944813
Senate,Texas,State,Texas,Talarico (D),Paxton (R),Kaufman County,48257,0.427716589335145,50064.6342,32.59905385,-96.2877972
Senate,Texas,State,Texas,Talarico (D),Paxton (R),Kendall County,48259,0.287233854443971,21122.9394,29.94473189,-98.7114161
Senate,Texas,State,Texas,Talarico (D),Paxton (R),Kenedy County,48261,0.331090097547363,113.5368,26.92975017,-97.69810806
Senate,Texas,State,Texas,Talarico (D),Paxton (R),Kent County,48263,0.181905948363214,320.232,33.18104889,-100.7780898
Senate,Texas,State,Texas,Talarico (D),Paxton (R),Kerr County,48265,0.294370551429321,20327.454,30.06116361,-99.34928454
Senate,Texas,State,Texas,Talarico (D),Paxton (R),Kimble County,48267,0.177611855359444,1737.2586,30.48678918,-99.74856473
Senate,Texas,State,Texas,Talarico (D),Paxton (R),King County,48269,0.112714029171295,98.253,33.61643847,-100.2558057
Senate,Texas,State,Texas,Talarico (D),Paxton (R),Kinney County,48271,0.31383381467717,1025.4702,29.35014052,-100.4179055
Senate,Texas,State,Texas,Talarico (D),Paxton (R),Kleberg County,48273,0.504249484224338,7241.61,27.43132443,-97.72430027
Senate,Texas,State,Texas,Talarico (D),Paxton (R),Knox County,48275,0.224473964288894,997.086,33.60611596,-99.74139253
Senate,Texas,State,Texas,Talarico (D),Paxton (R),Lamar County,48277,0.261376624446587,15373.3194,33.6672152,-95.57108168
Senate,Texas,State,Texas,Talarico (D),Paxton (R),Lamb County,48279,0.24491121302828,3003.6306,34.06859623,-102.3516289
Senate,Texas,State,Texas,Talarico (D),Paxton (R),Lampasas County,48281,0.267679930478659,8146.2654,31.19624807,-98.2416756
Senate,Texas,State,Texas,Talarico (D),Paxton (R),La Salle County,48283,0.465290861322595,1710.33,28.34445432,-99.0992434
Senate,Texas,State,Texas,Talarico (D),Paxton (R),Lavaca County,48285,0.186451402908669,7605.51,29.38395052,-96.93033343
Senate,Texas,State,Texas,Talarico (D),Paxton (R),Lee County,48287,0.264348016099399,6087.3192,30.31077667,-96.96605425
Senate,Texas,State,Texas,Talarico (D),Paxton (R),Leon County,48289,0.182856384504998,6561.117,31.29628413,-95.9957025
Senate,Texas,State,Texas,Talarico (D),Paxton (R),Liberty County,48291,0.259081625889932,22702.2654,30.15161146,-94.81225285
Senate,Texas,State,Texas,Talarico (D),Paxton (R),Limestone County,48293,0.281666607610654,6551.6556,31.5454767,-96.58095444
Senate,Texas,State,Texas,Talarico (D),Paxton (R),Lipscomb County,48295,0.166827277034543,908.2944,36.27778375,-100.2732972
Senate,Texas,State,Texas,Talarico (D),Paxton (R),Live Oak County,48297,0.218427437923378,3688.4904,28.35137771,-98.12498408
Senate,Texas,State,Texas,Talarico (D),Paxton (R),Llano County,48299,0.261610317246273,9836.217,30.70581617,-98.68429358
Senate,Texas,State,Texas,Talarico (D),Paxton (R),Loving County,48301,0.172436251393517,69.8688,31.8491553,-103.5798367
Senate,Texas,State,Texas,Talarico (D),Paxton (R),Lubbock County,48303,0.368588918572196,90025.221,33.61008596,-101.8204789
Senate,Texas,State,Texas,Talarico (D),Paxton (R),Lynn County,48305,0.213988359275161,1852.9788,33.17657705,-101.8162849
Senate,Texas,State,Texas,Talarico (D),Paxton (R),Madison County,48313,0.244761712152702,3975.2436,30.96540306,-95.92738963
Senate,Texas,State,Texas,Talarico (D),Paxton (R),Marion County,48315,0.303626574893588,3404.6484,32.79813996,-94.3574341
Senate,Texas,State,Texas,Talarico (D),Paxton (R),Martin County,48317,0.187478078935344,1508.0016,32.30600051,-101.9513518
Senate,Texas,State,Texas,Talarico (D),Paxton (R),Mason County,48319,0.241177951260715,1826.778,30.7177995,-99.22629725
Senate,Texas,State,Texas,Talarico (D),Paxton (R),Matagorda County,48321,0.313265035136313,9598.2264,28.82108792,-96.01140809
Senate,Texas,State,Texas,Talarico (D),Paxton (R),Maverick County,48323,0.475281974559524,11395.8924,28.74262555,-100.3147083
Senate,Texas,State,Texas,Talarico (D),Paxton (R),McCulloch County,48307,0.198716832433272,2538.5664,31.1988896,-99.34743941
Senate,Texas,State,Texas,Talarico (D),Paxton (R),McLennan County,48309,0.412164617681384,71665.7382,31.5524976,-97.20199931
Senate,Texas,State,Texas,Talarico (D),Paxton (R),McMullen County,48311,0.144558244520665,352.983,28.35261097,-98.567849
Senate,Texas,State,Texas,Talarico (D),Paxton (R),Medina County,48325,0.352942313489036,17768.5092,29.35546127,-99.11033508
Senate,Texas,State,Texas,Talarico (D),Paxton (R),Menard County,48327,0.233158042534804,750.3618,30.88990665,-99.8204794
Senate,Texas,State,Texas,Talarico (D),Paxton (R),Midland County,48329,0.262986112730967,42427.101,31.86904128,-102.0315682
Senate,Texas,State,Texas,Talarico (D),Paxton (R),Milam County,48331,0.279755703398598,8021.8116,30.7861553,-96.97728156
Senate,Texas,State,Texas,Talarico (D),Paxton (R),Mills County,48333,0.181905948363214,1985.4384,31.49516229,-98.59562176
Senate,Texas,State,Texas,Talarico (D),Paxton (R),Mitchell County,48335,0.209295225752491,1816.5888,32.30623474,-100.9212058
Senate,Texas,State,Texas,Talarico (D),Paxton (R),Montague County,48337,0.177759297406992,8029.8174,33.67539964,-97.72439946
Senate,Texas,State,Texas,Talarico (D),Paxton (R),Montgomery County,48339,0.338703221218973,221426.5998,30.30019889,-95.50331613
Senate,Texas,State,Texas,Talarico (D),Paxton (R),Moore County,48341,0.229984515151822,3870.4404,35.83769242,-101.8930281
Senate,Texas,State,Texas,Talarico (D),Paxton (R),Morris County,48343,0.31105270833899,3933.0312,33.11284956,-94.73282508
Senate,Texas,State,Texas,Talarico (D),Paxton (R),Motley County,48345,0.122365411620204,470.8866,34.07408766,-100.779722
Senate,Texas,State,Texas,Talarico (D),Paxton (R),Nacogdoches County,48347,0.372643224148976,18387.867,31.6162358,-94.61593169
Senate,Texas,State,Texas,Talarico (D),Paxton (R),Navarro County,48349,0.307363587062943,14331.1098,32.04696933,-96.47280759
Senate,Texas,State,Texas,Talarico (D),Paxton (R),Newton County,48351,0.234325750783016,4172.4774,30.78564527,-93.74533244
Senate,Texas,State,Texas,Talarico (D),Paxton (R),Nolan County,48353,0.269532410299068,3688.4904,32.30390399,-100.4060382
Senate,Texas,State,Texas,Talarico (D),Paxton (R),Nueces County,48355,0.510348804977745,87662.7822,27.72543779,-97.61091925
Senate,Texas,State,Texas,Talarico (D),Paxton (R),Ochiltree County,48357,0.15817600183915,2177.5776,36.27830534,-100.8158413
Senate,Texas,State,Texas,Talarico (D),Paxton (R),Oldham County,48359,0.144636973787738,705.2382,35.40425708,-102.6027421
Senate,Texas,State,Texas,Talarico (D),Paxton (R),Orange County,48361,0.232786963518083,26299.7808,30.12099964,-93.89437408
Senate,Texas,State,Texas,Talarico (D),Paxton (R),Palo Pinto County,48363,0.230176505246645,9633.1608,32.75310985,-98.31319001
Senate,Texas,State,Texas,Talarico (D),Paxton (R),Panola County,48365,0.235301588234084,8300.559,32.16239924,-94.30558387
Senate,Texas,State,Texas,Talarico (D),Paxton (R),Parker County,48367,0.233440619822363,65531.112,32.77760907,-97.80496943
Senate,Texas,State,Texas,Talarico (D),Paxton (R),Parmer County,48369,0.216001419331427,1812.9498,34.52993922,-102.7844494
Senate,Texas,State,Texas,Talarico (D),Paxton (R),Pecos County,48371,0.341561510192689,3046.5708,30.78076842,-102.7234229
Senate,Texas,State,Texas,Talarico (D),Paxton (R),Polk County,48373,0.271784464939069,17558.9028,30.79270853,-94.82986499
Senate,Texas,State,Texas,Talarico (D),Paxton (R),Potter County,48375,0.343753760447209,23111.289,35.40133773,-101.893964
Senate,Texas,State,Texas,Talarico (D),Paxton (R),Presidio County,48377,0.720927812574952,1437.405,29.99962168,-104.2408125
Senate,Texas,State,Texas,Talarico (D),Paxton (R),Rains County,48379,0.201592689973859,4743.8004,32.87032705,-95.79355891
Senate,Texas,State,Texas,Talarico (D),Paxton (R),Randall County,48381,0.263517814888815,48216.0222,34.96585996,-101.8971322
Senate,Texas,State,Texas,Talarico (D),Paxton (R),Reagan County,48383,0.218110179838434,684.8598,31.36607041,-101.5232659
Senate,Texas,State,Texas,Talarico (D),Paxton (R),Real County,48385,0.230640718747469,1411.932,29.8324893,-99.82222259
Senate,Texas,State,Texas,Talarico (D),Paxton (R),Red River County,48387,0.25893509898787,4210.323,33.62099176,-95.04966416
Senate,Texas,State,Texas,Talarico (D),Paxton (R),Reeves County,48389,0.382052575929196,2481.798,31.32283311,-103.6930786
Senate,Texas,State,Texas,Talarico (D),Paxton (R),Refugio County,48391,0.369284979420594,2221.9734,28.32554745,-97.16001089
Senate,Texas,State,Texas,Talarico (D),Paxton (R),Roberts County,48393,0.103542953333552,412.6626,35.83809685,-100.813175
Senate,Texas,State,Texas,Talarico (D),Paxton (R),Robertson County,48395,0.30595932926591,5897.3634,31.02665136,-96.51322902
Senate,Texas,State,Texas,Talarico (D),Paxton (R),Rockwall County,48397,0.361808864994235,44857.2252,32.89785884,-96.40769484
Senate,Texas,State,Texas,Talarico (D),Paxton (R),Runnels County,48399,0.180372759330025,2934.4896,31.8314342,-99.97616148
Senate,Texas,State,Texas,Talarico (D),Paxton (R),Rusk County,48401,0.269326559368731,15699.3738,32.10819843,-94.76183346
Senate,Texas,State,Texas,Talarico (D),Paxton (R),Sabine County,48403,0.174346535463995,4048.0236,31.34269549,-93.85288661
Senate,Texas,State,Texas,Talarico (D),Paxton (R),San Augustine County,48405,0.285392504748321,2711.7828,31.39477071,-94.16790044
Senate,Texas,State,Texas,Talarico (D),Paxton (R),San Jacinto County,48407,0.239542913335402,9242.3322,30.57936685,-95.1671992
Senate,Texas,State,Texas,Talarico (D),Paxton (R),San Patricio County,48409,0.384687848270735,18458.4636,28.00978811,-97.51888305
Senate,Texas,State,Texas,Talarico (D),Paxton (R),San Saba County,48411,0.170948156155422,1956.3264,31.15502115,-98.81731955
Senate,Texas,State,Texas,Talarico (D),Paxton (R),Schleicher County,48413,0.243132972704992,799.1244,30.89734895,-100.5384877
Senate,Texas,State,Texas,Talarico (D),Paxton (R),Scurry County,48415,0.197517691787953,4133.1762,32.74614567,-100.9162656
Senate,Texas,State,Texas,Talarico (D),Paxton (R),Shackelford County,48417,0.153599800974659,1245.2658,32.73587756,-99.35401337
Senate,Texas,State,Texas,Talarico (D),Paxton (R),Shelby County,48419,0.244039397952494,7208.859,31.79223785,-94.14557404
Senate,Texas,State,Texas,Talarico (D),Paxton (R),Sherman County,48421,0.123760914206619,629.547,36.27765456,-101.8933684
Senate,Texas,State,Texas,Talarico (D),Paxton (R),Smith County,48423,0.340768928769298,74892.8034,32.37521162,-95.26908279
Senate,Texas,State,Texas,Talarico (D),Paxton (R),Somervell County,48425,0.211480873819146,3816.5832,32.22235362,-97.77458843
Senate,Texas,State,Texas,Talarico (D),Paxton (R),Starr County,48427,0.487989445268779,11898.8022,26.56223662,-98.73826312
Senate,Texas,State,Texas,Talarico (D),Paxton (R),Stephens County,48429,0.170615000505102,2730.7056,32.73553157,-98.83631615
Senate,Texas,State,Texas,Talarico (D),Paxton (R),Sterling County,48431,0.136959680573496,455.6028,31.82781912,-101.0500746
Senate,Texas,State,Texas,Talarico (D),Paxton (R),Stonewall County,48433,0.22233120937671,519.6492,33.17906744,-100.2538401
Senate,Texas,State,Texas,Talarico (D),Paxton (R),Sutton County,48435,0.231710444941904,1015.281,30.4985468,-100.5382117
Senate,Texas,State,Texas,Talarico (D),Paxton (R),Swisher County,48437,0.247939669434831,1632.4554,34.53028891,-101.7349174
Senate,Texas,State,Texas,Talarico (D),Paxton (R),Tarrant County,48439,0.542302627641215,590338.2306,32.77145377,-97.29099289
Senate,Texas,State,Texas,Talarico (D),Paxton (R),Taylor County,48441,0.316782955271522,39899.4516,32.30175703,-99.88996827
Senate,Texas,State,Texas,Talarico (D),Paxton (R),Terrell County,48443,0.292960942751542,294.759,30.22490816,-102.0764353
Senate,Texas,State,Texas,Talarico (D),Paxton (R),Terry County,48445,0.240815146161301,2475.9756,33.17402785,-102.3354521
Senate,Texas,State,Texas,Talarico (D),Paxton (R),Throckmorton County,48447,0.149742799012565,652.1088,33.17751417,-99.21226795
Senate,Texas,State,Texas,Talarico (D),Paxton (R),Titus County,48449,0.292717098539005,7376.9808,33.21673924,-94.96656946
Senate,Texas,State,Texas,Talarico (D),Paxton (R),Tom Green County,48451,0.325805597531403,32739.3552,31.40455473,-100.4624522
Senate,Texas,State,Texas,Talarico (D),Paxton (R),Travis County,48453,0.768521266112958,414677.1504,30.33471479,-97.78169164
Senate,Texas,State,Texas,Talarico (D),Paxton (R),Trinity County,48455,0.231275995857665,5335.5018,31.08828397,-95.13547749
Senate,Texas,State,Texas,Talarico (D),Paxton (R),Tyler County,48457,0.199260670201418,6939.573,30.77118478,-94.37649281
Senate,Texas,State,Texas,Talarico (D),Paxton (R),Upshur County,48459,0.210989357994728,14380.6002,32.73670474,-94.94114818
Senate,Texas,State,Texas,Talarico (D),Paxton (R),Upton County,48461,0.181010897468163,942.501,31.36864453,-102.0428877
Senate,Texas,State,Texas,Talarico (D),Paxton (R),Uvalde County,48463,0.400022162046438,7059.66,29.35739637,-99.76229172
Senate,Texas,State,Texas,Talarico (D),Paxton (R),Val Verde County,48465,0.43395775974762,10512.3432,29.89249412,-101.1521556
Senate,Texas,State,Texas,Talarico (D),Paxton (R),Van Zandt County,48467,0.192365840257227,20233.5678,32.56379892,-95.83674215
Senate,Texas,State,Texas,Talarico (D),Paxton (R),Victoria County,48469,0.353861449443487,25478.8224,28.7960712,-96.97135956
Senate,Texas,State,Texas,Talarico (D),Paxton (R),Walker County,48471,0.366996362433449,18177.5328,30.73883544,-95.57247928
Senate,Texas,State,Texas,Talarico (D),Paxton (R),Waller County,48473,0.441820575189066,19839.828,30.01059467,-95.98754906
Senate,Texas,State,Texas,Talarico (D),Paxton (R),Ward County,48475,0.235827040632783,2723.4276,31.50920785,-103.1024815
Senate,Texas,State,Texas,Talarico (D),Paxton (R),Washington County,48477,0.2927413183257,13157.1684,30.21441875,-96.40341594
Senate,Texas,State,Texas,Talarico (D),Paxton (R),Webb County,48479,0.557310848348743,47551.5408,27.76103224,-99.33173804
Senate,Texas,State,Texas,Talarico (D),Paxton (R),Wharton County,48481,0.307427943036227,11898.8022,29.2778845,-96.22242975
Senate,Texas,State,Texas,Talarico (D),Paxton (R),Wheeler County,48483,0.142982228405011,1646.2836,35.40114335,-100.2699514
Senate,Texas,State,Texas,Talarico (D),Paxton (R),Wichita County,48485,0.346036013055076,32063.229,33.98806865,-98.7035838
Senate,Texas,State,Texas,Talarico (D),Paxton (R),Wilbarger County,48487,0.262575956168332,3221.2428,34.08084256,-99.24098891
Senate,Texas,State,Texas,Talarico (D),Paxton (R),Willacy County,48489,0.551720480006286,4024.0062,26.47040624,-97.65724482
Senate,Texas,State,Texas,Talarico (D),Paxton (R),Williamson County,48491,0.555823861541907,220578.7128,30.64812769,-97.60120361
Senate,Texas,State,Texas,Talarico (D),Paxton (R),Wilson County,48493,0.298437964668636,19753.2198,29.17420221,-98.08694449
Senate,Texas,State,Texas,Talarico (D),Paxton (R),Winkler County,48495,0.214977723658939,1403.9262,31.85000039,-103.048449
Senate,Texas,State,Texas,Talarico (D),Paxton (R),Wise County,48497,0.215808410733694,27649.122,33.215766,-97.65458625
Senate,Texas,State,Texas,Talarico (D),Paxton (R),Wood County,48499,0.217533168208017,17641.1442,32.78643978,-95.38204393
Senate,Texas,State,Texas,Talarico (D),Paxton (R),Yoakum County,48501,0.211906711984305,1732.8918,33.1730387,-102.8279472
Senate,Texas,State,Texas,Talarico (D),Paxton (R),Young County,48503,0.184734475768013,6011.628,33.17659707,-98.68790885
Senate,Texas,State,Texas,Talarico (D),Paxton (R),Zapata County,48505,0.455519429991963,3527.6466,27.00076857,-99.16858655
Senate,Texas,State,Texas,Talarico (D),Paxton (R),Zavala County,48507,0.640687357375437,2522.5548,28.86623446,-99.76049166
Senate,Virginia,State,Virginia,Warner* (D),Mizusawa (R),Accomack County,51001,0.502197818100278,12396.6174,37.76647217,-75.63628772
Senate,Virginia,State,Virginia,Warner* (D),Mizusawa (R),Albemarle County,51003,0.725480385598548,47883.4176,38.02273165,-78.55661903
Senate,Virginia,State,Virginia,Warner* (D),Mizusawa (R),Alexandria,51510,0.846860244601792,57087.1764,38.8171835,-77.08548989
Senate,Virginia,State,Virginia,Warner* (D),Mizusawa (R),Alleghany County,51005,0.351215445819217,5973.0546,37.78778327,-80.00761323
Senate,Virginia,State,Virginia,Warner* (D),Mizusawa (R),Amelia County,51007,0.350839062373231,5815.122,37.33550025,-77.9752747
Senate,Virginia,State,Virginia,Warner* (D),Mizusawa (R),Amherst County,51009,0.392135928702955,12497.0538,37.60543548,-79.14517223
Senate,Virginia,State,Virginia,Warner* (D),Mizusawa (R),Appomattox County,51011,0.321030617399919,6962.8626,37.37242345,-78.81172877
Senate,Virginia,State,Virginia,Warner* (D),Mizusawa (R),Arlington County,51013,0.849464789370108,91461.8982,38.87844605,-77.10098204
Senate,Virginia,State,Virginia,Warner* (D),Mizusawa (R),Augusta County,51015,0.325623626535306,31900.9296,38.16483645,-79.13408568
Senate,Virginia,State,Virginia,Warner* (D),Mizusawa (R),Bath County,51017,0.314579790858633,1866.0792,38.05836054,-79.74123354
Senate,Virginia,State,Virginia,Warner* (D),Mizusawa (R),Bedford County,51019,0.316119177097181,36703.6818,37.31502696,-79.52391814
Senate,Virginia,State,Virginia,Warner* (D),Mizusawa (R),Bland County,51021,0.230146915803937,2563.3116,37.13389662,-81.13059253
Senate,Virginia,State,Virginia,Warner* (D),Mizusawa (R),Botetourt County,51023,0.342811376280113,15801.2658,37.5570231,-79.8119662
Senate,Virginia,State,Virginia,Warner* (D),Mizusawa (R),Bristol,51520,0.379555621577341,5406.0984,36.61826378,-82.1590697
Senate,Virginia,State,Virginia,Warner* (D),Mizusawa (R),Brunswick County,51025,0.618397040436345,5609.1546,36.76457633,-77.85881453
Senate,Virginia,State,Virginia,Warner* (D),Mizusawa (R),Buchanan County,51027,0.247003672590458,6764.1732,37.26641332,-82.03580207
Senate,Virginia,State,Virginia,Warner* (D),Mizusawa (R),Buckingham County,51029,0.465026385585096,5702.313,37.57196671,-78.52851211
Senate,Virginia,State,Virginia,Warner* (D),Mizusawa (R),Buena Vista,51530,0.368219183376895,2039.2956,37.73052263,-79.35459481
Senate,Virginia,State,Virginia,Warner* (D),Mizusawa (R),Campbell County,51031,0.332439029927695,22505.0316,37.20561193,-79.09657032
Senate,Virginia,State,Virginia,Warner* (D),Mizusawa (R),Caroline County,51033,0.528083658892208,12713.2104,38.02701807,-77.34662195
Senate,Virginia,State,Virginia,Warner* (D),Mizusawa (R),Carroll County,51035,0.257563893819789,11700.8406,36.73130704,-80.73317673
Senate,Virginia,State,Virginia,Warner* (D),Mizusawa (R),Charles City County,51036,0.63185560590452,3130.2678,37.35669644,-77.06179476
Senate,Virginia,State,Virginia,Warner* (D),Mizusawa (R),Charlotte County,51037,0.420189092523889,4345.6938,37.0117581,-78.66167401
Senate,Virginia,State,Virginia,Warner* (D),Mizusawa (R),Charlottesville,51540,0.905866319119149,16639.6914,38.03742163,-78.48233004
Senate,Virginia,State,Virginia,Warner* (D),Mizusawa (R),Chesapeake,51550,0.580177494901609,91665.6822,36.67787032,-76.30244008
Senate,Virginia,State,Virginia,Warner* (D),Mizusawa (R),Chesterfield County,51041,0.594135493251325,150581.0922,37.37880418,-77.58654268
Senate,Virginia,State,Virginia,Warner* (D),Mizusawa (R),Clarke County,51043,0.476512337450592,7011.6252,39.11236047,-77.99656139
Senate,Virginia,State,Virginia,Warner* (D),Mizusawa (R),Colonial Heights,51570,0.395276324518695,6451.947,37.26480119,-77.39716266
Senate,Virginia,State,Virginia,Warner* (D),Mizusawa (R),Covington,51580,0.437567986226864,1790.388,37.77830014,-79.98671944
Senate,Virginia,State,Virginia,Warner* (D),Mizusawa (R),Craig County,51045,0.255560843855545,2259.0912,37.48141832,-80.21218409
Senate,Virginia,State,Virginia,Warner* (D),Mizusawa (R),Culpeper County,51047,0.44437565857364,20554.5276,38.48620048,-77.95541958
Senate,Virginia,State,Virginia,Warner* (D),Mizusawa (R),Cumberland County,51049,0.46287338026779,3967.9656,37.51182231,-78.24455011
Senate,Virginia,State,Virginia,Warner* (D),Mizusawa (R),Danville,51590,0.678220937549004,12743.0502,36.58309677,-79.40912354
Senate,Virginia,State,Virginia,Warner* (D),Mizusawa (R),Dickenson County,51051,0.281903802076424,5106.9726,37.12613493,-82.35094586
Senate,Virginia,State,Virginia,Warner* (D),Mizusawa (R),Dinwiddie County,51053,0.457421225268046,11274.3498,37.07597757,-77.63238876
Senate,Virginia,State,Virginia,Warner* (D),Mizusawa (R),Emporia,51595,0.724792396185095,1574.2314,36.69543863,-77.53622483
Senate,Virginia,State,Virginia,Warner* (D),Mizusawa (R),Essex County,51057,0.539786051225974,4381.356,37.94303646,-76.9520416
Senate,Virginia,State,Virginia,Warner* (D),Mizusawa (R),Fairfax,51600,0.731492809756046,9533.4522,38.8534472,-77.29836489
Senate,Virginia,State,Virginia,Warner* (D),Mizusawa (R),Fairfax County,51059,0.740692414715696,413632.7574,38.83620791,-77.27651017
Senate,Virginia,State,Virginia,Warner* (D),Mizusawa (R),Falls Church,51610,0.861625258801528,6419.196,38.88441803,-77.17519332
Senate,Virginia,State,Virginia,Warner* (D),Mizusawa (R),Fauquier County,51061,0.451889314527333,32026.839,38.7387071,-77.80950815
Senate,Virginia,State,Virginia,Warner* (D),Mizusawa (R),Floyd County,51063,0.387277300289418,6927.9282,36.93162812,-80.36184172
Senate,Virginia,State,Virginia,Warner* (D),Mizusawa (R),Fluvanna County,51065,0.533495969140859,12014.5224,37.84216441,-78.27765024
Senate,Virginia,State,Virginia,Warner* (D),Mizusawa (R),Franklin,51620,0.679712360132715,2791.113,36.68306879,-76.93848875
Senate,Virginia,State,Virginia,Warner* (D),Mizusawa (R),Franklin County,51067,0.351933117257118,22299.792,36.99189661,-79.88106371
Senate,Virginia,State,Virginia,Warner* (D),Mizusawa (R),Frederick County,51069,0.416550411417907,37443.8544,39.2045848,-78.26241473
Senate,Virginia,State,Virginia,Warner* (D),Mizusawa (R),Fredericksburg,51630,0.719826858888652,9636.072,38.29892214,-77.48619454
Senate,Virginia,State,Virginia,Warner* (D),Mizusawa (R),Galax,51640,0.363444062437393,1964.3322,36.66735897,-80.91646065
Senate,Virginia,State,Virginia,Warner* (D),Mizusawa (R),Giles County,51071,0.310255241230952,6674.6538,37.31404444,-80.70422242
Senate,Virginia,State,Virginia,Warner* (D),Mizusawa (R),Gloucester County,51073,0.373094025551072,16704.4656,37.41403941,-76.54142204
Senate,Virginia,State,Virginia,Warner* (D),Mizusawa (R),Goochland County,51075,0.456876872990922,14116.4088,37.72200089,-77.91594304
Senate,Virginia,State,Virginia,Warner* (D),Mizusawa (R),Grayson County,51077,0.264430840566942,5856.6066,36.65661781,-81.22507847
Senate,Virginia,State,Virginia,Warner* (D),Mizusawa (R),Greene County,51079,0.439929199788412,8652.0864,38.29731238,-78.46704277
Senate,Virginia,State,Virginia,Warner* (D),Mizusawa (R),Greensville County,51081,0.621195101365258,3107.706,36.67571583,-77.55962422
Senate,Virginia,State,Virginia,Warner* (D),Mizusawa (R),Halifax County,51083,0.473264046410097,12900.255,36.76689258,-78.93659955
Senate,Virginia,State,Virginia,Warner* (D),Mizusawa (R),Hampton,51650,0.763818147072671,44934.372,37.05573241,-76.36333533
Senate,Virginia,State,Virginia,Warner* (D),Mizusawa (R),Hanover County,51085,0.422375007780554,52621.3956,37.76033617,-77.49131526
Senate,Virginia,State,Virginia,Warner* (D),Mizusawa (R),Harrisonburg,51660,0.696360704110977,12304.9146,38.43833151,-78.87397667
Senate,Virginia,State,Virginia,Warner* (D),Mizusawa (R),Henrico County,51087,0.700899333889229,129491.6316,37.53796421,-77.40505652
Senate,Virginia,State,Virginia,Warner* (D),Mizusawa (R),Henry County,51089,0.42102746946085,18382.0446,36.68267428,-79.87418576
Senate,Virginia,State,Virginia,Warner* (D),Mizusawa (R),Highland County,51091,0.351414762133841,1099.7058,38.36239367,-79.56866954
Senate,Virginia,State,Virginia,Warner* (D),Mizusawa (R),Hopewell,51670,0.633509795684376,6489.0648,37.29122918,-77.2969381
Senate,Virginia,State,Virginia,Warner* (D),Mizusawa (R),Isle of Wight County,51093,0.46103708067723,17785.9764,36.89191765,-76.72465523
Senate,Virginia,State,Virginia,Warner* (D),Mizusawa (R),James City County,51095,0.579205291600515,36620.7126,37.32794596,-76.77717182
Senate,Virginia,State,Virginia,Warner* (D),Mizusawa (R),King and Queen County,51097,0.443367776841358,3016.0032,37.71951331,-76.8965089
Senate,Virginia,State,Virginia,Warner* (D),Mizusawa (R),King George County,51099,0.440061552593503,11031.2646,38.27358126,-77.15723124
Senate,Virginia,State,Virginia,Warner* (D),Mizusawa (R),King William County,51101,0.361451723312932,8346.4104,37.70635361,-77.08804071
Senate,Virginia,State,Virginia,Warner* (D),Mizusawa (R),Lancaster County,51103,0.526277218435801,5255.4438,37.73239182,-76.46151665
Senate,Virginia,State,Virginia,Warner* (D),Mizusawa (R),Lee County,51105,0.228998622280712,7325.307,36.70548431,-83.12815503
Senate,Virginia,State,Virginia,Warner* (D),Mizusawa (R),Lexington,51678,0.704383118161601,2056.035,37.78179822,-79.44575305
Senate,Virginia,State,Virginia,Warner* (D),Mizusawa (R),Loudoun County,51107,0.651073051160552,161125.4586,39.09048044,-77.63575211
Senate,Virginia,State,Virginia,Warner* (D),Mizusawa (R),Louisa County,51109,0.434027767151699,17367.4914,37.97807843,-77.96275853
Senate,Virginia,State,Virginia,Warner* (D),Mizusawa (R),Lunenburg County,51111,0.456579713675307,4255.4466,36.94606214,-78.24084587
Senate,Virginia,State,Virginia,Warner* (D),Mizusawa (R),Lynchburg,51680,0.537684201098088,26374.0164,37.40023149,-79.19044951
Senate,Virginia,State,Virginia,Warner* (D),Mizusawa (R),Madison County,51113,0.391746147064021,6092.4138,38.41366284,-78.27950884
Senate,Virginia,State,Virginia,Warner* (D),Mizusawa (R),Manassas,51683,0.650766566492009,11439.5604,38.7478445,-77.48515474
Senate,Virginia,State,Virginia,Warner* (D),Mizusawa (R),Manassas Park,51685,0.687741455627642,4235.796,38.7704423,-77.44401094
Senate,Virginia,State,Virginia,Warner* (D),Mizusawa (R),Martinsville,51690,0.694007675564464,4068.402,36.68207476,-79.86345947
Senate,Virginia,State,Virginia,Warner* (D),Mizusawa (R),Mathews County,51115,0.368288425678706,4279.464,37.43639888,-76.34148682
Senate,Virginia,State,Virginia,Warner* (D),Mizusawa (R),Mecklenburg County,51117,0.467374975453602,11786.721,36.68047202,-78.3626113
Senate,Virginia,State,Virginia,Warner* (D),Mizusawa (R),Middlesex County,51119,0.428253673201367,4970.874,37.62970349,-76.56869484
Senate,Virginia,State,Virginia,Warner* (D),Mizusawa (R),Montgomery County,51121,0.584528332334926,33471.522,37.17483569,-80.38642559
Senate,Virginia,State,Virginia,Warner* (D),Mizusawa (R),Nelson County,51125,0.534069991994498,6769.9956,37.7874546,-78.88692463
Senate,Virginia,State,Virginia,Warner* (D),Mizusawa (R),New Kent County,51127,0.389833659176931,12092.397,37.50499104,-76.9971687
Senate,Virginia,State,Virginia,Warner* (D),Mizusawa (R),Newport News,51700,0.711568786038288,54260.4012,37.10553608,-76.5199628
Senate,Virginia,State,Virginia,Warner* (D),Mizusawa (R),Norfolk,51710,0.776213334344869,61366.6404,36.89479704,-76.25967731
Senate,Virginia,State,Virginia,Warner* (D),Mizusawa (R),Northampton County,51131,0.605102624992579,4938.8508,37.34305358,-75.87764606
Senate,Virginia,State,Virginia,Warner* (D),Mizusawa (R),Northumberland County,51133,0.46577025395855,5924.292,37.8876167,-76.41950915
Senate,Virginia,State,Virginia,Warner* (D),Mizusawa (R),Norton,51720,0.37325135311306,1187.7696,36.9310873,-82.62648895
Senate,Virginia,State,Virginia,Warner* (D),Mizusawa (R),Nottoway County,51135,0.465620368981509,4951.9512,37.14201365,-78.05127364
Senate,Virginia,State,Virginia,Warner* (D),Mizusawa (R),Orange County,51137,0.441741811437251,16039.2564,38.24635826,-78.01298345
Senate,Virginia,State,Virginia,Warner* (D),Mizusawa (R),Page County,51139,0.300481636012835,9533.4522,38.61983485,-78.48428212
Senate,Virginia,State,Virginia,Warner* (D),Mizusawa (R),Patrick County,51141,0.272034277693157,7010.1696,36.67809987,-80.28481637
Senate,Virginia,State,Virginia,Warner* (D),Mizusawa (R),Petersburg,51730,0.930648186709507,9403.9038,37.20404153,-77.3926205
Senate,Virginia,State,Virginia,Warner* (D),Mizusawa (R),Pittsylvania County,51143,0.361364182519186,24678.9702,36.82128716,-79.39718973
Senate,Virginia,State,Virginia,Warner* (D),Mizusawa (R),Poquoson,51735,0.32658787895507,5763.4482,37.1307115,-76.35566972
Senate,Virginia,State,Virginia,Warner* (D),Mizusawa (R),Portsmouth,51740,0.758604972906088,29603.9928,36.84646209,-76.35396761
Senate,Virginia,State,Virginia,Warner* (D),Mizusawa (R),Powhatan County,51145,0.334437239507582,15030.5256,37.55029696,-77.915315
Senate,Virginia,State,Virginia,Warner* (D),Mizusawa (R),Prince Edward County,51147,0.565348795597583,6783.8238,37.22409267,-78.44090565
Senate,Virginia,State,Virginia,Warner* (D),Mizusawa (R),Prince George County,51149,0.457615822793608,12687.0096,37.18648609,-77.22446275
Senate,Virginia,State,Virginia,Warner* (D),Mizusawa (R),Prince William County,51153,0.66642353211776,161084.7018,38.70276099,-77.48028729
Senate,Virginia,State,Virginia,Warner* (D),Mizusawa (R),Pulaski County,51155,0.358082410940287,12781.6236,37.0632927,-80.71348404
Senate,Virginia,State,Virginia,Warner* (D),Mizusawa (R),Radford,51750,0.583467628085711,4678.2984,37.12313924,-80.55838396
Senate,Virginia,State,Virginia,Warner* (D),Mizusawa (R),Rappahannock County,51157,0.478318561780778,3627.3552,38.68461794,-78.15943614
Senate,Virginia,State,Virginia,Warner* (D),Mizusawa (R),Richmond,51760,0.888791049808891,76965.5778,37.53041663,-77.47493293
Senate,Virginia,State,Virginia,Warner* (D),Mizusawa (R),Richmond County,51159,0.430444395051601,3010.1808,37.94301072,-76.7268014
Senate,Virginia,State,Virginia,Warner* (D),Mizusawa (R),Roanoke,51770,0.690032106259048,30221.1672,37.27905915,-79.95759159
Senate,Virginia,State,Virginia,Warner* (D),Mizusawa (R),Roanoke County,51161,0.454866073869202,40863.0588,37.26938285,-80.067514
Senate,Virginia,State,Virginia,Warner* (D),Mizusawa (R),Rockbridge County,51163,0.402360895608767,9190.6584,37.81505482,-79.44774612
Senate,Virginia,State,Virginia,Warner* (D),Mizusawa (R),Rockingham County,51165,0.366484100269668,34983.8904,38.51221007,-78.87581609
Senate,Virginia,State,Virginia,Warner* (D),Mizusawa (R),Russell County,51167,0.250915075221235,9807.105,36.93361023,-82.09596509
Senate,Virginia,State,Virginia,Warner* (D),Mizusawa (R),Salem,51775,0.471198184644591,9465.7668,37.28655753,-80.05325441
Senate,Virginia,State,Virginia,Warner* (D),Mizusawa (R),Scott County,51169,0.223335232757842,8005.0722,36.7143081,-82.60311478
Senate,Virginia,State,Virginia,Warner* (D),Mizusawa (R),Shenandoah County,51171,0.349166188742982,17561.0862,38.85827071,-78.57113544
Senate,Virginia,State,Virginia,Warner* (D),Mizusawa (R),Smyth County,51173,0.286090318550565,10426.4628,36.84393147,-81.53692387
Senate,Virginia,State,Virginia,Warner* (D),Mizusawa (R),Southampton County,51175,0.448457925295909,7102.6002,36.72019409,-77.10566044
Senate,Virginia,State,Virginia,Warner* (D),Mizusawa (R),Spotsylvania County,51177,0.517045104823095,56970.7284,38.18453467,-77.65615344
Senate,Virginia,State,Virginia,Warner* (D),Mizusawa (R),Stafford County,51179,0.563283347059088,59564.6076,38.4206167,-77.45796206
Senate,Virginia,State,Virginia,Warner* (D),Mizusawa (R),Staunton,51790,0.620053848186077,9730.686,38.15909322,-79.05960219
Senate,Virginia,State,Virginia,Warner* (D),Mizusawa (R),Suffolk,51800,0.638793892205085,38361.6102,36.69549937,-76.63944938
Senate,Virginia,State,Virginia,Warner* (D),Mizusawa (R),Surry County,51181,0.573918085487172,3188.4918,37.10963661,-76.90027517
Senate,Virginia,State,Virginia,Warner* (D),Mizusawa (R),Sussex County,51183,0.597994008063521,3537.8358,36.92136549,-77.26234107
Senate,Virginia,State,Virginia,Warner* (D),Mizusawa (R),Tazewell County,51185,0.238935719357229,14367.4998,37.12490124,-81.56046571
Senate,Virginia,State,Virginia,Warner* (D),Mizusawa (R),Virginia Beach,51810,0.576906481115716,163599.9786,36.73349545,-76.04367462
Senate,Virginia,State,Virginia,Warner* (D),Mizusawa (R),Warren County,51187,0.374001163887541,16237.218,38.90870136,-78.20860922
Senate,Virginia,State,Virginia,Warner* (D),Mizusawa (R),Washington County,51191,0.301578598516326,21271.4106,36.72455999,-81.95959909
Senate,Virginia,State,Virginia,Warner* (D),Mizusawa (R),Waynesboro,51820,0.534787736011109,8094.5916,38.06830271,-78.90109101
Senate,Virginia,State,Virginia,Warner* (D),Mizusawa (R),Westmoreland County,51193,0.507117267843019,7637.5332,38.11166934,-76.80178124
Senate,Virginia,State,Virginia,Warner* (D),Mizusawa (R),Williamsburg,51830,0.768785235512696,5627.3496,37.26927809,-76.70721344
Senate,Virginia,State,Virginia,Warner* (D),Mizusawa (R),Winchester,51840,0.613181476278989,8485.4202,39.17278399,-78.17299993
Senate,Virginia,State,Virginia,Warner* (D),Mizusawa (R),Wise County,51195,0.26539748725282,12147.7098,36.97556152,-82.62118772
Senate,Virginia,State,Virginia,Warner* (D),Mizusawa (R),Wythe County,51197,0.283781918298889,11165.9076,36.91686677,-81.07803317
Senate,Virginia,State,Virginia,Warner* (D),Mizusawa (R),York County,51199,0.520528512281008,28397.3004,37.24271166,-76.56191748
Senate,West Virginia,State,West Virginia,Anderson (D),Capito* (R),Barbour,54001,0.238708934945749,4563.306,39.13281051,-80.00360456
Senate,West Virginia,State,West Virginia,Anderson (D),Capito* (R),Berkeley,54003,0.354106986320216,40087.224,39.46408048,-78.0274399
Senate,West Virginia,State,West Virginia,Anderson (D),Capito* (R),Boone,54005,0.258013113890924,5789.649,38.02264875,-81.71114668
Senate,West Virginia,State,West Virginia,Anderson (D),Capito* (R),Braxton,54007,0.286266293747599,3802.0272,38.70024736,-80.71925498
Senate,West Virginia,State,West Virginia,Anderson (D),Capito* (R),Brooke,54009,0.311566534896894,6991.9746,40.27385743,-80.57654665
Senate,West Virginia,State,West Virginia,Anderson (D),Capito* (R),Cabell,54011,0.41753610827453,25256.8434,38.42049789,-82.24144949
Senate,West Virginia,State,West Virginia,Anderson (D),Capito* (R),Calhoun,54013,0.219370873344339,2095.3362,38.84382602,-81.11738243
Senate,West Virginia,State,West Virginia,Anderson (D),Capito* (R),Clay,54015,0.220642328719061,2312.2206,38.46270857,-81.07502287
Senate,West Virginia,State,West Virginia,Anderson (D),Capito* (R),Doddridge,54017,0.17485775120747,2121.537,39.26936104,-80.70721363
Senate,West Virginia,State,West Virginia,Anderson (D),Capito* (R),Fayette,54019,0.336051477865982,11133.1566,38.02876546,-81.08105939
Senate,West Virginia,State,West Virginia,Anderson (D),Capito* (R),Gilmer,54021,0.260487493226155,1679.7624,38.92492424,-80.85664593
Senate,West Virginia,State,West Virginia,Anderson (D),Capito* (R),Grant,54023,0.143055134969365,4003.6278,39.10496268,-79.19584305
Senate,West Virginia,State,West Virginia,Anderson (D),Capito* (R),Greenbrier,54025,0.323680359103217,10708.1214,37.94721189,-80.45282888
Senate,West Virginia,State,West Virginia,Anderson (D),Capito* (R),Hampshire,54027,0.224292306604936,7535.6412,39.31712105,-78.61389875
Senate,West Virginia,State,West Virginia,Anderson (D),Capito* (R),Hancock,54029,0.304568653938295,9331.8516,40.52189394,-80.57390126
Senate,West Virginia,State,West Virginia,Anderson (D),Capito* (R),Hardy,54031,0.242730996607923,4580.7732,39.00759684,-78.85797558
Senate,West Virginia,State,West Virginia,Anderson (D),Capito* (R),Harrison,54033,0.322167992085959,21020.3196,39.28363307,-80.37983086
Senate,West Virginia,State,West Virginia,Anderson (D),Capito* (R),Jackson,54035,0.253396931904298,9174.6468,38.83443006,-81.674543
Senate,West Virginia,State,West Virginia,Anderson (D),Capito* (R),Jefferson,54037,0.457592144304063,20771.412,39.30849565,-77.86242458
Senate,West Virginia,State,West Virginia,Anderson (D),Capito* (R),Kanawha,54039,0.429193396532518,53553.7074,38.33643035,-81.52827161
Senate,West Virginia,State,West Virginia,Anderson (D),Capito* (R),Lewis,54041,0.239469001538258,5037.8316,38.99603963,-80.50213826
Senate,West Virginia,State,West Virginia,Anderson (D),Capito* (R),Lincoln,54043,0.240329944542291,5130.2622,38.17536985,-82.07055835
Senate,West Virginia,State,West Virginia,Anderson (D),Capito* (R),Logan,54045,0.214183627458365,8259.0744,37.8319353,-81.9351906
Senate,West Virginia,State,West Virginia,Anderson (D),Capito* (R),Marion,54049,0.369127203733164,17515.2348,39.51008055,-80.24323834
Senate,West Virginia,State,West Virginia,Anderson (D),Capito* (R),Marshall,54051,0.272658722460039,9457.0332,39.86038842,-80.66340417
Senate,West Virginia,State,West Virginia,Anderson (D),Capito* (R),Mason,54053,0.250274968290466,7527.6354,38.7698088,-82.02651429
Senate,West Virginia,State,West Virginia,Anderson (D),Capito* (R),McDowell,54047,0.250457236905135,3890.8188,37.378572,-81.65416089
Senate,West Virginia,State,West Virginia,Anderson (D),Capito* (R),Mercer,54055,0.254082789083337,16901.6994,37.40564762,-81.11147554
Senate,West Virginia,State,West Virginia,Anderson (D),Capito* (R),Mineral,54057,0.233565669559328,9264.894,39.41464251,-78.94327353
Senate,West Virginia,State,West Virginia,Anderson (D),Capito* (R),Mingo,54059,0.183428060239989,6103.3308,37.72729194,-82.13519084
Senate,West Virginia,State,West Virginia,Anderson (D),Capito* (R),Monongalia,54061,0.504744814515526,29366.0022,39.63024065,-80.04558938
Senate,West Virginia,State,West Virginia,Anderson (D),Capito* (R),Monroe,54063,0.236531530808912,4544.3832,37.5604155,-80.55052779
Senate,West Virginia,State,West Virginia,Anderson (D),Capito* (R),Morgan,54065,0.25763232621886,6518.1768,39.5606152,-78.25701555
Senate,West Virginia,State,West Virginia,Anderson (D),Capito* (R),Nicholas,54067,0.244819590035646,7189.9362,38.2918799,-80.79999513
Senate,West Virginia,State,West Virginia,Anderson (D),Capito* (R),Ohio,54069,0.381543470909833,13333.296,40.09682683,-80.61888538
Senate,West Virginia,State,West Virginia,Anderson (D),Capito* (R),Pendleton,54071,0.238505482862643,2450.5026,38.68040465,-79.35069018
Senate,West Virginia,State,West Virginia,Anderson (D),Capito* (R),Pleasants,54073,0.237920213539701,2393.0064,39.37099538,-81.1606194
Senate,West Virginia,State,West Virginia,Anderson (D),Capito* (R),Pocahontas,54075,0.298004894210114,2777.2848,38.33190977,-80.00762338
Senate,West Virginia,State,West Virginia,Anderson (D),Capito* (R),Preston,54077,0.250558587605789,10283.0862,39.46929522,-79.6682145
Senate,West Virginia,State,West Virginia,Anderson (D),Capito* (R),Putnam,54079,0.296749767296094,19644.7776,38.5085024,-81.90915525
Senate,West Virginia,State,West Virginia,Anderson (D),Capito* (R),Raleigh,54081,0.278750432783953,22168.788,37.77126746,-81.24873953
Senate,West Virginia,State,West Virginia,Anderson (D),Capito* (R),Randolph,54083,0.296511196048845,8270.7192,38.77500824,-79.87549565
Senate,West Virginia,State,West Virginia,Anderson (D),Capito* (R),Ritchie,54085,0.175024317676776,2903.922,39.17806062,-81.06312621
Senate,West Virginia,State,West Virginia,Anderson (D),Capito* (R),Roane,54087,0.26970460140542,3935.2146,38.71393058,-81.34822568
Senate,West Virginia,State,West Virginia,Anderson (D),Capito* (R),Summers,54089,0.295091291019735,3753.2646,37.65596695,-80.85840283
Senate,West Virginia,State,West Virginia,Anderson (D),Capito* (R),Taylor,54091,0.27370650869192,5179.0248,39.33588922,-80.04598163
Senate,West Virginia,State,West Virginia,Anderson (D),Capito* (R),Tucker,54093,0.286306452474837,2590.2402,39.11375036,-79.56567428
Senate,West Virginia,State,West Virginia,Anderson (D),Capito* (R),Tyler,54095,0.200713921938116,2580.051,39.46568,-80.88510513
Senate,West Virginia,State,West Virginia,Anderson (D),Capito* (R),Upshur,54097,0.246712363146749,7034.9148,38.8978057,-80.23353247
Senate,West Virginia,State,West Virginia,Anderson (D),Capito* (R),Wayne,54099,0.275882534758355,11256.1548,38.14585251,-82.42685819
Senate,West Virginia,State,West Virginia,Anderson (D),Capito* (R),Webster,54101,0.215437889531797,2152.1046,38.49472856,-80.4218655
Senate,West Virginia,State,West Virginia,Anderson (D),Capito* (R),Wetzel,54103,0.262450745509531,4375.5336,39.60550303,-80.63834457
Senate,West Virginia,State,West Virginia,Anderson (D),Capito* (R),Wirt,54105,0.204885462144593,1840.6062,39.02235059,-81.37885705
Senate,West Virginia,State,West Virginia,Anderson (D),Capito* (R),Wood,54107,0.309330590336173,26708.0766,39.21127634,-81.51490057
Senate,West Virginia,State,West Virginia,Anderson (D),Capito* (R),Wyoming,54109,0.194788496615337,5446.1274,37.60951977,-81.54940333
Senate,Wyoming,State,Wyoming,Byrd (D),Hageman (R),Albany,56001,0.547130728767644,12591.6678,41.65453797,-105.7236684
Senate,Wyoming,State,Wyoming,Byrd (D),Hageman (R),Big Horn,56003,0.195573259566563,4082.2302,44.52636084,-107.9948912
Senate,Wyoming,State,Wyoming,Byrd (D),Hageman (R),Campbell,56005,0.174557380133484,13107.678,44.24806602,-105.5484733
Senate,Wyoming,State,Wyoming,Byrd (D),Hageman (R),Carbon,56007,0.267911627238592,4531.2828,41.69413999,-106.9303916
Senate,Wyoming,State,Wyoming,Byrd (D),Hageman (R),Converse,56009,0.191296771747209,4804.2078,42.9722826,-105.5077277
Senate,Wyoming,State,Wyoming,Byrd (D),Hageman (R),Crook,56011,0.167570233423819,3091.6944,44.58843934,-104.5703226
Senate,Wyoming,State,Wyoming,Byrd (D),Hageman (R),Fremont,56013,0.372831020007944,12176.8218,43.04055711,-108.6304217
Senate,Wyoming,State,Wyoming,Byrd (D),Hageman (R),Goshen,56015,0.254391832237525,4402.4622,42.08772579,-104.353338
Senate,Wyoming,State,Wyoming,Byrd (D),Hageman (R),Hot Springs,56017,0.253169132791432,1870.446,43.71897841,-108.4422853
Senate,Wyoming,State,Wyoming,Byrd (D),Hageman (R),Johnson,56019,0.24037137549439,3481.0674,44.03996832,-106.5849297
Senate,Wyoming,State,Wyoming,Byrd (D),Hageman (R),Laramie,56021,0.398537901451257,30724.8048,41.30709358,-104.6892193
Senate,Wyoming,State,Wyoming,Byrd (D),Hageman (R),Lincoln,56023,0.216688510811777,7700.124,42.26409375,-110.656067
Senate,Wyoming,State,Wyoming,Byrd (D),Hageman (R),Natrona,56025,0.31586099760996,24023.2224,42.96194049,-106.7988764
Senate,Wyoming,State,Wyoming,Byrd (D),Hageman (R),Niobrara,56027,0.155089142997466,887.916,43.05616954,-104.4755961
Senate,Wyoming,State,Wyoming,Byrd (D),Hageman (R),Park,56029,0.26269845685621,11894.4354,44.52053528,-109.5885953
Senate,Wyoming,State,Wyoming,Byrd (D),Hageman (R),Platte,56031,0.23088362967207,3387.1812,42.13239072,-104.9661319
Senate,Wyoming,State,Wyoming,Byrd (D),Hageman (R),Sheridan,56033,0.308884511010276,11616.4158,44.79068012,-106.8799546
Senate,Wyoming,State,Wyoming,Byrd (D),Hageman (R),Sublette,56035,0.253959439438475,3511.635,42.76688453,-109.9148412
Senate,Wyoming,State,Wyoming,Byrd (D),Hageman (R),Sweetwater,56037,0.292575441496749,11842.7616,41.6597625,-108.8793882
Senate,Wyoming,State,Wyoming,Byrd (D),Hageman (R),Teton,56039,0.742372962585607,9375.5196,43.93456366,-110.5896979
Senate,Wyoming,State,Wyoming,Byrd (D),Hageman (R),Uinta,56041,0.239809668447809,6435.9354,41.28749663,-110.5474049
Senate,Wyoming,State,Wyoming,Byrd (D),Hageman (R),Washakie,56043,0.236784938627905,2751.8118,43.90437841,-107.6823145
Senate,Wyoming,State,Wyoming,Byrd (D),Hageman (R),Weston,56045,0.172946438721474,2508.7266,43.84031497,-104.5674037
Senate,Florida Special,State,Florida,Nixon (D),Moody* (R),Alachua County,12001,0.645797039788635,97901.4726,29.67497355,-82.35823348
Senate,Florida Special,State,Florida,Nixon (D),Moody* (R),Baker County,12003,0.172294562923703,10850.0424,30.3309289,-82.28452499
Senate,Florida Special,State,Florida,Nixon (D),Moody* (R),Bay County,12005,0.299961335199023,70376.8044,30.26520819,-85.62005473
Senate,Florida Special,State,Florida,Nixon (D),Moody* (R),Bradford County,12007,0.251807948178739,10091.6748,29.94967764,-82.16822073
Senate,Florida Special,State,Florida,Nixon (D),Moody* (R),Brevard County,12009,0.434109427018002,260382.0948,28.29324349,-80.73218698
Senate,Florida Special,State,Florida,Nixon (D),Moody* (R),Broward County,12011,0.62498555754,630478.584,26.15220703,-80.48723143
Senate,Florida Special,State,Florida,Nixon (D),Moody* (R),Calhoun County,12013,0.199176743575344,4649.1864,30.40604523,-85.19679907
Senate,Florida Special,State,Florida,Nixon (D),Moody* (R),Charlotte County,12015,0.36839486288216,89468.454,26.90579274,-81.91185513
Senate,Florida Special,State,Florida,Nixon (D),Moody* (R),Citrus County,12017,0.308478881700191,71056.5696,28.84873662,-82.47793438
Senate,Florida Special,State,Florida,Nixon (D),Moody* (R),Clay County,12019,0.34121548272669,91438.6086,29.98317912,-81.85783045
Senate,Florida Special,State,Florida,Nixon (D),Moody* (R),Collier County,12021,0.372947377182323,156467.5386,26.11069361,-81.34769003
Senate,Florida Special,State,Florida,Nixon (D),Moody* (R),Columbia County,12023,0.286662796006751,24277.9524,30.22445638,-82.62162029
Senate,Florida Special,State,Florida,Nixon (D),Moody* (R),DeSoto County,12027,0.323322286850843,9034.1814,27.18691656,-81.80959835
Senate,Florida Special,State,Florida,Nixon (D),Moody* (R),Dixie County,12029,0.185341120954842,5897.3634,29.60806814,-83.15870461
Senate,Florida Special,State,Florida,Nixon (D),Moody* (R),Duval County,12031,0.531915337044347,338900.07,30.33214142,-81.67063889
Senate,Florida Special,State,Florida,Nixon (D),Moody* (R),Escambia County,12033,0.440574320960547,117181.6224,30.66830369,-87.36273986
Senate,Florida Special,State,Florida,Nixon (D),Moody* (R),Flagler County,12035,0.397216035259713,57820.071,29.46163468,-81.31358003
Senate,Florida Special,State,Florida,Nixon (D),Moody* (R),Franklin County,12037,0.318408637019784,4876.9878,29.8613762,-84.82018866
Senate,Florida Special,State,Florida,Nixon (D),Moody* (R),Gadsden County,12039,0.693922269235754,15791.8044,30.57930999,-84.61383904
Senate,Florida Special,State,Florida,Nixon (D),Moody* (R),Gilchrist County,12041,0.196241874014089,7709.5854,29.72600841,-82.80043459
Senate,Florida Special,State,Florida,Nixon (D),Moody* (R),Glades County,12043,0.271842005400932,3825.3168,26.95642237,-81.1889838
Senate,Florida Special,State,Florida,Nixon (D),Moody* (R),Gulf County,12045,0.266986208080014,6298.3812,29.95068747,-85.23056011
Senate,Florida Special,State,Florida,Nixon (D),Moody* (R),Hamilton County,12047,0.342807416620602,4141.9098,30.49612932,-82.94763284
Senate,Florida Special,State,Florida,Nixon (D),Moody* (R),Hardee County,12049,0.255866151864458,5885.7186,27.49319733,-81.80953792
Senate,Florida Special,State,Florida,Nixon (D),Moody* (R),Hendry County,12051,0.346185274206204,9715.4022,26.55374425,-81.16511547
Senate,Florida Special,State,Florida,Nixon (D),Moody* (R),Hernando County,12053,0.352705294362386,79968.4806,28.55404893,-82.42535431
Senate,Florida Special,State,Florida,Nixon (D),Moody* (R),Highlands County,12055,0.334391248387204,37561.0302,27.3428855,-81.34078347
Senate,Florida Special,State,Florida,Nixon (D),Moody* (R),Hillsborough County,12057,0.523850054914842,482874.9216,27.92948052,-82.30867294
Senate,Florida Special,State,Florida,Nixon (D),Moody* (R),Holmes County,12059,0.136535893220598,6604.785,30.86794622,-85.81424864
Senate,Florida Special,State,Florida,Nixon (D),Moody* (R),Indian River County,12061,0.40171635259709,71608.9698,27.69396994,-80.60559316
Senate,Florida Special,State,Florida,Nixon (D),Moody* (R),Jackson County,12063,0.307578533875615,15986.8548,30.79547704,-85.21596518
Senate,Florida Special,State,Florida,Nixon (D),Moody* (R),Jefferson County,12065,0.44562543142905,6142.632,30.43779668,-83.89500601
Senate,Florida Special,State,Florida,Nixon (D),Moody* (R),Lafayette County,12067,0.157354908783088,2719.7886,29.98555842,-83.18086561
Senate,Florida Special,State,Florida,Nixon (D),Moody* (R),Lake County,12069,0.415029004234155,163788.4788,28.76121706,-81.71135257
Senate,Florida Special,State,Florida,Nixon (D),Moody* (R),Lee County,12071,0.396462104199223,283769.9478,26.57801557,-81.84068841
Senate,Florida Special,State,Florida,Nixon (D),Moody* (R),Leon County,12073,0.649478978659524,112748.5926,30.45806493,-84.27761309
Senate,Florida Special,State,Florida,Nixon (D),Moody* (R),Levy County,12075,0.286633239925365,17641.1442,29.31952768,-82.74249558
Senate,Florida Special,State,Florida,Nixon (D),Moody* (R),Liberty County,12077,0.202740729744561,2521.0992,30.24145856,-84.88318825
Senate,Florida Special,State,Florida,Nixon (D),Moody* (R),Madison County,12079,0.394205777627041,6626.619,30.44431386,-83.46989512
Senate,Florida Special,State,Florida,Nixon (D),Moody* (R),Manatee County,12081,0.420900661782168,165327.048,27.47189899,-82.31571914
Senate,Florida Special,State,Florida,Nixon (D),Moody* (R),Marion County,12083,0.38004634536048,154736.8302,29.21028272,-82.05662463
Senate,Florida Special,State,Florida,Nixon (D),Moody* (R),Martin County,12085,0.382771983010948,71076.948,27.07737178,-80.43133534
Senate,Florida Special,State,Florida,Nixon (D),Moody* (R),Miami-Dade County,12086,0.481684050542082,790350.771,25.61511557,-80.55914415
Senate,Florida Special,State,Florida,Nixon (D),Moody* (R),Monroe County,12087,0.446941783028637,32021.0166,25.27277607,-81.12021765
Senate,Florida Special,State,Florida,Nixon (D),Moody* (R),Nassau County,12089,0.302727693565154,47371.0464,30.61062054,-81.80190989
Senate,Florida Special,State,Florida,Nixon (D),Moody* (R),Okaloosa County,12091,0.324744847796902,81792.3474,30.69101554,-86.59219666
Senate,Florida Special,State,Florida,Nixon (D),Moody* (R),Okeechobee County,12093,0.268984244205396,11634.6108,27.3866315,-80.88873614
Senate,Florida Special,State,Florida,Nixon (D),Moody* (R),Orange County,12095,0.608224068455473,436014.7908,28.51429239,-81.32311592
Senate,Florida Special,State,Florida,Nixon (D),Moody* (R),Osceola County,12097,0.532008958986319,124394.1204,28.06245875,-81.14924253
Senate,Florida Special,State,Florida,Nixon (D),Moody* (R),Palm Beach County,12099,0.543184327755972,538097.4744,26.64741122,-80.46503899
Senate,Florida Special,State,Florida,Nixon (D),Moody* (R),Pasco County,12101,0.411932089122677,229423.6662,28.30833195,-82.3964731
Senate,Florida Special,State,Florida,Nixon (D),Moody* (R),Pinellas County,12103,0.512955174465922,372578.2872,27.92895178,-82.73164012
Senate,Florida Special,State,Florida,Nixon (D),Moody* (R),Polk County,12105,0.435037915466365,251762.7594,27.94872638,-81.69711072
Senate,Florida Special,State,Florida,Nixon (D),Moody* (R),Putnam County,12107,0.298789977658679,26240.1012,29.60884076,-81.7442726
Senate,Florida Special,State,Florida,Nixon (D),Moody* (R),Santa Rosa County,12113,0.282140986105162,81039.8022,30.70016907,-87.02194752
Senate,Florida Special,State,Florida,Nixon (D),Moody* (R),Sarasota County,12115,0.447730402818446,200790.5586,27.18432942,-82.33141981
Senate,Florida Special,State,Florida,Nixon (D),Moody* (R),Seminole County,12117,0.521342360813141,182278.9656,28.71682625,-81.23634611
Senate,Florida Special,State,Florida,Nixon (D),Moody* (R),St. Johns County,12109,0.381139380795936,142372.9638,29.90168542,-81.4405388
Senate,Florida Special,State,Florida,Nixon (D),Moody* (R),St. Lucie County,12111,0.49371173190778,133776.918,27.377528,-80.47111892
Senate,Florida Special,State,Florida,Nixon (D),Moody* (R),Sumter County,12119,0.35028816143808,76189.743,28.70520781,-82.08128977
Senate,Florida Special,State,Florida,Nixon (D),Moody* (R),Suwannee County,12121,0.232981589802712,15850.0284,30.19562156,-82.99147597
Senate,Florida Special,State,Florida,Nixon (D),Moody* (R),Taylor County,12123,0.239546916659429,7237.971,30.04712958,-83.60328684
Senate,Florida Special,State,Florida,Nixon (D),Moody* (R),Union County,12125,0.196085116467818,4508.721,30.04340869,-82.37209886
Senate,Florida Special,State,Florida,Nixon (D),Moody* (R),Volusia County,12127,0.42960904626661,224033.5794,29.05852431,-81.18197434
Senate,Florida Special,State,Florida,Nixon (D),Moody* (R),Wakulla County,12129,0.315721083598777,14328.1986,30.16603091,-84.40005301
Senate,Florida Special,State,Florida,Nixon (D),Moody* (R),Walton County,12131,0.248189223694917,35849.2446,30.64341925,-86.17009489
Senate,Florida Special,State,Florida,Nixon (D),Moody* (R),Washington County,12133,0.210408960056386,9104.778,30.61054912,-85.66575949
Senate,Ohio Special,State,Ohio,Brown (D),Husted* (R),Adams County,39001,0.235058612140117,9000.7026,38.84544021,-83.47239908
Senate,Ohio Special,State,Ohio,Brown (D),Husted* (R),Allen County,39003,0.342945957716394,33446.049,40.77151716,-84.10584177
Senate,Ohio Special,State,Ohio,Brown (D),Husted* (R),Ashland County,39005,0.313226668960104,19219.0146,40.84592901,-82.27061922
Senate,Ohio Special,State,Ohio,Brown (D),Husted* (R),Ashtabula County,39007,0.422265755323609,31296.1278,41.70753004,-80.74863402
Senate,Ohio Special,State,Ohio,Brown (D),Husted* (R),Athens County,39009,0.619622897803696,18561.0834,39.3340326,-82.0451808
Senate,Ohio Special,State,Ohio,Brown (D),Husted* (R),Auglaize County,39011,0.240089169118511,18507.954,40.56085701,-84.22168058
Senate,Ohio Special,State,Ohio,Brown (D),Husted* (R),Belmont County,39013,0.327427986915787,22443.8964,40.01576203,-80.98861998
Senate,Ohio Special,State,Ohio,Brown (D),Husted* (R),Brown County,39015,0.256213551582021,15521.0628,38.93410315,-83.86741596
Senate,Ohio Special,State,Ohio,Brown (D),Husted* (R),Butler County,39017,0.43288924238007,132127.7232,39.43897921,-84.57607723
Senate,Ohio Special,State,Ohio,Brown (D),Husted* (R),Carroll County,39019,0.289492392451356,9974.499,40.579572,-81.08973346
Senate,Ohio Special,State,Ohio,Brown (D),Husted* (R),Champaign County,39021,0.309224615823391,14758.3284,40.13766698,-83.76966912
Senate,Ohio Special,State,Ohio,Brown (D),Husted* (R),Clark County,39023,0.416369412388089,45305.55,39.91660044,-83.78354054
Senate,Ohio Special,State,Ohio,Brown (D),Husted* (R),Clermont County,39025,0.384882349595031,82309.8132,39.04742036,-84.15193439
Senate,Ohio Special,State,Ohio,Brown (D),Husted* (R),Clinton County,39027,0.290131055263612,15005.0526,39.41489655,-83.80825529
Senate,Ohio Special,State,Ohio,Brown (D),Husted* (R),Columbiana County,39029,0.318481492012833,34694.9538,40.76853311,-80.77709087
Senate,Ohio Special,State,Ohio,Brown (D),Husted* (R),Coshocton County,39031,0.302185830868084,11788.1766,40.30215268,-81.91980212
Senate,Ohio Special,State,Ohio,Brown (D),Husted* (R),Crawford County,39033,0.298572663030689,14617.863,40.85061678,-82.91997484
Senate,Ohio Special,State,Ohio,Brown (D),Husted* (R),Cuyahoga County,39035,0.723947400659959,415974.09,41.42426021,-81.6587538
Senate,Ohio Special,State,Ohio,Brown (D),Husted* (R),Darke County,39037,0.236312645663511,19517.4126,40.13381861,-84.61945793
Senate,Ohio Special,State,Ohio,Brown (D),Husted* (R),Defiance County,39039,0.364164182167825,13805.6382,41.3239854,-84.49071987
Senate,Ohio Special,State,Ohio,Brown (D),Husted* (R),Delaware County,39041,0.532140813651141,96146.019,40.27841348,-83.00450275
Senate,Ohio Special,State,Ohio,Brown (D),Husted* (R),Erie County,39043,0.494003163325178,28649.1192,41.37421463,-82.63799692
Senate,Ohio Special,State,Ohio,Brown (D),Husted* (R),Fairfield County,39045,0.444114571244174,60912.4932,39.75164711,-82.63064275
Senate,Ohio Special,State,Ohio,Brown (D),Husted* (R),Fayette County,39047,0.287626907469786,9082.2162,39.56023827,-83.4560853
Senate,Ohio Special,State,Ohio,Brown (D),Husted* (R),Franklin County,39049,0.708889173691465,430383.0744,39.96927249,-83.0091231
Senate,Ohio Special,State,Ohio,Brown (D),Husted* (R),Fulton County,39051,0.351666788897315,16205.9226,41.60183312,-84.12943991
Senate,Ohio Special,State,Ohio,Brown (D),Husted* (R),Gallia County,39053,0.266250409178598,9392.9868,38.82476088,-82.31692618
Senate,Ohio Special,State,Ohio,Brown (D),Husted* (R),Geauga County,39055,0.443829692533059,39627.2544,41.49972479,-81.17872133
Senate,Ohio Special,State,Ohio,Brown (D),Husted* (R),Greene County,39057,0.46524949621385,64755.2772,39.69132786,-83.88969073
Senate,Ohio Special,State,Ohio,Brown (D),Husted* (R),Guernsey County,39059,0.30321986342512,12713.2104,40.05191963,-81.49400106
Senate,Ohio Special,State,Ohio,Brown (D),Husted* (R),Hamilton County,39061,0.640581498393086,295286.655,39.19557749,-84.54309843
Senate,Ohio Special,State,Ohio,Brown (D),Husted* (R),Hancock County,39063,0.371045402309554,27306.3282,41.00178146,-83.66630827
Senate,Ohio Special,State,Ohio,Brown (D),Husted* (R),Hardin County,39065,0.289540722334309,9296.9172,40.66129428,-83.65939867
Senate,Ohio Special,State,Ohio,Brown (D),Husted* (R),Harrison County,39067,0.286768125514056,5125.8954,40.29356193,-81.09149874
Senate,Ohio Special,State,Ohio,Brown (D),Husted* (R),Henry County,39069,0.329657735799477,10755.4284,41.3339642,-84.06830637
Senate,Ohio Special,State,Ohio,Brown (D),Husted* (R),Highland County,39071,0.246971089849519,14467.2084,39.18468334,-83.60078719
Senate,Ohio Special,State,Ohio,Brown (D),Husted* (R),Hocking County,39073,0.342182624438262,9740.1474,39.49712923,-82.47907934
Senate,Ohio Special,State,Ohio,Brown (D),Husted* (R),Holmes County,39075,0.216908931471122,8906.8164,40.5614819,-81.93067102
Senate,Ohio Special,State,Ohio,Brown (D),Husted* (R),Huron County,39077,0.343249022749475,19636.044,41.14651716,-82.59842269
Senate,Ohio Special,State,Ohio,Brown (D),Husted* (R),Jackson County,39079,0.273342049875088,10336.2156,39.01971543,-82.61832518
Senate,Ohio Special,State,Ohio,Brown (D),Husted* (R),Jefferson County,39081,0.343390877263411,22495.5702,40.38470042,-80.76113054
Senate,Ohio Special,State,Ohio,Brown (D),Husted* (R),Knox County,39083,0.338849615501707,23151.318,40.39902351,-82.42287375
Senate,Ohio Special,State,Ohio,Brown (D),Husted* (R),Lake County,39085,0.493047646610928,92727.5424,41.69689265,-81.23712921
Senate,Ohio Special,State,Ohio,Brown (D),Husted* (R),Lawrence County,39087,0.310974715494434,19306.3506,38.59849502,-82.53675197
Senate,Ohio Special,State,Ohio,Brown (D),Husted* (R),Licking County,39089,0.413981923649173,68552.2098,40.09170112,-82.48290477
Senate,Ohio Special,State,Ohio,Brown (D),Husted* (R),Logan County,39091,0.282010598875605,16891.5102,40.3883971,-83.76526991
Senate,Ohio Special,State,Ohio,Brown (D),Husted* (R),Lorain County,39093,0.53655717909898,114631.4112,41.29557931,-82.1511144
Senate,Ohio Special,State,Ohio,Brown (D),Husted* (R),Lucas County,39095,0.628793870785057,137348.9604,41.62064794,-83.65545282
Senate,Ohio Special,State,Ohio,Brown (D),Husted* (R),Madison County,39097,0.3447778922734,14883.51,39.89429692,-83.40012747
Senate,Ohio Special,State,Ohio,Brown (D),Husted* (R),Mahoning County,39099,0.517985426249137,81429.903,41.01467607,-80.7763711
Senate,Ohio Special,State,Ohio,Brown (D),Husted* (R),Marion County,39101,0.356774527113426,19738.6638,40.58744702,-83.1598587
Senate,Ohio Special,State,Ohio,Brown (D),Husted* (R),Medina County,39103,0.440332281767359,77204.2962,41.11770589,-81.8998621
Senate,Ohio Special,State,Ohio,Brown (D),Husted* (R),Meigs County,39105,0.278599763942433,7517.4462,39.08233336,-82.02295352
Senate,Ohio Special,State,Ohio,Brown (D),Husted* (R),Mercer County,39107,0.229358445934789,17157.885,40.54030771,-84.62929783
Senate,Ohio Special,State,Ohio,Brown (D),Husted* (R),Miami County,39109,0.337708374758048,42682.5588,40.05414393,-84.22868895
Senate,Ohio Special,State,Ohio,Brown (D),Husted* (R),Monroe County,39111,0.263868728726527,4899.5496,39.72753365,-81.08267492
Senate,Ohio Special,State,Ohio,Brown (D),Husted* (R),Montgomery County,39113,0.567793380877997,183647.9574,39.75442102,-84.29037841
Senate,Ohio Special,State,Ohio,Brown (D),Husted* (R),Morgan County,39115,0.297280414303002,4896.6384,39.62071306,-81.85284727
Senate,Ohio Special,State,Ohio,Brown (D),Husted* (R),Morrow County,39117,0.284559454721086,13616.4102,40.52405935,-82.79458938
Senate,Ohio Special,State,Ohio,Brown (D),Husted* (R),Muskingum County,39119,0.344084048591085,28399.4838,39.96581387,-81.94452332
Senate,Ohio Special,State,Ohio,Brown (D),Husted* (R),Noble County,39121,0.240115337746657,4453.4082,39.7660752,-81.45612561
Senate,Ohio Special,State,Ohio,Brown (D),Husted* (R),Ottawa County,39123,0.438907564998531,17276.5164,41.5370554,-83.10923872
Senate,Ohio Special,State,Ohio,Brown (D),Husted* (R),Paulding County,39125,0.281626864394155,6688.482,41.11674251,-84.58018842
Senate,Ohio Special,State,Ohio,Brown (D),Husted* (R),Perry County,39127,0.290772384018413,12272.1636,39.73723959,-82.23618289
Senate,Ohio Special,State,Ohio,Brown (D),Husted* (R),Pickaway County,39129,0.32044737753789,21109.1112,39.64185964,-83.02450193
Senate,Ohio Special,State,Ohio,Brown (D),Husted* (R),Pike County,39131,0.295384770651112,8839.131,39.07705515,-83.06678951
Senate,Ohio Special,State,Ohio,Brown (D),Husted* (R),Portage County,39133,0.487041439652898,59999.832,41.16790847,-81.19736816
Senate,Ohio Special,State,Ohio,Brown (D),Husted* (R),Preble County,39135,0.267516990835342,15639.6942,39.74220535,-84.64804448
Senate,Ohio Special,State,Ohio,Brown (D),Husted* (R),Putnam County,39137,0.218489411698636,14244.5016,41.02216769,-84.13168547
Senate,Ohio Special,State,Ohio,Brown (D),Husted* (R),Richland County,39139,0.352013806752848,42131.6142,40.77482478,-82.53676639
Senate,Ohio Special,State,Ohio,Brown (D),Husted* (R),Ross County,39141,0.367003321689029,23760.4866,39.33753008,-83.0569591
Senate,Ohio Special,State,Ohio,Brown (D),Husted* (R),Sandusky County,39143,0.409692027125477,21433.71,41.35730372,-83.14419942
Senate,Ohio Special,State,Ohio,Brown (D),Husted* (R),Scioto County,39145,0.324163871362086,22561.0722,38.80404083,-82.99326888
Senate,Ohio Special,State,Ohio,Brown (D),Husted* (R),Seneca County,39147,0.375939062981184,18199.3668,41.12378254,-83.12759613
Senate,Ohio Special,State,Ohio,Brown (D),Husted* (R),Shelby County,39149,0.238789436045893,18260.502,40.33212183,-84.20440063
Senate,Ohio Special,State,Ohio,Brown (D),Husted* (R),Stark County,39151,0.454802748202756,132872.9904,40.8138382,-81.36571811
Senate,Ohio Special,State,Ohio,Brown (D),Husted* (R),Summit County,39153,0.600655270064962,197171.937,41.12587569,-81.53219101
Senate,Ohio Special,State,Ohio,Brown (D),Husted* (R),Trumbull County,39155,0.480679775994991,69680.2998,41.31734436,-80.76110735
Senate,Ohio Special,State,Ohio,Brown (D),Husted* (R),Tuscarawas County,39157,0.347299073117032,31065.4152,40.44131431,-81.47450488
Senate,Ohio Special,State,Ohio,Brown (D),Husted* (R),Union County,39159,0.415776575333946,26867.4648,40.29926661,-83.37130174
Senate,Ohio Special,State,Ohio,Brown (D),Husted* (R),Van Wert County,39161,0.27066810469426,10637.5248,40.8555416,-84.58607604
Senate,Ohio Special,State,Ohio,Brown (D),Husted* (R),Vinton County,39163,0.270501308393162,4148.46,39.25106486,-82.48545415
Senate,Ohio Special,State,Ohio,Brown (D),Husted* (R),Warren County,39165,0.406278625981941,100625.628,39.42735056,-84.16728624
Senate,Ohio Special,State,Ohio,Brown (D),Husted* (R),Washington County,39167,0.34498837535024,22387.8558,39.45557887,-81.49547648
Senate,Ohio Special,State,Ohio,Brown (D),Husted* (R),Wayne County,39169,0.367301098114703,38327.4036,40.82926705,-81.88780787
Senate,Ohio Special,State,Ohio,Brown (D),Husted* (R),Williams County,39171,0.32191731734678,13176.819,41.56027968,-84.58816167
Senate,Ohio Special,State,Ohio,Brown (D),Husted* (R),Wood County,39173,0.514130196213748,48684.7254,41.36160162,-83.62311366
Senate,Ohio Special,State,Ohio,Brown (D),Husted* (R),Wyandot County,39175,0.307201991042681,8220.501,40.84236699,-83.3042663
