ElectionType,ElectionName,GeographyType,GeographyName,DemName,RepName,CountyName,FIPS,Vote,TotalVote,Latitude,Longitude
Gubernatorial,Alabama,State,Alabama,Jones (D),Tuberville (R),Autauga County,1001,0.345499678478571,20322.3594,32.53514228,-86.64289976
Gubernatorial,Alabama,State,Alabama,Jones (D),Tuberville (R),Baldwin County,1003,0.285612015984768,87868.7496,30.72782468,-87.72274477
Gubernatorial,Alabama,State,Alabama,Jones (D),Tuberville (R),Barbour County,1005,0.504938537694079,7106.2392,31.87009042,-85.39106787
Gubernatorial,Alabama,State,Alabama,Jones (D),Tuberville (R),Bibb County,1007,0.25523905833503,6689.2098,32.99837607,-87.12681433
Gubernatorial,Alabama,State,Alabama,Jones (D),Tuberville (R),Blount County,1009,0.171319052684957,20327.454,33.98087061,-86.5670064
Gubernatorial,Alabama,State,Alabama,Jones (D),Tuberville (R),Bullock County,1011,0.809499837654236,2972.3352,32.10045868,-85.71572943
Gubernatorial,Alabama,State,Alabama,Jones (D),Tuberville (R),Butler County,1013,0.46505547137623,6130.2594,31.75252432,-86.68040924
Gubernatorial,Alabama,State,Alabama,Jones (D),Tuberville (R),Calhoun County,1015,0.35335779815796,35011.5468,33.77141549,-85.82574705
Gubernatorial,Alabama,State,Alabama,Jones (D),Tuberville (R),Chambers County,1017,0.461987314441644,10273.6248,32.91366622,-85.39168915
Gubernatorial,Alabama,State,Alabama,Jones (D),Tuberville (R),Cherokee County,1019,0.199373504514321,9396.6258,34.17588713,-85.60387066
Gubernatorial,Alabama,State,Alabama,Jones (D),Tuberville (R),Chilton County,1021,0.216615237381585,14277.9804,32.84771004,-86.71887934
Gubernatorial,Alabama,State,Alabama,Jones (D),Tuberville (R),Choctaw County,1023,0.459112652732219,4816.5804,32.02019311,-88.26305322
Gubernatorial,Alabama,State,Alabama,Jones (D),Tuberville (R),Clarke County,1025,0.493400618860739,8654.9976,31.67695451,-87.83077181
Gubernatorial,Alabama,State,Alabama,Jones (D),Tuberville (R),Clay County,1027,0.226702568707062,4895.9106,33.26966941,-85.8607443
Gubernatorial,Alabama,State,Alabama,Jones (D),Tuberville (R),Cleburne County,1029,0.158767127633292,5526.1854,33.67495934,-85.51786948
Gubernatorial,Alabama,State,Alabama,Jones (D),Tuberville (R),Coffee County,1031,0.287316209770284,16081.4688,31.40188396,-85.98828821
Gubernatorial,Alabama,State,Alabama,Jones (D),Tuberville (R),Colbert County,1033,0.344888632662609,19542.1578,34.70085284,-87.80463371
Gubernatorial,Alabama,State,Alabama,Jones (D),Tuberville (R),Conecuh County,1035,0.508873583690131,4368.9834,31.42899352,-86.9938237
Gubernatorial,Alabama,State,Alabama,Jones (D),Tuberville (R),Coosa County,1037,0.361365023226283,3810.7608,32.9362956,-86.24789409
Gubernatorial,Alabama,State,Alabama,Jones (D),Tuberville (R),Covington County,1039,0.215278223757243,12366.0498,31.24861005,-86.45142629
Gubernatorial,Alabama,State,Alabama,Jones (D),Tuberville (R),Crenshaw County,1041,0.304735061345294,4699.4046,31.73169775,-86.31341907
Gubernatorial,Alabama,State,Alabama,Jones (D),Tuberville (R),Cullman County,1043,0.173583481273917,31108.3554,34.13183982,-86.86718877
Gubernatorial,Alabama,State,Alabama,Jones (D),Tuberville (R),Dale County,1045,0.315586366539213,13799.088,31.43204363,-85.611081
Gubernatorial,Alabama,State,Alabama,Jones (D),Tuberville (R),Dallas County,1047,0.742643513194457,11227.0428,32.32606741,-87.10649231
Gubernatorial,Alabama,State,Alabama,Jones (D),Tuberville (R),DeKalb County,1049,0.206950747007013,21390.7698,34.46023769,-85.80378574
Gubernatorial,Alabama,State,Alabama,Jones (D),Tuberville (R),Elmore County,1051,0.316621284642804,29947.5144,32.59724126,-86.14884036
Gubernatorial,Alabama,State,Alabama,Jones (D),Tuberville (R),Escambia County,1053,0.346060459002475,10806.3744,31.12613571,-87.16176056
Gubernatorial,Alabama,State,Alabama,Jones (D),Tuberville (R),Etowah County,1055,0.298593730184309,33245.904,34.04518886,-86.03476854
Gubernatorial,Alabama,State,Alabama,Jones (D),Tuberville (R),Fayette County,1057,0.216678837689637,6040.74,33.72117266,-87.73924331
Gubernatorial,Alabama,State,Alabama,Jones (D),Tuberville (R),Franklin County,1059,0.209918680666048,8722.683,34.44238135,-87.843283
Gubernatorial,Alabama,State,Alabama,Jones (D),Tuberville (R),Geneva County,1061,0.191994320399698,8966.496,31.09486905,-85.83932953
Gubernatorial,Alabama,State,Alabama,Jones (D),Tuberville (R),Greene County,1063,0.85882964100244,2924.3004,32.853304,-87.95276818
Gubernatorial,Alabama,State,Alabama,Jones (D),Tuberville (R),Hale County,1065,0.613564087685059,5267.0886,32.7625948,-87.62930576
Gubernatorial,Alabama,State,Alabama,Jones (D),Tuberville (R),Henry County,1067,0.323684239322107,6733.6056,31.51487991,-85.24094152
Gubernatorial,Alabama,State,Alabama,Jones (D),Tuberville (R),Houston County,1069,0.338142354521392,31892.9238,31.15295179,-85.30251402
Gubernatorial,Alabama,State,Alabama,Jones (D),Tuberville (R),Jackson County,1071,0.219394270924568,16993.4022,34.77954231,-85.99947584
Gubernatorial,Alabama,State,Alabama,Jones (D),Tuberville (R),Jefferson County,1073,0.631928348701098,213416.433,33.5543433,-86.89657084
Gubernatorial,Alabama,State,Alabama,Jones (D),Tuberville (R),Lamar County,1075,0.196941963595806,4977.4242,33.77909349,-88.09715315
Gubernatorial,Alabama,State,Alabama,Jones (D),Tuberville (R),Lauderdale County,1077,0.319038283373101,31320.1452,34.9015002,-87.65411658
Gubernatorial,Alabama,State,Alabama,Jones (D),Tuberville (R),Lawrence County,1079,0.265444445507301,11649.8946,34.52223687,-87.31085381
Gubernatorial,Alabama,State,Alabama,Jones (D),Tuberville (R),Lee County,1081,0.438302043873139,52269.1404,32.60106116,-85.35522451
Gubernatorial,Alabama,State,Alabama,Jones (D),Tuberville (R),Limestone County,1083,0.35699119790277,38186.2104,34.81013487,-86.98207203
Gubernatorial,Alabama,State,Alabama,Jones (D),Tuberville (R),Lowndes County,1085,0.766555142910521,4093.875,32.1550404,-86.65002353
Gubernatorial,Alabama,State,Alabama,Jones (D),Tuberville (R),Macon County,1087,0.862503361641742,5652.0948,32.38585029,-85.69260703
Gubernatorial,Alabama,State,Alabama,Jones (D),Tuberville (R),Madison County,1089,0.533537025821094,140650.2612,34.76292257,-86.55056927
Gubernatorial,Alabama,State,Alabama,Jones (D),Tuberville (R),Marengo County,1091,0.560181349711546,7005.8028,32.24794915,-87.78920946
Gubernatorial,Alabama,State,Alabama,Jones (D),Tuberville (R),Marion County,1093,0.168137724867571,9783.0876,34.13691856,-87.88740606
Gubernatorial,Alabama,State,Alabama,Jones (D),Tuberville (R),Marshall County,1095,0.217958609037012,29102.5386,34.36690867,-86.30615623
Gubernatorial,Alabama,State,Alabama,Jones (D),Tuberville (R),Mobile County,1097,0.496039649181232,125774.0292,30.77909854,-88.20659057
Gubernatorial,Alabama,State,Alabama,Jones (D),Tuberville (R),Monroe County,1099,0.462796283774376,7093.8666,31.57107175,-87.36529615
Gubernatorial,Alabama,State,Alabama,Jones (D),Tuberville (R),Montgomery County,1101,0.734415710108346,64354.2594,32.22089414,-86.20787706
Gubernatorial,Alabama,State,Alabama,Jones (D),Tuberville (R),Morgan County,1103,0.313603341594623,38457.6798,34.45331009,-86.85325062
Gubernatorial,Alabama,State,Alabama,Jones (D),Tuberville (R),Perry County,1105,0.793470650450471,3233.6154,32.63859284,-87.29424703
Gubernatorial,Alabama,State,Alabama,Jones (D),Tuberville (R),Pickens County,1107,0.461783607837664,6443.2134,33.28058298,-88.08923504
Gubernatorial,Alabama,State,Alabama,Jones (D),Tuberville (R),Pike County,1109,0.452402505048243,9550.9194,31.80232564,-85.94087373
Gubernatorial,Alabama,State,Alabama,Jones (D),Tuberville (R),Randolph County,1111,0.253285536668459,8021.8116,33.29354361,-85.45918107
Gubernatorial,Alabama,State,Alabama,Jones (D),Tuberville (R),Russell County,1113,0.587478720146293,14919.9,32.28806204,-85.18428296
Gubernatorial,Alabama,State,Alabama,Jones (D),Tuberville (R),Shelby County,1117,0.372535213802943,82061.6334,33.26405258,-86.66137476
Gubernatorial,Alabama,State,Alabama,Jones (D),Tuberville (R),St. Clair County,1115,0.256182192198514,31398.0198,33.71540022,-86.31476905
Gubernatorial,Alabama,State,Alabama,Jones (D),Tuberville (R),Sumter County,1119,0.786322195628703,3833.3226,32.59104949,-88.19904039
Gubernatorial,Alabama,State,Alabama,Jones (D),Tuberville (R),Talladega County,1121,0.409350916391742,24015.9444,33.37992421,-86.16587666
Gubernatorial,Alabama,State,Alabama,Jones (D),Tuberville (R),Tallapoosa County,1123,0.329604615022242,14453.3802,32.86280802,-85.79746538
Gubernatorial,Alabama,State,Alabama,Jones (D),Tuberville (R),Tuscaloosa County,1125,0.47611425991776,61224.7194,33.28952146,-87.52558359
Gubernatorial,Alabama,State,Alabama,Jones (D),Tuberville (R),Walker County,1127,0.217828921349719,21518.1348,33.80316281,-87.29727889
Gubernatorial,Alabama,State,Alabama,Jones (D),Tuberville (R),Washington County,1129,0.300953428012343,6111.3366,31.40759248,-88.20819419
Gubernatorial,Alabama,State,Alabama,Jones (D),Tuberville (R),Wilcox County,1131,0.737043455259497,3815.1276,31.98928301,-87.30786547
Gubernatorial,Alabama,State,Alabama,Jones (D),Tuberville (R),Winston County,1133,0.158907889336405,8060.385,34.14959585,-87.37341176
Gubernatorial,Alaska,State,Alaska,Kreiss-Tomkins (D),Wilson? (R),Aleutians East Borough,2013,0.429590359647405,300.5814,55.36032516,-161.9642606
Gubernatorial,Alaska,State,Alaska,Kreiss-Tomkins (D),Wilson? (R),Aleutians West Borough,2016,0.629578034858403,686.3154,52.79430361,-110.2449123
Gubernatorial,Alaska,State,Alaska,Kreiss-Tomkins (D),Wilson? (R),Anchorage Municipality,2020,0.634193612070902,92944.4268,61.15068906,-149.1118883
Gubernatorial,Alaska,State,Alaska,Kreiss-Tomkins (D),Wilson? (R),Bethel Census Area,2050,0.700421530909547,2767.8234,60.91342739,-159.8255997
Gubernatorial,Alaska,State,Alaska,Kreiss-Tomkins (D),Wilson? (R),Bristol Bay Borough,2060,0.480616488820772,286.0254,58.74220214,-156.7026695
Gubernatorial,Alaska,State,Alaska,Kreiss-Tomkins (D),Wilson? (R),Chugach Census Area,2063,0.535050078940697,2221.9734,60.4885,-146.2031
Gubernatorial,Alaska,State,Alaska,Kreiss-Tomkins (D),Wilson? (R),Copper River Census Area,2066,0.392067246353819,985.4412,62.03,-143.92
Gubernatorial,Alaska,State,Alaska,Kreiss-Tomkins (D),Wilson? (R),Denali Borough,2068,0.517880071633072,901.0164,63.67343339,-150.0094238
Gubernatorial,Alaska,State,Alaska,Kreiss-Tomkins (D),Wilson? (R),Dillingham Census Area,2070,0.594477514551946,1042.9374,59.79832305,-158.2141634
Gubernatorial,Alaska,State,Alaska,Kreiss-Tomkins (D),Wilson? (R),Fairbanks North Star Borough,2090,0.533596134165845,30490.4532,64.8083752,-146.5623662
Gubernatorial,Alaska,State,Alaska,Kreiss-Tomkins (D),Wilson? (R),Haines Borough,2100,0.661358940225355,1236.5322,59.11793896,-135.5024208
Gubernatorial,Alaska,State,Alaska,Kreiss-Tomkins (D),Wilson? (R),Hoonah-Angoon Census Area,2105,0.742095460716589,1036.3872,58.28575804,-135.6386611
Gubernatorial,Alaska,State,Alaska,Kreiss-Tomkins (D),Wilson? (R),Juneau City and Borough,2110,0.76119786371856,11824.5666,58.45091866,-134.1764399
Gubernatorial,Alaska,State,Alaska,Kreiss-Tomkins (D),Wilson? (R),Kenai Peninsula Borough,2122,0.448182510064368,23440.9824,60.2537748,-151.5611779
Gubernatorial,Alaska,State,Alaska,Kreiss-Tomkins (D),Wilson? (R),Ketchikan Gateway Borough,2130,0.527311906953787,4537.1052,55.58672276,-130.9369511
Gubernatorial,Alaska,State,Alaska,Kreiss-Tomkins (D),Wilson? (R),Kodiak Island Borough,2150,0.537332506497129,4378.4448,57.66653702,-153.7750279
Gubernatorial,Alaska,State,Alaska,Kreiss-Tomkins (D),Wilson? (R),Kusilvak Census Area,2158,0.713059873499395,1018.1922,62.09,-163.53
Gubernatorial,Alaska,State,Alaska,Kreiss-Tomkins (D),Wilson? (R),Lake and Peninsula Borough,2164,0.559025686822845,294.759,58.63664843,-156.1888735
Gubernatorial,Alaska,State,Alaska,Kreiss-Tomkins (D),Wilson? (R),Matanuska-Susitna Borough,2170,0.376408064931684,38924.9274,62.31571716,-149.5691006
Gubernatorial,Alaska,State,Alaska,Kreiss-Tomkins (D),Wilson? (R),Nome Census Area,2180,0.676521672452112,1885.7298,64.91040617,-164.0315808
Gubernatorial,Alaska,State,Alaska,Kreiss-Tomkins (D),Wilson? (R),North Slope Borough,2185,0.550499665405479,1185.5862,69.31507516,-153.4702536
Gubernatorial,Alaska,State,Alaska,Kreiss-Tomkins (D),Wilson? (R),Northwest Arctic Borough,2188,0.603047421023369,990.5358,67.05555844,-159.724644
Gubernatorial,Alaska,State,Alaska,Kreiss-Tomkins (D),Wilson? (R),Petersburg Borough,2195,0.524442449341057,1171.758,57.11988808,-132.9333517
Gubernatorial,Alaska,State,Alaska,Kreiss-Tomkins (D),Wilson? (R),Prince of Wales-Hyder Census Area,2198,0.604808353831312,2418.4794,55.81638031,-133.0585096
Gubernatorial,Alaska,State,Alaska,Kreiss-Tomkins (D),Wilson? (R),Sitka City and Borough,2220,0.680479128064589,2704.5048,57.23393263,-135.3151746
Gubernatorial,Alaska,State,Alaska,Kreiss-Tomkins (D),Wilson? (R),Skagway Municipality,2230,0.857069487582192,714.6996,59.55833766,-135.3374592
Gubernatorial,Alaska,State,Alaska,Kreiss-Tomkins (D),Wilson? (R),Southeast Fairbanks Census Area,2240,0.283417733483218,2455.5972,63.87695823,-143.2069204
Gubernatorial,Alaska,State,Alaska,Kreiss-Tomkins (D),Wilson? (R),Wrangell City and Borough,2275,0.452108080811036,803.4912,56.32537949,-132.0310434
Gubernatorial,Alaska,State,Alaska,Kreiss-Tomkins (D),Wilson? (R),Yakutat City and Borough,2282,0.729149143612968,327.51,59.88824845,-140.349186
Gubernatorial,Alaska,State,Alaska,Kreiss-Tomkins (D),Wilson? (R),Yukon-Koyukuk Census Area,2290,0.746506715758203,1628.0886,65.50922918,-151.3897031
Gubernatorial,Arizona,State,Arizona,Hobbs* (D),Biggs (R),Apache County,4001,0.684991853394815,23047.2426,35.39559896,-109.488754
Gubernatorial,Arizona,State,Arizona,Hobbs* (D),Biggs (R),Cochise County,4003,0.443600044292779,42381.2496,31.87959362,-109.7510129
Gubernatorial,Arizona,State,Arizona,Hobbs* (D),Biggs (R),Coconino County,4005,0.661790183091914,50276.424,35.83875351,-111.7705493
Gubernatorial,Arizona,State,Arizona,Hobbs* (D),Biggs (R),Gila County,4007,0.373716204807869,19945.359,33.79996932,-110.8119677
Gubernatorial,Arizona,State,Arizona,Hobbs* (D),Biggs (R),Graham County,4009,0.317714082825402,10949.0232,32.93295414,-109.8875198
Gubernatorial,Arizona,State,Arizona,Hobbs* (D),Biggs (R),Greenlee County,4011,0.390021695561576,2374.0836,33.21537146,-109.2401561
Gubernatorial,Arizona,State,Arizona,Hobbs* (D),Biggs (R),La Paz County,4012,0.33462338430592,5510.1738,33.7291609,-113.981207
Gubernatorial,Arizona,State,Arizona,Hobbs* (D),Biggs (R),Maricopa County,4013,0.544545049164615,1478559.9066,33.34875974,-112.4908888
Gubernatorial,Arizona,State,Arizona,Hobbs* (D),Biggs (R),Mohave County,4015,0.282034018666008,79886.2392,35.70456821,-113.7581706
Gubernatorial,Arizona,State,Arizona,Hobbs* (D),Biggs (R),Navajo County,4017,0.477961226508623,36560.3052,35.39960537,-110.3213121
Gubernatorial,Arizona,State,Arizona,Hobbs* (D),Biggs (R),Pima County,4019,0.638430230518256,369081.2082,32.09723099,-111.7896381
Gubernatorial,Arizona,State,Arizona,Hobbs* (D),Biggs (R),Pinal County,4021,0.450074592700798,151078.1796,32.90415087,-111.34488
Gubernatorial,Arizona,State,Arizona,Hobbs* (D),Biggs (R),Santa Cruz County,4023,0.684037286293562,13801.9992,31.52598116,-110.8466869
Gubernatorial,Arizona,State,Arizona,Hobbs* (D),Biggs (R),Yavapai County,4025,0.391854752444525,107760.2514,34.59969928,-112.5538467
Gubernatorial,Arizona,State,Arizona,Hobbs* (D),Biggs (R),Yuma County,4027,0.464648677463914,49175.9904,32.76933672,-113.9058099
Gubernatorial,Arkansas,State,Arkansas,Love (D),Sanders* (R),Arkansas County,5001,0.380875945920486,3969.4212,34.29076839,-91.37520643
Gubernatorial,Arkansas,State,Arkansas,Love (D),Sanders* (R),Ashley County,5003,0.361693821030732,5035.6482,33.19120398,-91.76814114
Gubernatorial,Arkansas,State,Arkansas,Love (D),Sanders* (R),Baxter County,5005,0.316087938519183,14988.3132,36.28715062,-92.33686558
Gubernatorial,Arkansas,State,Arkansas,Love (D),Sanders* (R),Benton County,5007,0.466747348512487,91075.4364,36.33873798,-94.25598718
Gubernatorial,Arkansas,State,Arkansas,Love (D),Sanders* (R),Boone County,5009,0.274957168333537,12243.0516,36.30874792,-93.09137415
Gubernatorial,Arkansas,State,Arkansas,Love (D),Sanders* (R),Bradley County,5011,0.408070914944799,2310.0372,33.46613806,-92.16229542
Gubernatorial,Arkansas,State,Arkansas,Love (D),Sanders* (R),Calhoun County,5013,0.289906279056089,1494.1734,33.55786388,-92.50253376
Gubernatorial,Arkansas,State,Arkansas,Love (D),Sanders* (R),Carroll County,5015,0.443181742179956,8211.0396,36.34107901,-93.53832319
Gubernatorial,Arkansas,State,Arkansas,Love (D),Sanders* (R),Chicot County,5017,0.625275226612887,2513.8212,33.2673446,-91.29365079
Gubernatorial,Arkansas,State,Arkansas,Love (D),Sanders* (R),Clark County,5019,0.500622369460636,5447.583,34.05108285,-93.17667235
Gubernatorial,Arkansas,State,Arkansas,Love (D),Sanders* (R),Clay County,5021,0.291349670215993,3548.025,36.36822542,-90.41718919
Gubernatorial,Arkansas,State,Arkansas,Love (D),Sanders* (R),Cleburne County,5023,0.260132466020486,9123.7008,35.53853919,-92.02725586
Gubernatorial,Arkansas,State,Arkansas,Love (D),Sanders* (R),Cleveland County,5025,0.262750311241634,2422.1184,33.89823609,-92.18489948
Gubernatorial,Arkansas,State,Arkansas,Love (D),Sanders* (R),Columbia County,5027,0.420120295479916,5700.8574,33.2142428,-93.22737493
Gubernatorial,Arkansas,State,Arkansas,Love (D),Sanders* (R),Conway County,5029,0.398873070495087,6071.3076,35.26227905,-92.70098811
Gubernatorial,Arkansas,State,Arkansas,Love (D),Sanders* (R),Craighead County,5031,0.413587261163996,26464.2636,35.8310138,-90.63270647
Gubernatorial,Arkansas,State,Arkansas,Love (D),Sanders* (R),Crawford County,5033,0.308696197134242,17007.2304,35.588841,-94.24296995
Gubernatorial,Arkansas,State,Arkansas,Love (D),Sanders* (R),Crittenden County,5035,0.616903669610159,10473.042,35.20762172,-90.30924635
Gubernatorial,Arkansas,State,Arkansas,Love (D),Sanders* (R),Cross County,5037,0.362061484333593,4654.281,35.29547453,-90.77181286
Gubernatorial,Arkansas,State,Arkansas,Love (D),Sanders* (R),Dallas County,5039,0.455298388164711,1659.384,33.96953994,-92.65420664
Gubernatorial,Arkansas,State,Arkansas,Love (D),Sanders* (R),Desha County,5041,0.581046282442956,2505.8154,33.83346926,-91.2539449
Gubernatorial,Arkansas,State,Arkansas,Love (D),Sanders* (R),Drew County,5043,0.433141023699654,4550.9334,33.58957425,-91.71972855
Gubernatorial,Arkansas,State,Arkansas,Love (D),Sanders* (R),Faulkner County,5045,0.439554352313913,38652.7302,35.14732521,-92.33201857
Gubernatorial,Arkansas,State,Arkansas,Love (D),Sanders* (R),Franklin County,5047,0.286102614757021,4959.2292,35.51229968,-93.89070916
Gubernatorial,Arkansas,State,Arkansas,Love (D),Sanders* (R),Fulton County,5049,0.288476714084646,3599.6988,36.3818346,-91.81767336
Gubernatorial,Arkansas,State,Arkansas,Love (D),Sanders* (R),Garland County,5051,0.419867924588552,30111.9972,34.57659951,-93.15048723
Gubernatorial,Arkansas,State,Arkansas,Love (D),Sanders* (R),Grant County,5053,0.255292096482315,5783.8266,34.29002049,-92.42371463
Gubernatorial,Arkansas,State,Arkansas,Love (D),Sanders* (R),Greene County,5055,0.294020095983641,11318.7456,36.11773282,-90.55895377
Gubernatorial,Arkansas,State,Arkansas,Love (D),Sanders* (R),Hempstead County,5057,0.402835664090326,4344.2382,33.73564268,-93.66809039
Gubernatorial,Arkansas,State,Arkansas,Love (D),Sanders* (R),Hot Spring County,5059,0.33927381161207,8765.6232,34.31751189,-92.94560125
Gubernatorial,Arkansas,State,Arkansas,Love (D),Sanders* (R),Howard County,5061,0.368241167456264,3205.2312,34.08897983,-93.99344494
Gubernatorial,Arkansas,State,Arkansas,Love (D),Sanders* (R),Independence County,5063,0.3014039890982,9979.5936,35.74143554,-91.56991638
Gubernatorial,Arkansas,State,Arkansas,Love (D),Sanders* (R),Izard County,5065,0.268834490180909,4223.4234,36.09526565,-91.91279069
Gubernatorial,Arkansas,State,Arkansas,Love (D),Sanders* (R),Jackson County,5067,0.357429675462238,3414.8376,35.59923757,-91.21423884
Gubernatorial,Arkansas,State,Arkansas,Love (D),Sanders* (R),Jefferson County,5069,0.707178971145435,15480.306,34.26882203,-91.93189159
Gubernatorial,Arkansas,State,Arkansas,Love (D),Sanders* (R),Johnson County,5071,0.342760351424037,6457.7694,35.57001766,-93.46000035
Gubernatorial,Arkansas,State,Arkansas,Love (D),Sanders* (R),Lafayette County,5073,0.41050171129545,1664.4786,33.24091819,-93.60684679
Gubernatorial,Arkansas,State,Arkansas,Love (D),Sanders* (R),Lawrence County,5075,0.27845467741646,4056.0294,36.04103952,-91.1070497
Gubernatorial,Arkansas,State,Arkansas,Love (D),Sanders* (R),Lee County,5077,0.623454242917873,1783.8378,34.78064921,-90.78211015
Gubernatorial,Arkansas,State,Arkansas,Love (D),Sanders* (R),Lincoln County,5079,0.350547256942991,2412.657,33.95753882,-91.73333878
Gubernatorial,Arkansas,State,Arkansas,Love (D),Sanders* (R),Little River County,5081,0.329822000426517,3513.8184,33.70228691,-94.2339787
Gubernatorial,Arkansas,State,Arkansas,Love (D),Sanders* (R),Logan County,5083,0.287592000417232,5844.9618,35.21550403,-93.71630518
Gubernatorial,Arkansas,State,Arkansas,Love (D),Sanders* (R),Lonoke County,5085,0.331518611386433,21844.917,34.75441172,-91.88791683
Gubernatorial,Arkansas,State,Arkansas,Love (D),Sanders* (R),Madison County,5087,0.307440470594212,5368.2528,36.01103565,-93.72465597
Gubernatorial,Arkansas,State,Arkansas,Love (D),Sanders* (R),Marion County,5089,0.29945179652068,5626.6218,36.26842934,-92.68397295
Gubernatorial,Arkansas,State,Arkansas,Love (D),Sanders* (R),Miller County,5091,0.346730711526443,11361.6858,33.31200171,-93.89142003
Gubernatorial,Arkansas,State,Arkansas,Love (D),Sanders* (R),Mississippi County,5093,0.444484114652326,7668.8286,35.76420127,-90.05430077
Gubernatorial,Arkansas,State,Arkansas,Love (D),Sanders* (R),Monroe County,5095,0.525072162777195,1737.2586,34.67772323,-91.20394825
Gubernatorial,Arkansas,State,Arkansas,Love (D),Sanders* (R),Montgomery County,5097,0.282886493891583,2643.3696,34.53888136,-93.65944523
Gubernatorial,Arkansas,State,Arkansas,Love (D),Sanders* (R),Nevada County,5099,0.403088637200137,2074.9578,33.66338522,-93.30697684
Gubernatorial,Arkansas,State,Arkansas,Love (D),Sanders* (R),Newton County,5101,0.279023772572588,2697.9546,35.91979049,-93.2178649
Gubernatorial,Arkansas,State,Arkansas,Love (D),Sanders* (R),Ouachita County,5103,0.508227060814687,6163.0104,33.59337533,-92.88191217
Gubernatorial,Arkansas,State,Arkansas,Love (D),Sanders* (R),Perry County,5105,0.311233238677874,3261.9996,34.947251,-92.93150636
Gubernatorial,Arkansas,State,Arkansas,Love (D),Sanders* (R),Phillips County,5107,0.672899377447481,3531.2856,34.42853288,-90.84810681
Gubernatorial,Arkansas,State,Arkansas,Love (D),Sanders* (R),Pike County,5109,0.235349479664943,3133.9068,34.16356461,-93.65621
Gubernatorial,Arkansas,State,Arkansas,Love (D),Sanders* (R),Poinsett County,5111,0.282588080958279,5069.8548,35.57408383,-90.66282507
Gubernatorial,Arkansas,State,Arkansas,Love (D),Sanders* (R),Polk County,5113,0.246100158946806,5918.4696,34.48595315,-94.2279123
Gubernatorial,Arkansas,State,Arkansas,Love (D),Sanders* (R),Pope County,5115,0.337749140124041,17179.719,35.4476948,-93.03400145
Gubernatorial,Arkansas,State,Arkansas,Love (D),Sanders* (R),Prairie County,5117,0.271542042987046,2294.0256,34.83010091,-91.55194184
Gubernatorial,Arkansas,State,Arkansas,Love (D),Sanders* (R),Pulaski County,5119,0.718823702299964,109180.917,34.76993891,-92.31191414
Gubernatorial,Arkansas,State,Arkansas,Love (D),Sanders* (R),Randolph County,5121,0.280240740201605,4734.339,36.34154412,-91.02752205
Gubernatorial,Arkansas,State,Arkansas,Love (D),Sanders* (R),Saline County,5125,0.400071659972324,41007.891,34.64661779,-92.67655329
Gubernatorial,Arkansas,State,Arkansas,Love (D),Sanders* (R),Scott County,5127,0.23262013771534,2429.3964,34.86103868,-94.06315729
Gubernatorial,Arkansas,State,Arkansas,Love (D),Sanders* (R),Searcy County,5129,0.239208241414187,2777.2848,35.91115674,-92.69933958
Gubernatorial,Arkansas,State,Arkansas,Love (D),Sanders* (R),Sebastian County,5131,0.41297682678453,32293.2138,35.19943145,-94.27397371
Gubernatorial,Arkansas,State,Arkansas,Love (D),Sanders* (R),Sevier County,5133,0.291314788682622,3372.6252,33.9971421,-94.24072249
Gubernatorial,Arkansas,State,Arkansas,Love (D),Sanders* (R),Sharp County,5135,0.285720653039951,5308.5732,36.16124847,-91.47928351
Gubernatorial,Arkansas,State,Arkansas,Love (D),Sanders* (R),St. Francis County,5123,0.60905137349395,4266.3636,35.02180511,-90.74840472
Gubernatorial,Arkansas,State,Arkansas,Love (D),Sanders* (R),Stone County,5137,0.28996855943824,4291.8366,35.86003074,-92.15689859
Gubernatorial,Arkansas,State,Arkansas,Love (D),Sanders* (R),Union County,5139,0.435170225167668,11073.477,33.17125929,-92.59770646
Gubernatorial,Arkansas,State,Arkansas,Love (D),Sanders* (R),Van Buren County,5141,0.297925734009215,5429.388,35.58054667,-92.51610324
Gubernatorial,Arkansas,State,Arkansas,Love (D),Sanders* (R),Washington County,5143,0.570923454638515,68429.2116,35.97899668,-94.21571712
Gubernatorial,Arkansas,State,Arkansas,Love (D),Sanders* (R),White County,5145,0.29236520958736,21946.809,35.25612459,-91.74548804
Gubernatorial,Arkansas,State,Arkansas,Love (D),Sanders* (R),Woodruff County,5147,0.439658264979493,1654.2894,35.18620495,-91.24302721
Gubernatorial,Arkansas,State,Arkansas,Love (D),Sanders* (R),Yell County,5149,0.296021658604962,4628.808,35.00270728,-93.41105962
Gubernatorial,California,State,California,Becerra (D),Hilton (R),Alameda County,6001,0.812462515441302,466039.452,37.64642367,-121.888612
Gubernatorial,California,State,California,Becerra (D),Hilton (R),Alpine County,6003,0.695763427171281,525.4716,38.59721624,-119.8206263
Gubernatorial,California,State,California,Becerra (D),Hilton (R),Amador County,6005,0.389330496510777,15866.7678,38.44638702,-120.651296
Gubernatorial,California,State,California,Becerra (D),Hilton (R),Butte County,6007,0.516186434349883,66526.0146,39.66681952,-121.6008508
Gubernatorial,California,State,California,Becerra (D),Hilton (R),Calaveras County,6009,0.388098500098769,18781.6068,38.20478056,-120.554132
Gubernatorial,California,State,California,Becerra (D),Hilton (R),Colusa County,6011,0.387478268463123,4981.791,39.17719198,-122.2363987
Gubernatorial,California,State,California,Becerra (D),Hilton (R),Contra Costa County,6013,0.728586806673533,372135.7848,37.91933375,-121.9281273
Gubernatorial,California,State,California,Becerra (D),Hilton (R),Del Norte County,6015,0.447915470056971,7470.867,41.74323775,-123.8971513
Gubernatorial,California,State,California,Becerra (D),Hilton (R),El Dorado County,6017,0.470726862542746,79193.3736,38.77888901,-120.5247066
Gubernatorial,California,State,California,Becerra (D),Hilton (R),Fresno County,6019,0.509818824925318,231114.3456,36.75807672,-119.6506833
Gubernatorial,California,State,California,Becerra (D),Hilton (R),Glenn County,6021,0.353068390318601,7397.3592,39.59788378,-122.3921982
Gubernatorial,California,State,California,Becerra (D),Hilton (R),Humboldt County,6023,0.680970125193307,44657.0802,40.69940115,-123.8755258
Gubernatorial,California,State,California,Becerra (D),Hilton (R),Imperial County,6025,0.527929808587128,38303.3862,33.03935669,-115.3657218
Gubernatorial,California,State,California,Becerra (D),Hilton (R),Inyo County,6027,0.516928824043442,6309.2982,36.51173415,-117.4113187
Gubernatorial,California,State,California,Becerra (D),Hilton (R),Kern County,6029,0.42433562248722,200960.136,35.34292819,-118.72959
Gubernatorial,California,State,California,Becerra (D),Hilton (R),Kings County,6031,0.414635818485286,29543.5854,36.07520008,-119.8151995
Gubernatorial,California,State,California,Becerra (D),Hilton (R),Lake County,6033,0.5252585954014,18890.049,39.0996887,-122.7532352
Gubernatorial,California,State,California,Becerra (D),Hilton (R),Lassen County,6035,0.255632119690559,8076.3966,40.6733613,-120.5947447
Gubernatorial,California,State,California,Becerra (D),Hilton (R),Los Angeles County,6037,0.702450074865795,2625153.4938,34.32134579,-118.224703
Gubernatorial,California,State,California,Becerra (D),Hilton (R),Madera County,6039,0.425783751503468,38809.935,37.21825802,-119.7624357
Gubernatorial,California,State,California,Becerra (D),Hilton (R),Marin County,6041,0.860766679409983,102041.9268,38.07351203,-122.7234103
Gubernatorial,California,State,California,Becerra (D),Hilton (R),Mariposa County,6043,0.424023127779429,6729.9666,37.58143472,-119.9053183
Gubernatorial,California,State,California,Becerra (D),Hilton (R),Mendocino County,6045,0.672321072757662,27348.5406,39.44027921,-123.3914743
Gubernatorial,California,State,California,Becerra (D),Hilton (R),Merced County,6047,0.509956428337155,61240.731,37.19189197,-120.7175058
Gubernatorial,California,State,California,Becerra (D),Hilton (R),Modoc County,6049,0.291321329879585,2832.5976,41.58969344,-120.7251192
Gubernatorial,California,State,California,Becerra (D),Hilton (R),Mono County,6051,0.637899363188839,4232.8848,37.93940061,-118.8872447
Gubernatorial,California,State,California,Becerra (D),Hilton (R),Monterey County,6053,0.686363355379548,103555.7508,36.21711865,-121.2387503
Gubernatorial,California,State,California,Becerra (D),Hilton (R),Napa County,6055,0.712093818528695,46265.5182,38.5065458,-122.3306328
Gubernatorial,California,State,California,Becerra (D),Hilton (R),Nevada County,6057,0.595761422174589,43639.6158,39.30150048,-120.7682923
Gubernatorial,California,State,California,Becerra (D),Hilton (R),Orange County,6059,0.546036188028728,980016.1788,33.70311134,-117.760976
Gubernatorial,California,State,California,Becerra (D),Hilton (R),Placer County,6061,0.488486734559514,165864.8922,39.06347097,-120.717846
Gubernatorial,California,State,California,Becerra (D),Hilton (R),Plumas County,6063,0.444847764760413,7092.411,40.00422172,-120.8382348
Gubernatorial,California,State,California,Becerra (D),Hilton (R),Riverside County,6065,0.525831783145074,666271.0602,33.74329781,-115.9939021
Gubernatorial,California,State,California,Becerra (D),Hilton (R),Sacramento County,6067,0.634445600866643,461209.7712,38.44881725,-121.3445212
Gubernatorial,California,State,California,Becerra (D),Hilton (R),San Benito County,6069,0.597002457385601,19563.9918,36.60559815,-121.0752215
Gubernatorial,California,State,California,Becerra (D),Hilton (R),San Bernardino County,6071,0.521321542637957,538957.734,34.84157876,-116.1783784
Gubernatorial,California,State,California,Becerra (D),Hilton (R),San Diego County,6073,0.618796785892631,1044132.4476,33.03386576,-116.7353982
Gubernatorial,California,State,California,Becerra (D),Hilton (R),San Francisco County,6075,0.870299288763226,281158.6014,37.75668116,-122.4396708
Gubernatorial,California,State,California,Becerra (D),Hilton (R),San Joaquin County,6077,0.527734226607731,186056.9754,37.9345275,-121.2712102
Gubernatorial,California,State,California,Becerra (D),Hilton (R),San Luis Obispo County,6079,0.588336893583867,106437.8388,35.38707354,-120.4042917
Gubernatorial,California,State,California,Becerra (D),Hilton (R),San Mateo County,6081,0.792583614510424,232585.2294,37.42298018,-122.328899
Gubernatorial,California,State,California,Becerra (D),Hilton (R),Santa Barbara County,6083,0.669964752680935,130290.0282,34.67142103,-120.0150919
Gubernatorial,California,State,California,Becerra (D),Hilton (R),Santa Clara County,6085,0.740055623011767,525229.9704,37.23169965,-121.6951016
Gubernatorial,California,State,California,Becerra (D),Hilton (R),Santa Cruz County,6087,0.81540444522579,93868.7328,37.0561908,-122.0017742
Gubernatorial,California,State,California,Becerra (D),Hilton (R),Shasta County,6089,0.345358557930972,63077.6982,40.76391106,-122.0409443
Gubernatorial,California,State,California,Becerra (D),Hilton (R),Sierra County,6091,0.40784111932044,1242.3546,39.58019892,-120.5162324
Gubernatorial,California,State,California,Becerra (D),Hilton (R),Siskiyou County,6093,0.43295382474949,15130.962,41.59272613,-122.5405164
Gubernatorial,California,State,California,Becerra (D),Hilton (R),Solano County,6095,0.650728020712053,134164.1076,38.27025048,-121.9331593
Gubernatorial,California,State,California,Becerra (D),Hilton (R),Sonoma County,6097,0.771344102704259,176874.3228,38.52842052,-122.8872965
Gubernatorial,California,State,California,Becerra (D),Hilton (R),Stanislaus County,6099,0.476074527150191,139979.9574,37.55851635,-120.9979524
Gubernatorial,California,State,California,Becerra (D),Hilton (R),Sutter County,6101,0.371392815048437,27938.7864,39.03464654,-121.6946189
Gubernatorial,California,State,California,Becerra (D),Hilton (R),Tehama County,6103,0.318423130189472,18863.1204,40.12559985,-122.2338547
Gubernatorial,California,State,California,Becerra (D),Hilton (R),Trinity County,6105,0.483507595605398,3950.4984,40.65059444,-123.1126773
Gubernatorial,California,State,California,Becerra (D),Hilton (R),Tulare County,6107,0.426339258901165,98307.585,36.22081997,-118.8004216
Gubernatorial,California,State,California,Becerra (D),Hilton (R),Tuolumne County,6109,0.420286844121344,20465.0082,38.02748982,-119.9551317
Gubernatorial,California,State,California,Becerra (D),Hilton (R),Ventura County,6111,0.610084453174877,273889.335,34.45474678,-119.0848457
Gubernatorial,California,State,California,Becerra (D),Hilton (R),Yolo County,6113,0.72034743750137,64955.4222,38.68648941,-121.9015118
Gubernatorial,California,State,California,Becerra (D),Hilton (R),Yuba County,6115,0.399421897618165,21263.4048,39.26930746,-121.3508296
Gubernatorial,Colorado,State,Colorado,Weiser (D),Marx (R),Adams County,8001,0.602656471311168,165268.824,39.87357077,-104.3375808
Gubernatorial,Colorado,State,Colorado,Weiser (D),Marx (R),Alamosa County,8003,0.50066949623166,5313.6678,37.57261807,-105.788359
Gubernatorial,Colorado,State,Colorado,Weiser (D),Marx (R),Arapahoe County,8005,0.659838175110884,230011.0008,39.649919,-104.3385011
Gubernatorial,Colorado,State,Colorado,Weiser (D),Marx (R),Archuleta County,8007,0.48432312169274,6638.9916,37.19365584,-107.0481757
Gubernatorial,Colorado,State,Colorado,Weiser (D),Marx (R),Baca County,8009,0.196581374907337,1427.2158,37.31923997,-102.5601186
Gubernatorial,Colorado,State,Colorado,Weiser (D),Marx (R),Bent County,8011,0.35760789365772,1558.2198,37.95492416,-103.0720227
Gubernatorial,Colorado,State,Colorado,Weiser (D),Marx (R),Boulder County,8013,0.842850176699855,138942.1146,40.09241482,-105.3574574
Gubernatorial,Colorado,State,Colorado,Weiser (D),Marx (R),Broomfield County,8014,0.703114719474373,33112.7166,39.95343909,-105.0532651
Gubernatorial,Colorado,State,Colorado,Weiser (D),Marx (R),Chaffee County,8015,0.626145745527268,10208.1228,38.74728839,-106.1940269
Gubernatorial,Colorado,State,Colorado,Weiser (D),Marx (R),Cheyenne County,8017,0.160393043485065,755.4564,38.82780723,-102.6036365
Gubernatorial,Colorado,State,Colorado,Weiser (D),Marx (R),Clear Creek County,8019,0.641877564740249,4305.6648,39.68922182,-105.6447627
Gubernatorial,Colorado,State,Colorado,Weiser (D),Marx (R),Conejos County,8021,0.46462785466282,2900.283,37.20059578,-106.1911108
Gubernatorial,Colorado,State,Colorado,Weiser (D),Marx (R),Costilla County,8023,0.632406651084564,1459.239,37.27823118,-105.4278551
Gubernatorial,Colorado,State,Colorado,Weiser (D),Marx (R),Crowley County,8025,0.311640206639113,1203.0534,38.32685938,-103.7838298
Gubernatorial,Colorado,State,Colorado,Weiser (D),Marx (R),Custer County,8027,0.371382600233172,2744.5338,38.10882281,-105.3670379
Gubernatorial,Colorado,State,Colorado,Weiser (D),Marx (R),Delta County,8029,0.374083126983025,13812.1884,38.86135647,-107.8629449
Gubernatorial,Colorado,State,Colorado,Weiser (D),Marx (R),Denver County,8031,0.844787062284527,257203.7922,39.76129114,-104.8760248
Gubernatorial,Colorado,State,Colorado,Weiser (D),Marx (R),Dolores County,8033,0.288323959882519,1019.6478,37.75208472,-108.5173886
Gubernatorial,Colorado,State,Colorado,Weiser (D),Marx (R),Douglas County,8035,0.520520954305696,173113.7802,39.32970828,-104.92921
Gubernatorial,Colorado,State,Colorado,Weiser (D),Marx (R),Eagle County,8037,0.681757453694885,19716.8298,39.62801893,-106.6953848
Gubernatorial,Colorado,State,Colorado,Weiser (D),Marx (R),El Paso County,8041,0.505964915303109,269671.734,38.83242336,-104.5257538
Gubernatorial,Colorado,State,Colorado,Weiser (D),Marx (R),Elbert County,8039,0.295021276357493,14539.2606,39.2863996,-104.1351629
Gubernatorial,Colorado,State,Colorado,Weiser (D),Marx (R),Fremont County,8043,0.359338064448975,18077.8242,38.47306423,-105.4399703
Gubernatorial,Colorado,State,Colorado,Weiser (D),Marx (R),Garfield County,8045,0.567065547545515,21558.1638,39.59941978,-107.9036205
Gubernatorial,Colorado,State,Colorado,Weiser (D),Marx (R),Gilpin County,8047,0.622251897371307,2898.8274,39.85721134,-105.5221395
Gubernatorial,Colorado,State,Colorado,Weiser (D),Marx (R),Grand County,8049,0.552217161400514,6961.407,40.10246658,-106.1184564
Gubernatorial,Colorado,State,Colorado,Weiser (D),Marx (R),Gunnison County,8051,0.707538177412465,7697.2128,38.66684745,-107.0316959
Gubernatorial,Colorado,State,Colorado,Weiser (D),Marx (R),Hinsdale County,8053,0.492679568112876,428.6742,37.82131615,-107.3003579
Gubernatorial,Colorado,State,Colorado,Weiser (D),Marx (R),Huerfano County,8055,0.51215751748155,3137.5458,37.68484082,-104.9607082
Gubernatorial,Colorado,State,Colorado,Weiser (D),Marx (R),Jackson County,8057,0.270721026237141,587.3346,40.66623861,-106.3427076
Gubernatorial,Colorado,State,Colorado,Weiser (D),Marx (R),Jefferson County,8059,0.65648055903482,255734.364,39.58646067,-105.2504738
Gubernatorial,Colorado,State,Colorado,Weiser (D),Marx (R),Kiowa County,8061,0.176914176597024,615.7188,38.43263854,-102.7389041
Gubernatorial,Colorado,State,Colorado,Weiser (D),Marx (R),Kit Carson County,8063,0.209136028520337,2648.4642,39.30507096,-102.60233
Gubernatorial,Colorado,State,Colorado,Weiser (D),Marx (R),La Plata County,8067,0.652208591436991,25255.3878,37.28655123,-107.843327
Gubernatorial,Colorado,State,Colorado,Weiser (D),Marx (R),Lake County,8065,0.641810059496441,2733.6168,39.20226223,-106.344854
Gubernatorial,Colorado,State,Colorado,Weiser (D),Marx (R),Larimer County,8069,0.64695376879172,159428.9568,40.6665145,-105.4615545
Gubernatorial,Colorado,State,Colorado,Weiser (D),Marx (R),Las Animas County,8071,0.487172681825701,5534.1912,37.31577175,-104.0385309
Gubernatorial,Colorado,State,Colorado,Weiser (D),Marx (R),Lincoln County,8073,0.227639425611371,1835.5116,38.98742236,-103.5137335
Gubernatorial,Colorado,State,Colorado,Weiser (D),Marx (R),Logan County,8075,0.267137517077423,7243.7934,40.72463929,-103.1101132
Gubernatorial,Colorado,State,Colorado,Weiser (D),Marx (R),Mesa County,8077,0.431833312588099,65074.0536,39.01825229,-108.4664844
Gubernatorial,Colorado,State,Colorado,Weiser (D),Marx (R),Mineral County,8079,0.488226909702325,534.2052,37.66954135,-106.9241901
Gubernatorial,Colorado,State,Colorado,Weiser (D),Marx (R),Moffat County,8081,0.235197375423142,4748.895,40.61858161,-108.2075581
Gubernatorial,Colorado,State,Colorado,Weiser (D),Marx (R),Montezuma County,8083,0.448693566711176,10745.967,37.33893986,-108.5964924
Gubernatorial,Colorado,State,Colorado,Weiser (D),Marx (R),Montrose County,8085,0.389733343930229,18237.2124,38.4024194,-108.2688129
Gubernatorial,Colorado,State,Colorado,Weiser (D),Marx (R),Morgan County,8087,0.307166098020155,9549.4638,40.26279879,-103.8102221
Gubernatorial,Colorado,State,Colorado,Weiser (D),Marx (R),Otero County,8089,0.420695027334175,6320.2152,37.90245342,-103.7166632
Gubernatorial,Colorado,State,Colorado,Weiser (D),Marx (R),Ouray County,8091,0.664565978792691,2922.117,38.15498465,-107.7693048
Gubernatorial,Colorado,State,Colorado,Weiser (D),Marx (R),Park County,8093,0.471206685876323,8492.6982,39.11969049,-105.7172304
Gubernatorial,Colorado,State,Colorado,Weiser (D),Marx (R),Phillips County,8095,0.235477235493108,1673.94,40.59394842,-102.3573987
Gubernatorial,Colorado,State,Colorado,Weiser (D),Marx (R),Pitkin County,8097,0.782454453584904,7950.4872,39.21732141,-106.9159345
Gubernatorial,Colorado,State,Colorado,Weiser (D),Marx (R),Prowers County,8099,0.298836919287574,3682.668,37.95519022,-102.3932762
Gubernatorial,Colorado,State,Colorado,Weiser (D),Marx (R),Pueblo County,8101,0.530086802637838,60419.0448,38.17377693,-104.5124892
Gubernatorial,Colorado,State,Colorado,Weiser (D),Marx (R),Rio Blanco County,8103,0.232070938641533,2638.275,39.97993245,-108.2172628
Gubernatorial,Colorado,State,Colorado,Weiser (D),Marx (R),Rio Grande County,8105,0.437566837080147,4402.4622,37.58223621,-106.3829289
Gubernatorial,Colorado,State,Colorado,Weiser (D),Marx (R),Routt County,8107,0.699006080488892,11560.3752,40.48549841,-106.9915083
Gubernatorial,Colorado,State,Colorado,Weiser (D),Marx (R),Saguache County,8109,0.575700656242349,2387.9118,38.08034572,-106.2809773
Gubernatorial,Colorado,State,Colorado,Weiser (D),Marx (R),San Juan County,8111,0.723013467377165,410.4792,37.7637698,-107.6759098
Gubernatorial,Colorado,State,Colorado,Weiser (D),Marx (R),San Miguel County,8113,0.80992356774018,3408.2874,38.00399367,-108.405806
Gubernatorial,Colorado,State,Colorado,Weiser (D),Marx (R),Sedgwick County,8115,0.268968889365645,968.7018,40.87598057,-102.3519638
Gubernatorial,Colorado,State,Colorado,Weiser (D),Marx (R),Summit County,8117,0.747985046035678,12376.9668,39.63420352,-106.1163363
Gubernatorial,Colorado,State,Colorado,Weiser (D),Marx (R),Teller County,8119,0.374480083795732,11587.3038,38.88227296,-105.1619203
Gubernatorial,Colorado,State,Colorado,Weiser (D),Marx (R),Washington County,8121,0.175334142482651,2012.367,39.97109881,-103.2015041
Gubernatorial,Colorado,State,Colorado,Weiser (D),Marx (R),Weld County,8123,0.448719861017197,127525.8438,40.55487277,-104.3930144
Gubernatorial,Colorado,State,Colorado,Weiser (D),Marx (R),Yuma County,8125,0.222392802901079,3322.407,40.00284508,-102.4246098
Gubernatorial,Connecticut,State,Connecticut,Lamont* (D),Fazio (R),Fairfield County,9001,0.61509396718578,324076.2396,41.26973285,-73.38919037
Gubernatorial,Connecticut,State,Connecticut,Lamont* (D),Fazio (R),Hartford County,9003,0.627779395000086,307086.4764,41.80669859,-72.73301048
Gubernatorial,Connecticut,State,Connecticut,Lamont* (D),Fazio (R),Litchfield County,9005,0.475630384527964,75976.4976,41.79242134,-73.24526767
Gubernatorial,Connecticut,State,Connecticut,Lamont* (D),Fazio (R),Middlesex County,9007,0.579272454304472,69742.8906,41.46358412,-72.5354823
Gubernatorial,Connecticut,State,Connecticut,Lamont* (D),Fazio (R),New Haven County,9009,0.577588772419768,284144.7648,41.41072833,-72.93235204
Gubernatorial,Connecticut,State,Connecticut,Lamont* (D),Fazio (R),New London County,9011,0.580238403166776,98287.9344,41.48708483,-72.10232387
Gubernatorial,Connecticut,State,Connecticut,Lamont* (D),Fazio (R),Tolland County,9013,0.554865520509611,58285.1352,41.85510643,-72.33642171
Gubernatorial,Connecticut,State,Connecticut,Lamont* (D),Fazio (R),Windham County,9015,0.482540862217268,40745.1552,41.83006633,-71.98737539
Gubernatorial,Florida,State,Florida,Jolly (D),Donalds (R),Alachua County,12001,0.655507811524658,97901.4726,29.67497355,-82.35823348
Gubernatorial,Florida,State,Florida,Jolly (D),Donalds (R),Baker County,12003,0.182005334659726,10850.0424,30.3309289,-82.28452499
Gubernatorial,Florida,State,Florida,Jolly (D),Donalds (R),Bay County,12005,0.309672106935046,70376.8044,30.26520819,-85.62005473
Gubernatorial,Florida,State,Florida,Jolly (D),Donalds (R),Bradford County,12007,0.261518719914762,10091.6748,29.94967764,-82.16822073
Gubernatorial,Florida,State,Florida,Jolly (D),Donalds (R),Brevard County,12009,0.443820198754025,260382.0948,28.29324349,-80.73218698
Gubernatorial,Florida,State,Florida,Jolly (D),Donalds (R),Broward County,12011,0.634696329276023,630478.584,26.15220703,-80.48723143
Gubernatorial,Florida,State,Florida,Jolly (D),Donalds (R),Calhoun County,12013,0.208887515311367,4649.1864,30.40604523,-85.19679907
Gubernatorial,Florida,State,Florida,Jolly (D),Donalds (R),Charlotte County,12015,0.378105634618184,89468.454,26.90579274,-81.91185513
Gubernatorial,Florida,State,Florida,Jolly (D),Donalds (R),Citrus County,12017,0.318189653436215,71056.5696,28.84873662,-82.47793438
Gubernatorial,Florida,State,Florida,Jolly (D),Donalds (R),Clay County,12019,0.350926254462713,91438.6086,29.98317912,-81.85783045
Gubernatorial,Florida,State,Florida,Jolly (D),Donalds (R),Collier County,12021,0.382658148918346,156467.5386,26.11069361,-81.34769003
Gubernatorial,Florida,State,Florida,Jolly (D),Donalds (R),Columbia County,12023,0.296373567742774,24277.9524,30.22445638,-82.62162029
Gubernatorial,Florida,State,Florida,Jolly (D),Donalds (R),DeSoto County,12027,0.333033058586866,9034.1814,27.18691656,-81.80959835
Gubernatorial,Florida,State,Florida,Jolly (D),Donalds (R),Dixie County,12029,0.195051892690865,5897.3634,29.60806814,-83.15870461
Gubernatorial,Florida,State,Florida,Jolly (D),Donalds (R),Duval County,12031,0.541626108780371,338900.07,30.33214142,-81.67063889
Gubernatorial,Florida,State,Florida,Jolly (D),Donalds (R),Escambia County,12033,0.45028509269657,117181.6224,30.66830369,-87.36273986
Gubernatorial,Florida,State,Florida,Jolly (D),Donalds (R),Flagler County,12035,0.406926806995737,57820.071,29.46163468,-81.31358003
Gubernatorial,Florida,State,Florida,Jolly (D),Donalds (R),Franklin County,12037,0.328119408755807,4876.9878,29.8613762,-84.82018866
Gubernatorial,Florida,State,Florida,Jolly (D),Donalds (R),Gadsden County,12039,0.703633040971777,15791.8044,30.57930999,-84.61383904
Gubernatorial,Florida,State,Florida,Jolly (D),Donalds (R),Gilchrist County,12041,0.205952645750113,7709.5854,29.72600841,-82.80043459
Gubernatorial,Florida,State,Florida,Jolly (D),Donalds (R),Glades County,12043,0.281552777136955,3825.3168,26.95642237,-81.1889838
Gubernatorial,Florida,State,Florida,Jolly (D),Donalds (R),Gulf County,12045,0.276696979816037,6298.3812,29.95068747,-85.23056011
Gubernatorial,Florida,State,Florida,Jolly (D),Donalds (R),Hamilton County,12047,0.352518188356625,4141.9098,30.49612932,-82.94763284
Gubernatorial,Florida,State,Florida,Jolly (D),Donalds (R),Hardee County,12049,0.265576923600481,5885.7186,27.49319733,-81.80953792
Gubernatorial,Florida,State,Florida,Jolly (D),Donalds (R),Hendry County,12051,0.355896045942228,9715.4022,26.55374425,-81.16511547
Gubernatorial,Florida,State,Florida,Jolly (D),Donalds (R),Hernando County,12053,0.362416066098409,79968.4806,28.55404893,-82.42535431
Gubernatorial,Florida,State,Florida,Jolly (D),Donalds (R),Highlands County,12055,0.344102020123227,37561.0302,27.3428855,-81.34078347
Gubernatorial,Florida,State,Florida,Jolly (D),Donalds (R),Hillsborough County,12057,0.533560826650865,482874.9216,27.92948052,-82.30867294
Gubernatorial,Florida,State,Florida,Jolly (D),Donalds (R),Holmes County,12059,0.146246664956621,6604.785,30.86794622,-85.81424864
Gubernatorial,Florida,State,Florida,Jolly (D),Donalds (R),Indian River County,12061,0.411427124333113,71608.9698,27.69396994,-80.60559316
Gubernatorial,Florida,State,Florida,Jolly (D),Donalds (R),Jackson County,12063,0.317289305611638,15986.8548,30.79547704,-85.21596518
Gubernatorial,Florida,State,Florida,Jolly (D),Donalds (R),Jefferson County,12065,0.455336203165074,6142.632,30.43779668,-83.89500601
Gubernatorial,Florida,State,Florida,Jolly (D),Donalds (R),Lafayette County,12067,0.167065680519111,2719.7886,29.98555842,-83.18086561
Gubernatorial,Florida,State,Florida,Jolly (D),Donalds (R),Lake County,12069,0.424739775970178,163788.4788,28.76121706,-81.71135257
Gubernatorial,Florida,State,Florida,Jolly (D),Donalds (R),Lee County,12071,0.406172875935246,283769.9478,26.57801557,-81.84068841
Gubernatorial,Florida,State,Florida,Jolly (D),Donalds (R),Leon County,12073,0.659189750395548,112748.5926,30.45806493,-84.27761309
Gubernatorial,Florida,State,Florida,Jolly (D),Donalds (R),Levy County,12075,0.296344011661389,17641.1442,29.31952768,-82.74249558
Gubernatorial,Florida,State,Florida,Jolly (D),Donalds (R),Liberty County,12077,0.212451501480584,2521.0992,30.24145856,-84.88318825
Gubernatorial,Florida,State,Florida,Jolly (D),Donalds (R),Madison County,12079,0.403916549363064,6626.619,30.44431386,-83.46989512
Gubernatorial,Florida,State,Florida,Jolly (D),Donalds (R),Manatee County,12081,0.430611433518191,165327.048,27.47189899,-82.31571914
Gubernatorial,Florida,State,Florida,Jolly (D),Donalds (R),Marion County,12083,0.389757117096503,154736.8302,29.21028272,-82.05662463
Gubernatorial,Florida,State,Florida,Jolly (D),Donalds (R),Martin County,12085,0.392482754746972,71076.948,27.07737178,-80.43133534
Gubernatorial,Florida,State,Florida,Jolly (D),Donalds (R),Miami-Dade County,12086,0.491394822278105,790350.771,25.61511557,-80.55914415
Gubernatorial,Florida,State,Florida,Jolly (D),Donalds (R),Monroe County,12087,0.45665255476466,32021.0166,25.27277607,-81.12021765
Gubernatorial,Florida,State,Florida,Jolly (D),Donalds (R),Nassau County,12089,0.312438465301177,47371.0464,30.61062054,-81.80190989
Gubernatorial,Florida,State,Florida,Jolly (D),Donalds (R),Okaloosa County,12091,0.334455619532925,81792.3474,30.69101554,-86.59219666
Gubernatorial,Florida,State,Florida,Jolly (D),Donalds (R),Okeechobee County,12093,0.278695015941419,11634.6108,27.3866315,-80.88873614
Gubernatorial,Florida,State,Florida,Jolly (D),Donalds (R),Orange County,12095,0.617934840191496,436014.7908,28.51429239,-81.32311592
Gubernatorial,Florida,State,Florida,Jolly (D),Donalds (R),Osceola County,12097,0.541719730722342,124394.1204,28.06245875,-81.14924253
Gubernatorial,Florida,State,Florida,Jolly (D),Donalds (R),Palm Beach County,12099,0.552895099491995,538097.4744,26.64741122,-80.46503899
Gubernatorial,Florida,State,Florida,Jolly (D),Donalds (R),Pasco County,12101,0.4216428608587,229423.6662,28.30833195,-82.3964731
Gubernatorial,Florida,State,Florida,Jolly (D),Donalds (R),Pinellas County,12103,0.522665946201945,372578.2872,27.92895178,-82.73164012
Gubernatorial,Florida,State,Florida,Jolly (D),Donalds (R),Polk County,12105,0.444748687202388,251762.7594,27.94872638,-81.69711072
Gubernatorial,Florida,State,Florida,Jolly (D),Donalds (R),Putnam County,12107,0.308500749394702,26240.1012,29.60884076,-81.7442726
Gubernatorial,Florida,State,Florida,Jolly (D),Donalds (R),Santa Rosa County,12113,0.291851757841185,81039.8022,30.70016907,-87.02194752
Gubernatorial,Florida,State,Florida,Jolly (D),Donalds (R),Sarasota County,12115,0.457441174554469,200790.5586,27.18432942,-82.33141981
Gubernatorial,Florida,State,Florida,Jolly (D),Donalds (R),Seminole County,12117,0.531053132549164,182278.9656,28.71682625,-81.23634611
Gubernatorial,Florida,State,Florida,Jolly (D),Donalds (R),St. Johns County,12109,0.390850152531959,142372.9638,29.90168542,-81.4405388
Gubernatorial,Florida,State,Florida,Jolly (D),Donalds (R),St. Lucie County,12111,0.503422503643803,133776.918,27.377528,-80.47111892
Gubernatorial,Florida,State,Florida,Jolly (D),Donalds (R),Sumter County,12119,0.359998933174103,76189.743,28.70520781,-82.08128977
Gubernatorial,Florida,State,Florida,Jolly (D),Donalds (R),Suwannee County,12121,0.242692361538736,15850.0284,30.19562156,-82.99147597
Gubernatorial,Florida,State,Florida,Jolly (D),Donalds (R),Taylor County,12123,0.249257688395452,7237.971,30.04712958,-83.60328684
Gubernatorial,Florida,State,Florida,Jolly (D),Donalds (R),Union County,12125,0.205795888203841,4508.721,30.04340869,-82.37209886
Gubernatorial,Florida,State,Florida,Jolly (D),Donalds (R),Volusia County,12127,0.439319818002633,224033.5794,29.05852431,-81.18197434
Gubernatorial,Florida,State,Florida,Jolly (D),Donalds (R),Wakulla County,12129,0.3254318553348,14328.1986,30.16603091,-84.40005301
Gubernatorial,Florida,State,Florida,Jolly (D),Donalds (R),Walton County,12131,0.257899995430941,35849.2446,30.64341925,-86.17009489
Gubernatorial,Florida,State,Florida,Jolly (D),Donalds (R),Washington County,12133,0.220119731792409,9104.778,30.61054912,-85.66575949
Gubernatorial,Georgia,State,Georgia,Bottoms (D),Jackson (R),Appling County,13001,0.183757705229574,6056.0238,31.749434,-82.28874491
Gubernatorial,Georgia,State,Georgia,Bottoms (D),Jackson (R),Atkinson County,13003,0.225788435300242,2219.79,31.29704319,-82.88008089
Gubernatorial,Georgia,State,Georgia,Bottoms (D),Jackson (R),Bacon County,13005,0.129792968862516,3516.0018,31.55377644,-82.45269728
Gubernatorial,Georgia,State,Georgia,Bottoms (D),Jackson (R),Baker County,13007,0.396823347879678,1072.0494,31.32631349,-84.44486551
Gubernatorial,Georgia,State,Georgia,Bottoms (D),Jackson (R),Baldwin County,13009,0.485203529028939,13633.8774,33.06940962,-83.24970322
Gubernatorial,Georgia,State,Georgia,Bottoms (D),Jackson (R),Banks County,13011,0.10453257324636,7637.5332,34.35397657,-83.49753835
Gubernatorial,Georgia,State,Georgia,Bottoms (D),Jackson (R),Barrow County,13013,0.292738490828296,31789.5762,33.99268452,-83.71288108
Gubernatorial,Georgia,State,Georgia,Bottoms (D),Jackson (R),Bartow County,13015,0.239966114166647,41639.6214,34.23786814,-84.84068937
Gubernatorial,Georgia,State,Georgia,Bottoms (D),Jackson (R),Ben Hill County,13017,0.335632090430783,4716.144,31.75972075,-83.22027638
Gubernatorial,Georgia,State,Georgia,Bottoms (D),Jackson (R),Berrien County,13019,0.146466573982658,5858.79,31.27569067,-83.22972091
Gubernatorial,Georgia,State,Georgia,Bottoms (D),Jackson (R),Bibb County,13021,0.608978190053579,50094.474,32.80691473,-83.69682554
Gubernatorial,Georgia,State,Georgia,Bottoms (D),Jackson (R),Bleckley County,13023,0.218557795019834,4384.2672,32.43444176,-83.32769512
Gubernatorial,Georgia,State,Georgia,Bottoms (D),Jackson (R),Brantley County,13025,0.0830726914091197,6171.744,31.19714296,-81.98175207
Gubernatorial,Georgia,State,Georgia,Bottoms (D),Jackson (R),Brooks County,13027,0.361977832124626,5232.1542,30.84191162,-83.57966245
Gubernatorial,Georgia,State,Georgia,Bottoms (D),Jackson (R),Bryan County,13029,0.313570282222117,17843.4726,32.0140721,-81.44364706
Gubernatorial,Georgia,State,Georgia,Bottoms (D),Jackson (R),Bulloch County,13031,0.350568062819677,23652.7722,32.39689006,-81.74304725
Gubernatorial,Georgia,State,Georgia,Bottoms (D),Jackson (R),Burke County,13033,0.449415162814481,8021.0838,33.0611801,-82.00066679
Gubernatorial,Georgia,State,Georgia,Bottoms (D),Jackson (R),Butts County,13035,0.269568332348209,9438.1104,33.28698774,-83.95691187
Gubernatorial,Georgia,State,Georgia,Bottoms (D),Jackson (R),Calhoun County,13037,0.557897384219457,1494.1734,31.52887387,-84.62376804
Gubernatorial,Georgia,State,Georgia,Bottoms (D),Jackson (R),Camden County,13039,0.316788170244581,19085.8272,30.93041791,-81.67060271
Gubernatorial,Georgia,State,Georgia,Bottoms (D),Jackson (R),Candler County,13043,0.258445955369812,3320.2236,32.40345007,-82.07387018
Gubernatorial,Georgia,State,Georgia,Bottoms (D),Jackson (R),Carroll County,13045,0.289349874610176,43791.726,33.58246933,-85.07980892
Gubernatorial,Georgia,State,Georgia,Bottoms (D),Jackson (R),Catoosa County,13047,0.217316561526082,25366.7412,34.90377849,-85.13865749
Gubernatorial,Georgia,State,Georgia,Bottoms (D),Jackson (R),Charlton County,13049,0.214529046554657,3358.0692,30.7815722,-82.13757286
Gubernatorial,Georgia,State,Georgia,Bottoms (D),Jackson (R),Chatham County,13051,0.587012175706859,101960.4132,32.00445256,-81.13247732
Gubernatorial,Georgia,State,Georgia,Bottoms (D),Jackson (R),Chattahoochee County,13053,0.413490921071513,1226.343,32.34694534,-84.78680953
Gubernatorial,Georgia,State,Georgia,Bottoms (D),Jackson (R),Chattooga County,13055,0.174058016356709,7761.987,34.47504069,-85.34522718
Gubernatorial,Georgia,State,Georgia,Bottoms (D),Jackson (R),Cherokee County,13057,0.299659540355549,117161.244,34.24473392,-84.47621286
Gubernatorial,Georgia,State,Georgia,Bottoms (D),Jackson (R),Clarke County,13059,0.689685656375897,38097.4188,33.95097841,-83.36755873
Gubernatorial,Georgia,State,Georgia,Bottoms (D),Jackson (R),Clay County,13061,0.533937142344621,1043.6652,31.62573219,-84.97811756
Gubernatorial,Georgia,State,Georgia,Bottoms (D),Jackson (R),Clayton County,13063,0.844344696627184,80844.024,33.54043935,-84.35751271
Gubernatorial,Georgia,State,Georgia,Bottoms (D),Jackson (R),Clinch County,13065,0.238099046708452,2112.8034,30.91504263,-82.7064204
Gubernatorial,Georgia,State,Georgia,Bottoms (D),Jackson (R),Cobb County,13067,0.571484918708778,288997.0074,33.94183776,-84.57652963
Gubernatorial,Georgia,State,Georgia,Bottoms (D),Jackson (R),Coffee County,13069,0.270143657567645,11414.0874,31.54918005,-82.84967311
Gubernatorial,Georgia,State,Georgia,Bottoms (D),Jackson (R),Colquitt County,13071,0.244635203867189,12056.007,31.18832547,-83.76886209
Gubernatorial,Georgia,State,Georgia,Bottoms (D),Jackson (R),Columbia County,13073,0.367101406248166,62067.5118,33.54404762,-82.26371951
Gubernatorial,Georgia,State,Georgia,Bottoms (D),Jackson (R),Cook County,13075,0.263128806109627,5334.774,31.15408665,-83.43069759
Gubernatorial,Georgia,State,Georgia,Bottoms (D),Jackson (R),Coweta County,13077,0.32577681010797,62092.257,33.35346702,-84.76342787
Gubernatorial,Georgia,State,Georgia,Bottoms (D),Jackson (R),Crawford County,13079,0.246438366346167,4602.6072,32.71431882,-83.98612506
Gubernatorial,Georgia,State,Georgia,Bottoms (D),Jackson (R),Crisp County,13081,0.366151716581897,5889.3576,31.92287244,-83.76727919
Gubernatorial,Georgia,State,Georgia,Bottoms (D),Jackson (R),Dade County,13083,0.161126194145397,5929.3866,34.85458429,-85.50458952
Gubernatorial,Georgia,State,Georgia,Bottoms (D),Jackson (R),Dawson County,13085,0.168384014587151,14166.627,34.44409815,-84.17073385
Gubernatorial,Georgia,State,Georgia,Bottoms (D),Jackson (R),Decatur County,13087,0.376057861928479,8378.4336,30.87807864,-84.5795682
Gubernatorial,Georgia,State,Georgia,Bottoms (D),Jackson (R),DeKalb County,13089,0.82341162777761,263647.0056,33.77122192,-84.22665212
Gubernatorial,Georgia,State,Georgia,Bottoms (D),Jackson (R),Dodge County,13091,0.246100166550119,6062.574,32.17208946,-83.16860598
Gubernatorial,Georgia,State,Georgia,Bottoms (D),Jackson (R),Dooly County,13093,0.457615493141851,3030.5592,32.15728777,-83.79901736
Gubernatorial,Georgia,State,Georgia,Bottoms (D),Jackson (R),Dougherty County,13095,0.70269790569024,24552.333,31.53329476,-84.21604918
Gubernatorial,Georgia,State,Georgia,Bottoms (D),Jackson (R),Douglas County,13097,0.654632080938974,51117.7608,33.7021135,-84.76851394
Gubernatorial,Georgia,State,Georgia,Bottoms (D),Jackson (R),Early County,13099,0.438856120449316,3548.7528,31.32317406,-84.90423978
Gubernatorial,Georgia,State,Georgia,Bottoms (D),Jackson (R),Echols County,13101,0.0848436974352769,1043.6652,30.70991003,-82.89413878
Gubernatorial,Georgia,State,Georgia,Bottoms (D),Jackson (R),Effingham County,13103,0.249667885099839,26264.1186,32.3672031,-81.34134143
Gubernatorial,Georgia,State,Georgia,Bottoms (D),Jackson (R),Elbert County,13105,0.278707016821609,6957.768,34.11635114,-82.83992664
Gubernatorial,Georgia,State,Georgia,Bottoms (D),Jackson (R),Emanuel County,13107,0.274949963349573,6981.0576,32.58963191,-82.30173104
Gubernatorial,Georgia,State,Georgia,Bottoms (D),Jackson (R),Evans County,13109,0.28361751668544,3074.955,32.1569194,-81.88687929
Gubernatorial,Georgia,State,Georgia,Bottoms (D),Jackson (R),Fannin County,13111,0.171291149483601,11673.1842,34.86412558,-84.31929617
Gubernatorial,Georgia,State,Georgia,Bottoms (D),Jackson (R),Fayette County,13113,0.480367861384644,53856.4722,33.41303536,-84.49428463
Gubernatorial,Georgia,State,Georgia,Bottoms (D),Jackson (R),Floyd County,13115,0.285359419573694,32382.0054,34.26315113,-85.21440801
Gubernatorial,Georgia,State,Georgia,Bottoms (D),Jackson (R),Forsyth County,13117,0.328972686857314,99555.762,34.2256545,-84.12468922
Gubernatorial,Georgia,State,Georgia,Bottoms (D),Jackson (R),Franklin County,13119,0.132328479120811,8810.7468,34.37559112,-83.2291908
Gubernatorial,Georgia,State,Georgia,Bottoms (D),Jackson (R),Fulton County,13121,0.723040557199576,385302.4146,33.79038574,-84.46714878
Gubernatorial,Georgia,State,Georgia,Bottoms (D),Jackson (R),Gilmer County,13123,0.181880325587469,13383.5142,34.6914172,-84.45574304
Gubernatorial,Georgia,State,Georgia,Bottoms (D),Jackson (R),Glascock County,13125,0.0760642817702927,1213.2426,33.22935427,-82.61046209
Gubernatorial,Georgia,State,Georgia,Bottoms (D),Jackson (R),Glynn County,13127,0.365691249516645,31806.3156,31.23071711,-81.53985797
Gubernatorial,Georgia,State,Georgia,Bottoms (D),Jackson (R),Gordon County,13129,0.177595520451042,19997.7606,34.50374908,-84.87632767
Gubernatorial,Georgia,State,Georgia,Bottoms (D),Jackson (R),Grady County,13131,0.304476959890406,7769.265,30.87476853,-84.23475065
Gubernatorial,Georgia,State,Georgia,Bottoms (D),Jackson (R),Greene County,13133,0.35090353970235,9264.1662,33.57887215,-83.16678441
Gubernatorial,Georgia,State,Georgia,Bottoms (D),Jackson (R),Gwinnett County,13135,0.579863843842342,302435.8344,33.9614268,-84.02400746
Gubernatorial,Georgia,State,Georgia,Bottoms (D),Jackson (R),Habersham County,13137,0.170410879704136,16868.9484,34.63090057,-83.53054815
Gubernatorial,Georgia,State,Georgia,Bottoms (D),Jackson (R),Hall County,13139,0.276007487981919,73753.7964,34.31734176,-83.819838
Gubernatorial,Georgia,State,Georgia,Bottoms (D),Jackson (R),Hancock County,13141,0.673669074908165,3077.1384,33.27020552,-83.00098883
Gubernatorial,Georgia,State,Georgia,Bottoms (D),Jackson (R),Haralson County,13143,0.122936273907685,11866.0512,33.79399282,-85.21085788
Gubernatorial,Georgia,State,Georgia,Bottoms (D),Jackson (R),Harris County,13145,0.26475591134051,16200.1002,32.73613817,-84.9082899
Gubernatorial,Georgia,State,Georgia,Bottoms (D),Jackson (R),Hart County,13147,0.221164643791205,10388.6172,34.35058893,-82.96402556
Gubernatorial,Georgia,State,Georgia,Bottoms (D),Jackson (R),Heard County,13149,0.134962834639635,4507.9932,33.296853,-85.12848262
Gubernatorial,Georgia,State,Georgia,Bottoms (D),Jackson (R),Henry County,13151,0.645502369822351,93329.433,33.45278905,-84.15307775
Gubernatorial,Georgia,State,Georgia,Bottoms (D),Jackson (R),Houston County,13153,0.439592953864682,58949.6166,32.45919716,-83.66625831
Gubernatorial,Georgia,State,Georgia,Bottoms (D),Jackson (R),Irwin County,13155,0.224204417959421,3148.4628,31.60235727,-83.2762524
Gubernatorial,Georgia,State,Georgia,Bottoms (D),Jackson (R),Jackson County,13157,0.219235805016368,34184.0382,34.1338612,-83.56602206
Gubernatorial,Georgia,State,Georgia,Bottoms (D),Jackson (R),Jasper County,13159,0.203347609781044,6611.3352,33.31633785,-83.68792053
Gubernatorial,Georgia,State,Georgia,Bottoms (D),Jackson (R),Jeff Davis County,13161,0.153986331768895,4264.1802,31.8053696,-82.63685771
Gubernatorial,Georgia,State,Georgia,Bottoms (D),Jackson (R),Jefferson County,13163,0.490163825082493,5414.1042,33.05432827,-82.41823729
Gubernatorial,Georgia,State,Georgia,Bottoms (D),Jackson (R),Jenkins County,13165,0.343453383455256,2471.6088,32.79247176,-81.96350449
Gubernatorial,Georgia,State,Georgia,Bottoms (D),Jackson (R),Johnson County,13167,0.26418674775209,2895.9162,32.70148912,-82.66017474
Gubernatorial,Georgia,State,Georgia,Bottoms (D),Jackson (R),Jones County,13169,0.305483381115407,11672.4564,33.0254599,-83.56057299
Gubernatorial,Georgia,State,Georgia,Bottoms (D),Jackson (R),Lamar County,13171,0.265948576411557,7548.7416,33.07619286,-84.13960587
Gubernatorial,Georgia,State,Georgia,Bottoms (D),Jackson (R),Lanier County,13173,0.263681474805752,2708.1438,31.03799605,-83.06330638
Gubernatorial,Georgia,State,Georgia,Bottoms (D),Jackson (R),Laurens County,13175,0.332190891499893,16943.184,32.46355824,-82.92233434
Gubernatorial,Georgia,State,Georgia,Bottoms (D),Jackson (R),Lee County,13177,0.277736064152404,12818.0136,31.77942972,-84.14092773
Gubernatorial,Georgia,State,Georgia,Bottoms (D),Jackson (R),Liberty County,13179,0.584009496220852,16666.62,31.82777126,-81.49463778
Gubernatorial,Georgia,State,Georgia,Bottoms (D),Jackson (R),Lincoln County,13181,0.271432988069766,3573.498,33.79324552,-82.451183
Gubernatorial,Georgia,State,Georgia,Bottoms (D),Jackson (R),Long County,13183,0.348334838322995,5118.6174,31.75246506,-81.7454462
Gubernatorial,Georgia,State,Georgia,Bottoms (D),Jackson (R),Lowndes County,13185,0.40594640070473,34619.9904,30.83391096,-83.26738819
Gubernatorial,Georgia,State,Georgia,Bottoms (D),Jackson (R),Lumpkin County,13187,0.185938334086136,12878.421,34.57241644,-84.00327535
Gubernatorial,Georgia,State,Georgia,Bottoms (D),Jackson (R),Macon County,13193,0.586089701220764,3399.5538,32.35871148,-84.04282299
Gubernatorial,Georgia,State,Georgia,Bottoms (D),Jackson (R),Madison County,13195,0.220956962716862,12157.1712,34.12798628,-83.20833143
Gubernatorial,Georgia,State,Georgia,Bottoms (D),Jackson (R),Marion County,13197,0.344239138884402,2620.8078,32.35300898,-84.52462573
Gubernatorial,Georgia,State,Georgia,Bottoms (D),Jackson (R),McDuffie County,13189,0.371268332683131,7641.1722,33.48313346,-82.4818329
Gubernatorial,Georgia,State,Georgia,Bottoms (D),Jackson (R),McIntosh County,13191,0.352619221629778,5367.525,31.49489855,-81.40719089
Gubernatorial,Georgia,State,Georgia,Bottoms (D),Jackson (R),Meriwether County,13199,0.368513810250705,8550.1944,33.04118311,-84.68849214
Gubernatorial,Georgia,State,Georgia,Bottoms (D),Jackson (R),Miller County,13201,0.243057402483167,1975.977,31.16479534,-84.73106803
Gubernatorial,Georgia,State,Georgia,Bottoms (D),Jackson (R),Mitchell County,13205,0.414425080969621,6441.7578,31.22513235,-84.19466894
Gubernatorial,Georgia,State,Georgia,Bottoms (D),Jackson (R),Monroe County,13207,0.262051365938224,12840.5754,33.0139317,-83.91905929
Gubernatorial,Georgia,State,Georgia,Bottoms (D),Jackson (R),Montgomery County,13209,0.23037114766984,2882.088,32.17325981,-82.53452747
Gubernatorial,Georgia,State,Georgia,Bottoms (D),Jackson (R),Morgan County,13211,0.26552273210126,9550.1916,33.5909479,-83.49227858
Gubernatorial,Georgia,State,Georgia,Bottoms (D),Jackson (R),Murray County,13213,0.137407419478839,12681.1872,34.78861644,-84.74799528
Gubernatorial,Georgia,State,Georgia,Bottoms (D),Jackson (R),Muscogee County,13215,0.613718917057982,58245.1062,32.51001825,-84.87620281
Gubernatorial,Georgia,State,Georgia,Bottoms (D),Jackson (R),Newton County,13217,0.572439742767448,42745.1496,33.55492575,-83.85005873
Gubernatorial,Georgia,State,Georgia,Bottoms (D),Jackson (R),Oconee County,13219,0.315020069964821,19682.6232,33.83506881,-83.43706988
Gubernatorial,Georgia,State,Georgia,Bottoms (D),Jackson (R),Oglethorpe County,13221,0.283053328658748,6382.806,33.88064398,-83.08144741
Gubernatorial,Georgia,State,Georgia,Bottoms (D),Jackson (R),Paulding County,13223,0.374852951144094,68828.7738,33.92082846,-84.86736714
Gubernatorial,Georgia,State,Georgia,Bottoms (D),Jackson (R),Peach County,13225,0.466012268137787,9750.3366,32.56840679,-83.82790492
Gubernatorial,Georgia,State,Georgia,Bottoms (D),Jackson (R),Pickens County,13227,0.165582743025405,15140.4234,34.46423209,-84.46567239
Gubernatorial,Georgia,State,Georgia,Bottoms (D),Jackson (R),Pierce County,13229,0.108041322322773,7091.6832,31.35837358,-82.2134274
Gubernatorial,Georgia,State,Georgia,Bottoms (D),Jackson (R),Pike County,13231,0.127993793566143,9106.2336,33.09206899,-84.38908484
Gubernatorial,Georgia,State,Georgia,Bottoms (D),Jackson (R),Polk County,13233,0.192552685047702,13901.7078,34.00190077,-85.18805562
Gubernatorial,Georgia,State,Georgia,Bottoms (D),Jackson (R),Pulaski County,13235,0.293014081525422,3141.9126,32.23213302,-83.47580638
Gubernatorial,Georgia,State,Georgia,Bottoms (D),Jackson (R),Putnam County,13237,0.284310163765963,9339.1296,33.32175332,-83.37315585
Gubernatorial,Georgia,State,Georgia,Bottoms (D),Jackson (R),Quitman County,13239,0.418815449846537,826.7808,31.86629277,-85.01684071
Gubernatorial,Georgia,State,Georgia,Bottoms (D),Jackson (R),Rabun County,13241,0.210490206765569,7549.4694,34.88165754,-83.40264155
Gubernatorial,Georgia,State,Georgia,Bottoms (D),Jackson (R),Randolph County,13243,0.534612451087337,2164.4772,31.7621807,-84.75379101
Gubernatorial,Georgia,State,Georgia,Bottoms (D),Jackson (R),Richmond County,13245,0.677835411863825,60501.2862,33.35950332,-82.07386121
Gubernatorial,Georgia,State,Georgia,Bottoms (D),Jackson (R),Rockdale County,13247,0.735316694591053,32660.7528,33.65414105,-84.02657025
Gubernatorial,Georgia,State,Georgia,Bottoms (D),Jackson (R),Schley County,13249,0.183238554715951,1763.4594,32.26331654,-84.31547114
Gubernatorial,Georgia,State,Georgia,Bottoms (D),Jackson (R),Screven County,13251,0.370013224388372,5026.1868,32.75107817,-81.61169117
Gubernatorial,Georgia,State,Georgia,Bottoms (D),Jackson (R),Seminole County,13253,0.293881437979231,2912.6556,30.93897842,-84.86850436
Gubernatorial,Georgia,State,Georgia,Bottoms (D),Jackson (R),Spalding County,13255,0.412523430010024,23917.6914,33.26065533,-84.28381621
Gubernatorial,Georgia,State,Georgia,Bottoms (D),Jackson (R),Stephens County,13257,0.180692635019557,9487.6008,34.55397748,-83.29303308
Gubernatorial,Georgia,State,Georgia,Bottoms (D),Jackson (R),Stewart County,13259,0.577801977709366,1473.0672,32.07839601,-84.83395276
Gubernatorial,Georgia,State,Georgia,Bottoms (D),Jackson (R),Sumter County,13261,0.507400605092883,8737.239,32.04008071,-84.19615662
Gubernatorial,Georgia,State,Georgia,Bottoms (D),Jackson (R),Talbot County,13263,0.556351434069883,2453.4138,32.69944401,-84.53322383
Gubernatorial,Georgia,State,Georgia,Bottoms (D),Jackson (R),Taliaferro County,13265,0.57111017055172,641.9196,33.566347,-82.87900052
Gubernatorial,Georgia,State,Georgia,Bottoms (D),Jackson (R),Tattnall County,13267,0.228183091679615,6173.1996,32.04578293,-82.05794341
Gubernatorial,Georgia,State,Georgia,Bottoms (D),Jackson (R),Taylor County,13269,0.340707873475552,2886.4548,32.55610793,-84.25102911
Gubernatorial,Georgia,State,Georgia,Bottoms (D),Jackson (R),Telfair County,13271,0.299324957893869,3059.6712,31.92997221,-82.93880265
Gubernatorial,Georgia,State,Georgia,Bottoms (D),Jackson (R),Terrell County,13273,0.516844009373755,3149.9184,31.77710794,-84.43693855
Gubernatorial,Georgia,State,Georgia,Bottoms (D),Jackson (R),Thomas County,13275,0.375396376109021,16023.9726,30.86359281,-83.91853341
Gubernatorial,Georgia,State,Georgia,Bottoms (D),Jackson (R),Tift County,13277,0.31740932798486,12324.5652,31.45751029,-83.52652261
Gubernatorial,Georgia,State,Georgia,Bottoms (D),Jackson (R),Toombs County,13279,0.242007127018556,7919.9196,32.12156708,-82.33096121
Gubernatorial,Georgia,State,Georgia,Bottoms (D),Jackson (R),Towns County,13281,0.18358146529406,6407.5512,34.91666684,-83.73739141
Gubernatorial,Georgia,State,Georgia,Bottoms (D),Jackson (R),Treutlen County,13283,0.273736885977775,2266.3692,32.40331611,-82.56783271
Gubernatorial,Georgia,State,Georgia,Bottoms (D),Jackson (R),Troup County,13285,0.373724137259466,22670.2422,33.03346388,-85.02873581
Gubernatorial,Georgia,State,Georgia,Bottoms (D),Jackson (R),Turner County,13287,0.353423095721788,2781.6516,31.7164981,-83.62479675
Gubernatorial,Georgia,State,Georgia,Bottoms (D),Jackson (R),Twiggs County,13289,0.422697880343107,3234.3432,32.66724559,-83.42729345
Gubernatorial,Georgia,State,Georgia,Bottoms (D),Jackson (R),Union County,13291,0.182325442672038,12944.6508,34.83375049,-83.99038243
Gubernatorial,Georgia,State,Georgia,Bottoms (D),Jackson (R),Upson County,13293,0.297028807491304,9917.0028,32.88096475,-84.29964447
Gubernatorial,Georgia,State,Georgia,Bottoms (D),Jackson (R),Walker County,13295,0.198048374512218,23215.3644,34.73561638,-85.30084531
Gubernatorial,Georgia,State,Georgia,Bottoms (D),Jackson (R),Walton County,13297,0.265276308357597,42221.1336,33.78121226,-83.73367264
Gubernatorial,Georgia,State,Georgia,Bottoms (D),Jackson (R),Ware County,13299,0.279823836543662,10441.7466,31.05375667,-82.42364479
Gubernatorial,Georgia,State,Georgia,Bottoms (D),Jackson (R),Warren County,13301,0.519868792329898,1882.0908,33.40868082,-82.67696672
Gubernatorial,Georgia,State,Georgia,Bottoms (D),Jackson (R),Washington County,13303,0.486720716026908,6890.0826,32.96958544,-82.79573433
Gubernatorial,Georgia,State,Georgia,Bottoms (D),Jackson (R),Wayne County,13305,0.196590912445341,9839.1282,31.55172562,-81.91710568
Gubernatorial,Georgia,State,Georgia,Bottoms (D),Jackson (R),Webster County,13307,0.404076340527956,970.8852,32.04630599,-84.55001221
Gubernatorial,Georgia,State,Georgia,Bottoms (D),Jackson (R),Wheeler County,13309,0.270289049151618,1652.106,32.11657577,-82.72430717
Gubernatorial,Georgia,State,Georgia,Bottoms (D),Jackson (R),White County,13311,0.152087942371108,12187.011,34.64590613,-83.74657149
Gubernatorial,Georgia,State,Georgia,Bottoms (D),Jackson (R),Whitfield County,13313,0.272815282004502,28826.7024,34.80650119,-84.96674982
Gubernatorial,Georgia,State,Georgia,Bottoms (D),Jackson (R),Wilcox County,13315,0.249873052950188,2430.852,31.97280479,-83.43204775
Gubernatorial,Georgia,State,Georgia,Bottoms (D),Jackson (R),Wilkes County,13317,0.411782894490794,3699.4074,33.78219274,-82.74345686
Gubernatorial,Georgia,State,Georgia,Bottoms (D),Jackson (R),Wilkinson County,13319,0.40689248347689,3566.22,32.80234579,-83.17090856
Gubernatorial,Georgia,State,Georgia,Bottoms (D),Jackson (R),Worth County,13321,0.243831632400909,6761.9898,31.55124636,-83.8509648
Gubernatorial,Hawaii,State,Hawaii,Green* (D),Cordery (R),Hawaii County,15001,0.678203817683341,58887.0258,19.60123507,-155.5211676
Gubernatorial,Hawaii,State,Hawaii,Green* (D),Cordery (R),Honolulu County,15003,0.643505814898679,243660.162,21.45879706,-157.9746934
Gubernatorial,Hawaii,State,Hawaii,Green* (D),Cordery (R),Kauai County,15007,0.621925649525258,21454.0884,22.03978487,-159.5957496
Gubernatorial,Hawaii,State,Hawaii,Green* (D),Cordery (R),Maui County,15009,0.673660006806051,44778.6228,20.86402572,-156.5692176
Gubernatorial,Idaho,State,Idaho,Pickens (D),Little* (R),Ada County,16001,0.457464143303343,189137.025,43.45084054,-116.241035
Gubernatorial,Idaho,State,Idaho,Pickens (D),Little* (R),Adams County,16003,0.26093123518864,1902.4692,44.88931492,-116.4539483
Gubernatorial,Idaho,State,Idaho,Pickens (D),Little* (R),Bannock County,16005,0.419026723997137,28118.553,42.6686619,-112.2247491
Gubernatorial,Idaho,State,Idaho,Pickens (D),Little* (R),Bear Lake County,16007,0.17808018494137,2368.2612,42.28476453,-111.3294847
Gubernatorial,Idaho,State,Idaho,Pickens (D),Little* (R),Benewah County,16009,0.250692065891639,3660.1062,47.21772961,-116.6586207
Gubernatorial,Idaho,State,Idaho,Pickens (D),Little* (R),Bingham County,16011,0.232281964960333,14604.0348,43.21643996,-112.3976535
Gubernatorial,Idaho,State,Idaho,Pickens (D),Little* (R),Blaine County,16013,0.678596644617817,9246.699,43.41242641,-113.980642
Gubernatorial,Idaho,State,Idaho,Pickens (D),Little* (R),Boise County,16015,0.283354592178884,3487.6176,43.98909247,-115.730321
Gubernatorial,Idaho,State,Idaho,Pickens (D),Little* (R),Bonner County,16017,0.307195087585845,21107.6556,48.2996896,-116.6009928
Gubernatorial,Idaho,State,Idaho,Pickens (D),Little* (R),Bonneville County,16019,0.290216374817297,39673.1058,43.38792191,-111.6147928
Gubernatorial,Idaho,State,Idaho,Pickens (D),Little* (R),Boundary County,16021,0.220471828222971,5050.2042,48.766998,-116.4627525
Gubernatorial,Idaho,State,Idaho,Pickens (D),Little* (R),Butte County,16023,0.194584462307393,1057.4934,43.72266581,-113.1719663
Gubernatorial,Idaho,State,Idaho,Pickens (D),Little* (R),Camas County,16025,0.257986296317299,509.46,43.46356926,-114.8053772
Gubernatorial,Idaho,State,Idaho,Pickens (D),Little* (R),Canyon County,16027,0.311111428679103,71632.9872,43.6251769,-116.7092162
Gubernatorial,Idaho,State,Idaho,Pickens (D),Little* (R),Caribou County,16029,0.184869241109776,2438.8578,42.77049766,-111.5621762
Gubernatorial,Idaho,State,Idaho,Pickens (D),Little* (R),Cassia County,16031,0.187183337572681,6781.6404,42.28381567,-113.6013217
Gubernatorial,Idaho,State,Idaho,Pickens (D),Little* (R),Clark County,16033,0.184502004596301,240.174,44.28409003,-112.3520136
Gubernatorial,Idaho,State,Idaho,Pickens (D),Little* (R),Clearwater County,16035,0.237152900283342,3147.0072,46.67349275,-115.656021
Gubernatorial,Idaho,State,Idaho,Pickens (D),Little* (R),Custer County,16037,0.264504718572447,1880.6352,44.24147306,-114.2816427
Gubernatorial,Idaho,State,Idaho,Pickens (D),Little* (R),Elmore County,16039,0.295641721757071,7570.5756,43.35417471,-115.4691486
Gubernatorial,Idaho,State,Idaho,Pickens (D),Little* (R),Franklin County,16041,0.164198581108631,5081.4996,42.18121994,-111.8131009
Gubernatorial,Idaho,State,Idaho,Pickens (D),Little* (R),Fremont County,16043,0.198577821922139,4802.7522,44.22898675,-111.4821032
Gubernatorial,Idaho,State,Idaho,Pickens (D),Little* (R),Gem County,16045,0.214289470919758,7573.4868,44.0602805,-116.3979457
Gubernatorial,Idaho,State,Idaho,Pickens (D),Little* (R),Gooding County,16047,0.245475462224628,4203.7728,42.97094353,-114.8116615
Gubernatorial,Idaho,State,Idaho,Pickens (D),Little* (R),Idaho County,16049,0.21097347159776,6992.7024,45.84388002,-115.4671964
Gubernatorial,Idaho,State,Idaho,Pickens (D),Little* (R),Jefferson County,16051,0.177664621953045,11187.7416,43.82027224,-112.3114205
Gubernatorial,Idaho,State,Idaho,Pickens (D),Little* (R),Jerome County,16053,0.255232386917817,5643.3612,42.68974614,-114.2642648
Gubernatorial,Idaho,State,Idaho,Pickens (D),Little* (R),Kootenai County,16055,0.291237083849909,68538.3816,47.6744641,-116.7000308
Gubernatorial,Idaho,State,Idaho,Pickens (D),Little* (R),Latah County,16057,0.48876471529633,14343.4824,46.81645625,-116.7117113
Gubernatorial,Idaho,State,Idaho,Pickens (D),Little* (R),Lemhi County,16059,0.253049385989031,3459.9612,44.9436279,-113.9335998
Gubernatorial,Idaho,State,Idaho,Pickens (D),Little* (R),Lewis County,16061,0.211321321896475,1315.8624,46.2366682,-116.4267621
Gubernatorial,Idaho,State,Idaho,Pickens (D),Little* (R),Lincoln County,16063,0.255257734228207,1352.2524,43.00232711,-114.1383193
Gubernatorial,Idaho,State,Idaho,Pickens (D),Little* (R),Madison County,16065,0.206919995309822,12148.4376,43.78411982,-111.6592182
Gubernatorial,Idaho,State,Idaho,Pickens (D),Little* (R),Minidoka County,16067,0.215293712235118,5657.9172,42.85441649,-113.6374976
Gubernatorial,Idaho,State,Idaho,Pickens (D),Little* (R),Nez Perce County,16069,0.332537188033977,14290.353,46.32729495,-116.7498104
Gubernatorial,Idaho,State,Idaho,Pickens (D),Little* (R),Oneida County,16071,0.160686558056515,1726.3416,42.19490877,-112.5395749
Gubernatorial,Idaho,State,Idaho,Pickens (D),Little* (R),Owyhee County,16073,0.226102278637411,3534.9246,42.58161924,-116.1698327
Gubernatorial,Idaho,State,Idaho,Pickens (D),Little* (R),Payette County,16075,0.228639846101538,8385.7116,44.00714137,-116.7604309
Gubernatorial,Idaho,State,Idaho,Pickens (D),Little* (R),Power County,16077,0.288415630717792,2133.1818,42.69368252,-112.8410539
Gubernatorial,Idaho,State,Idaho,Pickens (D),Little* (R),Shoshone County,16079,0.31592990099153,4346.4216,47.35176251,-115.8911361
Gubernatorial,Idaho,State,Idaho,Pickens (D),Little* (R),Teton County,16081,0.580247334610078,4707.4104,43.7599238,-111.2078712
Gubernatorial,Idaho,State,Idaho,Pickens (D),Little* (R),Twin Falls County,16083,0.29790732310508,26468.6304,42.35608428,-114.6681729
Gubernatorial,Idaho,State,Idaho,Pickens (D),Little* (R),Valley County,16085,0.415087739974093,5155.0074,44.76650867,-115.5662454
Gubernatorial,Idaho,State,Idaho,Pickens (D),Little* (R),Washington County,16087,0.229054313348094,3958.5042,44.45250794,-116.7847747
Gubernatorial,Illinois,State,Illinois,Pritzker* (D),Bailey (R),Adams County,17001,0.268591301883548,22759.7616,39.98808185,-91.18842478
Gubernatorial,Illinois,State,Illinois,Pritzker* (D),Bailey (R),Alexander County,17003,0.45491024556073,1633.911,37.19162505,-89.33759146
Gubernatorial,Illinois,State,Illinois,Pritzker* (D),Bailey (R),Bond County,17005,0.313695595441915,5683.3902,38.88688243,-89.43566372
Gubernatorial,Illinois,State,Illinois,Pritzker* (D),Bailey (R),Boone County,17007,0.453084909664299,17344.9296,42.32294195,-88.82348512
Gubernatorial,Illinois,State,Illinois,Pritzker* (D),Bailey (R),Brown County,17009,0.21677820093457,1750.359,39.96180493,-90.75018804
Gubernatorial,Illinois,State,Illinois,Pritzker* (D),Bailey (R),Bureau County,17011,0.419903030623933,11414.8152,41.40406966,-89.52841534
Gubernatorial,Illinois,State,Illinois,Pritzker* (D),Bailey (R),Calhoun County,17013,0.283387676626472,1906.1082,39.16895789,-90.66743491
Gubernatorial,Illinois,State,Illinois,Pritzker* (D),Bailey (R),Carroll County,17015,0.371171967683737,5590.9596,42.06794659,-89.93380816
Gubernatorial,Illinois,State,Illinois,Pritzker* (D),Bailey (R),Cass County,17017,0.326424391997302,3748.17,39.97376092,-90.24761202
Gubernatorial,Illinois,State,Illinois,Pritzker* (D),Bailey (R),Champaign County,17019,0.656024276555516,63521.6562,40.13984863,-88.19947606
Gubernatorial,Illinois,State,Illinois,Pritzker* (D),Bailey (R),Christian County,17021,0.323147870205213,11138.2512,39.54582799,-89.27760111
Gubernatorial,Illinois,State,Illinois,Pritzker* (D),Bailey (R),Clark County,17023,0.253897029444985,5863.8846,39.33402321,-87.7878617
Gubernatorial,Illinois,State,Illinois,Pritzker* (D),Bailey (R),Clay County,17025,0.188394274932029,4850.0592,38.75410733,-88.49033998
Gubernatorial,Illinois,State,Illinois,Pritzker* (D),Bailey (R),Clinton County,17027,0.266353702567875,13721.9412,38.60632268,-89.4229686
Gubernatorial,Illinois,State,Illinois,Pritzker* (D),Bailey (R),Coles County,17029,0.391944494331043,15357.3078,39.52086003,-88.22141023
Gubernatorial,Illinois,State,Illinois,Pritzker* (D),Bailey (R),Cook County,17031,0.785505091926947,1478651.6094,41.84005007,-87.81698762
Gubernatorial,Illinois,State,Illinois,Pritzker* (D),Bailey (R),Crawford County,17033,0.257493224966302,6386.445,39.00382453,-87.75932466
Gubernatorial,Illinois,State,Illinois,Pritzker* (D),Bailey (R),Cumberland County,17035,0.229879670945243,4138.2708,39.27402319,-88.24032182
Gubernatorial,Illinois,State,Illinois,Pritzker* (D),Bailey (R),DeKalb County,17037,0.557365694760362,33743.7192,41.8933691,-88.76979995
Gubernatorial,Illinois,State,Illinois,Pritzker* (D),Bailey (R),DeWitt County,17039,0.314295732898517,5521.8186,40.17434051,-88.90408529
Gubernatorial,Illinois,State,Illinois,Pritzker* (D),Bailey (R),Douglas County,17041,0.297153136455904,6021.8172,39.7695478,-88.21756136
Gubernatorial,Illinois,State,Illinois,Pritzker* (D),Bailey (R),DuPage County,17043,0.619771387485464,321983.8146,41.85173736,-88.08563421
Gubernatorial,Illinois,State,Illinois,Pritzker* (D),Bailey (R),Edgar County,17045,0.274789052633034,5655.7338,39.67865165,-87.74546531
Gubernatorial,Illinois,State,Illinois,Pritzker* (D),Bailey (R),Edwards County,17047,0.162778495098422,2366.0778,38.41619684,-88.05369238
Gubernatorial,Illinois,State,Illinois,Pritzker* (D),Bailey (R),Effingham County,17049,0.220222593705425,13639.6998,39.05935691,-88.58969703
Gubernatorial,Illinois,State,Illinois,Pritzker* (D),Bailey (R),Fayette County,17051,0.210826743468271,6898.8162,39.0000587,-89.02441763
Gubernatorial,Illinois,State,Illinois,Pritzker* (D),Bailey (R),Ford County,17053,0.293914891173434,4673.2038,40.59686492,-88.22313426
Gubernatorial,Illinois,State,Illinois,Pritzker* (D),Bailey (R),Franklin County,17055,0.273157526736281,12705.2046,37.99202257,-88.9239703
Gubernatorial,Illinois,State,Illinois,Pritzker* (D),Bailey (R),Fulton County,17057,0.4288596893798,11504.3346,40.47248529,-90.20749434
Gubernatorial,Illinois,State,Illinois,Pritzker* (D),Bailey (R),Gallatin County,17059,0.257472009505683,1807.8552,37.76253711,-88.23082016
Gubernatorial,Illinois,State,Illinois,Pritzker* (D),Bailey (R),Greene County,17061,0.254002379100276,4322.4042,39.3563746,-90.39051245
Gubernatorial,Illinois,State,Illinois,Pritzker* (D),Bailey (R),Grundy County,17063,0.409461093018129,19024.692,41.2856038,-88.41891328
Gubernatorial,Illinois,State,Illinois,Pritzker* (D),Bailey (R),Hamilton County,17065,0.217812433271374,3001.4472,38.08163641,-88.53883373
Gubernatorial,Illinois,State,Illinois,Pritzker* (D),Bailey (R),Hancock County,17067,0.262798241845636,6470.8698,40.40370799,-91.16472529
Gubernatorial,Illinois,State,Illinois,Pritzker* (D),Bailey (R),Hardin County,17069,0.224030092706818,1385.0034,37.51807977,-88.26669526
Gubernatorial,Illinois,State,Illinois,Pritzker* (D),Bailey (R),Henderson County,17071,0.351015903866455,2470.881,40.81804873,-90.92497453
Gubernatorial,Illinois,State,Illinois,Pritzker* (D),Bailey (R),Henry County,17073,0.412417855146048,17892.963,41.35314875,-90.13161776
Gubernatorial,Illinois,State,Illinois,Pritzker* (D),Bailey (R),Iroquois County,17075,0.240988182692903,9550.9194,40.74732578,-87.82452537
Gubernatorial,Illinois,State,Illinois,Pritzker* (D),Bailey (R),Jackson County,17077,0.549434497785035,16017.4224,37.78505462,-89.38232705
Gubernatorial,Illinois,State,Illinois,Pritzker* (D),Bailey (R),Jasper County,17079,0.195425092982058,3901.7358,39.01061641,-88.15377894
Gubernatorial,Illinois,State,Illinois,Pritzker* (D),Bailey (R),Jefferson County,17081,0.276712879314078,11957.0262,38.30019275,-88.92397205
Gubernatorial,Illinois,State,Illinois,Pritzker* (D),Bailey (R),Jersey County,17083,0.284897410019695,8369.7,39.0855748,-90.3567923
Gubernatorial,Illinois,State,Illinois,Pritzker* (D),Bailey (R),Jo Daviess County,17085,0.453804119235432,8869.6986,42.36542788,-90.21246462
Gubernatorial,Illinois,State,Illinois,Pritzker* (D),Bailey (R),Johnson County,17087,0.235359215811101,4395.1842,37.45959866,-88.88074567
Gubernatorial,Illinois,State,Illinois,Pritzker* (D),Bailey (R),Kane County,17089,0.596926161213874,159633.4686,41.93895003,-88.42861217
Gubernatorial,Illinois,State,Illinois,Pritzker* (D),Bailey (R),Kankakee County,17091,0.435686279434115,33976.6152,41.13747976,-87.86189197
Gubernatorial,Illinois,State,Illinois,Pritzker* (D),Bailey (R),Kendall County,17093,0.553108195297245,47268.4266,41.59088826,-88.42879892
Gubernatorial,Illinois,State,Illinois,Pritzker* (D),Bailey (R),Knox County,17095,0.487735223389912,15833.289,40.93148779,-90.2133034
Gubernatorial,Illinois,State,Illinois,Pritzker* (D),Bailey (R),Lake County,17097,0.661164642528421,222011.0232,42.32318039,-88.00373142
Gubernatorial,Illinois,State,Illinois,Pritzker* (D),Bailey (R),LaSalle County,17099,0.467875896964898,37660.7388,41.34406943,-88.88623869
Gubernatorial,Illinois,State,Illinois,Pritzker* (D),Bailey (R),Lawrence County,17101,0.237450024678543,4365.3444,38.72048612,-87.72698819
Gubernatorial,Illinois,State,Illinois,Pritzker* (D),Bailey (R),Lee County,17103,0.433035776229523,11488.323,41.74622905,-89.29939757
Gubernatorial,Illinois,State,Illinois,Pritzker* (D),Bailey (R),Livingston County,17105,0.305596624509625,11849.3118,40.89167342,-88.55786997
Gubernatorial,Illinois,State,Illinois,Pritzker* (D),Bailey (R),Logan County,17107,0.332608152655623,8951.94,40.12467469,-89.36775244
Gubernatorial,Illinois,State,Illinois,Pritzker* (D),Bailey (R),Macon County,17115,0.446458207992524,32438.7738,39.85999062,-88.96174804
Gubernatorial,Illinois,State,Illinois,Pritzker* (D),Bailey (R),Macoupin County,17117,0.355557972850214,16708.1046,39.26136043,-89.92459485
Gubernatorial,Illinois,State,Illinois,Pritzker* (D),Bailey (R),Madison County,17119,0.46852747135737,94807.5948,38.83016798,-89.90510951
Gubernatorial,Illinois,State,Illinois,Pritzker* (D),Bailey (R),Marion County,17121,0.277828579978756,12026.895,38.64962591,-88.91900564
Gubernatorial,Illinois,State,Illinois,Pritzker* (D),Bailey (R),Marshall County,17123,0.361149473721722,4390.0896,41.03327407,-89.34481931
Gubernatorial,Illinois,State,Illinois,Pritzker* (D),Bailey (R),Mason County,17125,0.341964905144568,4539.2886,40.23934407,-89.91665526
Gubernatorial,Illinois,State,Illinois,Pritzker* (D),Bailey (R),Massac County,17127,0.275760439316522,4819.4916,37.21923954,-88.70754316
Gubernatorial,Illinois,State,Illinois,Pritzker* (D),Bailey (R),McDonough County,17109,0.416365654318837,8531.9994,40.45674722,-90.67775541
Gubernatorial,Illinois,State,Illinois,Pritzker* (D),Bailey (R),McHenry County,17111,0.530513159390931,115940.7234,42.32444631,-88.45263983
Gubernatorial,Illinois,State,Illinois,Pritzker* (D),Bailey (R),McLean County,17113,0.557415765575136,61706.523,40.49061752,-88.84769482
Gubernatorial,Illinois,State,Illinois,Pritzker* (D),Bailey (R),Menard County,17129,0.345337939126299,4609.1574,40.02711636,-89.80172848
Gubernatorial,Illinois,State,Illinois,Pritzker* (D),Bailey (R),Mercer County,17131,0.399575742470621,5942.487,41.20543704,-90.74108384
Gubernatorial,Illinois,State,Illinois,Pritzker* (D),Bailey (R),Monroe County,17133,0.351244838016933,14940.2784,38.27853951,-90.17743157
Gubernatorial,Illinois,State,Illinois,Pritzker* (D),Bailey (R),Montgomery County,17135,0.330316016206787,9425.7378,39.23097041,-89.4790156
Gubernatorial,Illinois,State,Illinois,Pritzker* (D),Bailey (R),Morgan County,17137,0.370705289930697,10520.349,39.71580417,-90.20121837
Gubernatorial,Illinois,State,Illinois,Pritzker* (D),Bailey (R),Moultrie County,17139,0.289737008216375,4680.4818,39.64136794,-88.61929657
Gubernatorial,Illinois,State,Illinois,Pritzker* (D),Bailey (R),Ogle County,17141,0.391357196456982,18437.3574,42.04257451,-89.32021067
Gubernatorial,Illinois,State,Illinois,Pritzker* (D),Bailey (R),Peoria County,17143,0.558743695089893,56375.388,40.78797055,-89.75986508
Gubernatorial,Illinois,State,Illinois,Pritzker* (D),Bailey (R),Perry County,17145,0.283021846446696,6619.341,38.08436666,-89.36728052
Gubernatorial,Illinois,State,Illinois,Pritzker* (D),Bailey (R),Piatt County,17147,0.39392952849111,6774.3624,40.01024723,-88.59111102
Gubernatorial,Illinois,State,Illinois,Pritzker* (D),Bailey (R),Pike County,17149,0.212953077406587,5376.9864,39.62260409,-90.88665915
Gubernatorial,Illinois,State,Illinois,Pritzker* (D),Bailey (R),Pope County,17151,0.232171621414732,1538.5692,37.41325351,-88.56128333
Gubernatorial,Illinois,State,Illinois,Pritzker* (D),Bailey (R),Pulaski County,17153,0.349857145106264,1711.7856,37.22269456,-89.12738626
Gubernatorial,Illinois,State,Illinois,Pritzker* (D),Bailey (R),Putnam County,17155,0.438954038947024,2378.4504,41.2041567,-89.28578933
Gubernatorial,Illinois,State,Illinois,Pritzker* (D),Bailey (R),Randolph County,17157,0.306671549637856,10251.063,38.05214985,-89.82565532
Gubernatorial,Illinois,State,Illinois,Pritzker* (D),Bailey (R),Richland County,17159,0.250342788648457,5557.4808,38.71228739,-88.08560224
Gubernatorial,Illinois,State,Illinois,Pritzker* (D),Bailey (R),Rock Island County,17161,0.593273717017703,45259.6986,41.46753509,-90.56755378
Gubernatorial,Illinois,State,Illinois,Pritzker* (D),Bailey (R),Saline County,17165,0.274994407501394,7615.6992,37.75332999,-88.54119706
Gubernatorial,Illinois,State,Illinois,Pritzker* (D),Bailey (R),Sangamon County,17167,0.531796645475162,70635.1734,39.75818327,-89.65883945
Gubernatorial,Illinois,State,Illinois,Pritzker* (D),Bailey (R),Schuyler County,17169,0.306093221253794,2679.0318,40.15816304,-90.61538755
Gubernatorial,Illinois,State,Illinois,Pritzker* (D),Bailey (R),Scott County,17171,0.229527662275975,1862.4402,39.64403604,-90.47455118
Gubernatorial,Illinois,State,Illinois,Pritzker* (D),Bailey (R),Shelby County,17173,0.241602003813254,8374.7946,39.39127226,-88.80591091
Gubernatorial,Illinois,State,Illinois,Pritzker* (D),Bailey (R),St. Clair County,17163,0.5733825842049,85483.0212,38.4703223,-89.92848248
Gubernatorial,Illinois,State,Illinois,Pritzker* (D),Bailey (R),Stark County,17175,0.310637738502067,1970.8824,41.09327074,-89.79757636
Gubernatorial,Illinois,State,Illinois,Pritzker* (D),Bailey (R),Stephenson County,17177,0.43800638711146,15010.875,42.35166558,-89.66268151
Gubernatorial,Illinois,State,Illinois,Pritzker* (D),Bailey (R),Tazewell County,17179,0.39903834849903,48599.5728,40.50758831,-89.51334003
Gubernatorial,Illinois,State,Illinois,Pritzker* (D),Bailey (R),Union County,17181,0.318194155082557,5911.1916,37.47114082,-89.25435617
Gubernatorial,Illinois,State,Illinois,Pritzker* (D),Bailey (R),Vermilion County,17183,0.360805477298643,21128.7618,40.18371674,-87.73292603
Gubernatorial,Illinois,State,Illinois,Pritzker* (D),Bailey (R),Wabash County,17185,0.24180287370028,3853.701,38.44634379,-87.84368093
Gubernatorial,Illinois,State,Illinois,Pritzker* (D),Bailey (R),Warren County,17187,0.402014718032749,5305.662,40.84888704,-90.61478203
Gubernatorial,Illinois,State,Illinois,Pritzker* (D),Bailey (R),Washington County,17189,0.247824996001124,5426.4768,38.35241923,-89.41050166
Gubernatorial,Illinois,State,Illinois,Pritzker* (D),Bailey (R),Wayne County,17191,0.156151501434936,5949.0372,38.42955355,-88.42586459
Gubernatorial,Illinois,State,Illinois,Pritzker* (D),Bailey (R),White County,17193,0.215253890459139,5077.1328,38.08714445,-88.18016372
Gubernatorial,Illinois,State,Illinois,Pritzker* (D),Bailey (R),Whiteside County,17195,0.472414679971987,18857.298,41.75598396,-89.91362191
Gubernatorial,Illinois,State,Illinois,Pritzker* (D),Bailey (R),Will County,17197,0.560614921704294,233293.3788,41.44485087,-87.97829555
Gubernatorial,Illinois,State,Illinois,Pritzker* (D),Bailey (R),Williamson County,17199,0.331433085289003,23708.8128,37.73040742,-88.93009646
Gubernatorial,Illinois,State,Illinois,Pritzker* (D),Bailey (R),Winnebago County,17201,0.539921124326057,86753.0322,42.33630888,-89.16084223
Gubernatorial,Illinois,State,Illinois,Pritzker* (D),Bailey (R),Woodford County,17203,0.314785562490168,15134.601,40.78829846,-89.21080819
Gubernatorial,Iowa,State,Iowa,Sand (D),Lahn (R),Adair County,19001,0.367007259150983,2912.6556,41.33075609,-94.47105874
Gubernatorial,Iowa,State,Iowa,Sand (D),Lahn (R),Adams County,19003,0.370845999121657,1523.2854,41.02903567,-94.69932645
Gubernatorial,Iowa,State,Iowa,Sand (D),Lahn (R),Allamakee County,19005,0.421714815876297,5245.2546,43.28400613,-91.37915589
Gubernatorial,Iowa,State,Iowa,Sand (D),Lahn (R),Appanoose County,19007,0.359492706568119,4650.642,40.74323979,-92.86861174
Gubernatorial,Iowa,State,Iowa,Sand (D),Lahn (R),Audubon County,19009,0.400291182515934,2317.3152,41.6844628,-94.90581859
Gubernatorial,Iowa,State,Iowa,Sand (D),Lahn (R),Benton County,19011,0.427319873000833,10398.8064,42.08011739,-92.06463573
Gubernatorial,Iowa,State,Iowa,Sand (D),Lahn (R),Black Hawk County,19013,0.601518068590859,45029.7138,42.47009403,-92.30867416
Gubernatorial,Iowa,State,Iowa,Sand (D),Lahn (R),Boone County,19015,0.486195478741996,10985.4132,42.0366177,-93.93139995
Gubernatorial,Iowa,State,Iowa,Sand (D),Lahn (R),Bremer County,19017,0.483325613543724,10458.486,42.77461496,-92.31795937
Gubernatorial,Iowa,State,Iowa,Sand (D),Lahn (R),Buchanan County,19019,0.452406867039347,7682.6568,42.47108244,-91.83745828
Gubernatorial,Iowa,State,Iowa,Sand (D),Lahn (R),Buena Vista County,19021,0.427270096482317,5403.1872,42.73545875,-95.15100162
Gubernatorial,Iowa,State,Iowa,Sand (D),Lahn (R),Butler County,19023,0.366076846456221,5769.9984,42.73172833,-92.79015971
Gubernatorial,Iowa,State,Iowa,Sand (D),Lahn (R),Calhoun County,19025,0.359344291587902,3665.2008,42.38521079,-94.64046046
Gubernatorial,Iowa,State,Iowa,Sand (D),Lahn (R),Carroll County,19027,0.383141801526918,7981.7826,42.03617207,-94.86032705
Gubernatorial,Iowa,State,Iowa,Sand (D),Lahn (R),Cass County,19029,0.388838875810186,5155.7352,41.33152905,-94.92806328
Gubernatorial,Iowa,State,Iowa,Sand (D),Lahn (R),Cedar County,19031,0.485036156790076,7616.427,41.77233777,-91.13246684
Gubernatorial,Iowa,State,Iowa,Sand (D),Lahn (R),Cerro Gordo County,19033,0.536480776754063,16435.1796,43.08177563,-93.2612239
Gubernatorial,Iowa,State,Iowa,Sand (D),Lahn (R),Cherokee County,19035,0.363740794530073,4373.3502,42.73538914,-95.62389402
Gubernatorial,Iowa,State,Iowa,Sand (D),Lahn (R),Chickasaw County,19037,0.407523324862642,4478.1534,43.06009652,-92.31766909
Gubernatorial,Iowa,State,Iowa,Sand (D),Lahn (R),Clarke County,19039,0.382816607598212,3205.959,41.02892087,-93.78516215
Gubernatorial,Iowa,State,Iowa,Sand (D),Lahn (R),Clay County,19041,0.376959794174177,6123.7092,43.08247182,-95.15096481
Gubernatorial,Iowa,State,Iowa,Sand (D),Lahn (R),Clayton County,19043,0.421031207056237,6748.1616,42.84452651,-91.34106377
Gubernatorial,Iowa,State,Iowa,Sand (D),Lahn (R),Clinton County,19045,0.499807474506695,17056.7208,41.89809865,-90.53221937
Gubernatorial,Iowa,State,Iowa,Sand (D),Lahn (R),Crawford County,19047,0.376008096810445,4703.7714,42.03718237,-95.3819718
Gubernatorial,Iowa,State,Iowa,Sand (D),Lahn (R),Dallas County,19049,0.571588292255254,44960.5728,41.68489264,-94.03970701
Gubernatorial,Iowa,State,Iowa,Sand (D),Lahn (R),Davis County,19051,0.320482890093514,2842.059,40.74775139,-92.41006563
Gubernatorial,Iowa,State,Iowa,Sand (D),Lahn (R),Decatur County,19053,0.356548066718846,2669.5704,40.73762219,-93.78630885
Gubernatorial,Iowa,State,Iowa,Sand (D),Lahn (R),Delaware County,19055,0.394578897945117,7250.3436,42.4713865,-91.36741055
Gubernatorial,Iowa,State,Iowa,Sand (D),Lahn (R),Des Moines County,19057,0.519317456767216,13630.9662,40.92294179,-91.18142629
Gubernatorial,Iowa,State,Iowa,Sand (D),Lahn (R),Dickinson County,19059,0.393421120500655,8058.2016,43.37782493,-95.15099401
Gubernatorial,Iowa,State,Iowa,Sand (D),Lahn (R),Dubuque County,19061,0.552131608528606,37793.9262,42.46858503,-90.88262627
Gubernatorial,Iowa,State,Iowa,Sand (D),Lahn (R),Emmet County,19063,0.373244799025757,3447.5886,43.37782281,-94.67861391
Gubernatorial,Iowa,State,Iowa,Sand (D),Lahn (R),Fayette County,19065,0.44081324879515,7029.8202,42.8627134,-91.84419994
Gubernatorial,Iowa,State,Iowa,Sand (D),Lahn (R),Floyd County,19067,0.465294814815086,5477.4228,43.0600053,-92.78940097
Gubernatorial,Iowa,State,Iowa,Sand (D),Lahn (R),Franklin County,19069,0.38440745208934,3510.9072,42.73270384,-93.26256925
Gubernatorial,Iowa,State,Iowa,Sand (D),Lahn (R),Fremont County,19071,0.369611875428811,2717.6052,40.74556682,-95.60475618
Gubernatorial,Iowa,State,Iowa,Sand (D),Lahn (R),Greene County,19073,0.428630062207286,3503.6292,42.03614551,-94.39658081
Gubernatorial,Iowa,State,Iowa,Sand (D),Lahn (R),Grundy County,19075,0.383372740369331,5106.9726,42.40195716,-92.7914653
Gubernatorial,Iowa,State,Iowa,Sand (D),Lahn (R),Guthrie County,19077,0.403119576823922,4672.476,41.68378965,-94.50111014
Gubernatorial,Iowa,State,Iowa,Sand (D),Lahn (R),Hamilton County,19079,0.427195172140788,5448.3108,42.38395377,-93.70672502
Gubernatorial,Iowa,State,Iowa,Sand (D),Lahn (R),Hancock County,19081,0.355584910929293,4264.1802,43.08178477,-93.73454884
Gubernatorial,Iowa,State,Iowa,Sand (D),Lahn (R),Hardin County,19083,0.401647975470278,6072.0354,42.38393029,-93.24040527
Gubernatorial,Iowa,State,Iowa,Sand (D),Lahn (R),Harrison County,19085,0.383058125025177,5684.8458,41.68336174,-95.81703481
Gubernatorial,Iowa,State,Iowa,Sand (D),Lahn (R),Henry County,19087,0.413111671434983,6866.0652,40.98760854,-91.54434433
Gubernatorial,Iowa,State,Iowa,Sand (D),Lahn (R),Howard County,19089,0.434629540974895,3475.9728,43.35677003,-92.31710205
Gubernatorial,Iowa,State,Iowa,Sand (D),Lahn (R),Humboldt County,19091,0.342546656851254,3643.3668,42.7764426,-94.20722537
Gubernatorial,Iowa,State,Iowa,Sand (D),Lahn (R),Ida County,19093,0.325278748927363,2617.8966,42.38696136,-95.51355387
Gubernatorial,Iowa,State,Iowa,Sand (D),Lahn (R),Iowa County,19095,0.454747292809692,6890.8104,41.68621637,-92.06369553
Gubernatorial,Iowa,State,Iowa,Sand (D),Lahn (R),Jackson County,19097,0.430855797244496,7744.5198,42.17178419,-90.57403934
Gubernatorial,Iowa,State,Iowa,Sand (D),Lahn (R),Jasper County,19099,0.455536097241765,14441.0076,41.6860352,-93.05376026
Gubernatorial,Iowa,State,Iowa,Sand (D),Lahn (R),Jefferson County,19101,0.560942044614166,5925.0198,41.03165465,-91.94862204
Gubernatorial,Iowa,State,Iowa,Sand (D),Lahn (R),Johnson County,19103,0.788494954072905,61814.2374,41.67150873,-91.58679259
Gubernatorial,Iowa,State,Iowa,Sand (D),Lahn (R),Jones County,19105,0.461931735214382,7832.5836,42.12118609,-91.13139641
Gubernatorial,Iowa,State,Iowa,Sand (D),Lahn (R),Keokuk County,19107,0.335226274643237,3703.0464,41.33649833,-92.1785067
Gubernatorial,Iowa,State,Iowa,Sand (D),Lahn (R),Kossuth County,19109,0.37192212360094,6016.7226,43.20413984,-94.20689787
Gubernatorial,Iowa,State,Iowa,Sand (D),Lahn (R),Lee County,19111,0.45355831668148,11507.2458,40.64219925,-91.47949968
Gubernatorial,Iowa,State,Iowa,Sand (D),Lahn (R),Linn County,19113,0.645897927005828,87769.041,42.07923082,-91.59809485
Gubernatorial,Iowa,State,Iowa,Sand (D),Lahn (R),Louisa County,19115,0.387902025038182,3685.5792,41.21843405,-91.25958262
Gubernatorial,Iowa,State,Iowa,Sand (D),Lahn (R),Lucas County,19117,0.351497614104826,3325.3182,41.02958964,-93.32780803
Gubernatorial,Iowa,State,Iowa,Sand (D),Lahn (R),Lyon County,19119,0.243432597478641,5037.8316,43.38111289,-96.2102221
Gubernatorial,Iowa,State,Iowa,Sand (D),Lahn (R),Madison County,19121,0.400343103384458,7184.8416,41.33081904,-94.01554631
Gubernatorial,Iowa,State,Iowa,Sand (D),Lahn (R),Mahaska County,19123,0.334608074841061,7848.5952,41.33521502,-92.64083907
Gubernatorial,Iowa,State,Iowa,Sand (D),Lahn (R),Marion County,19125,0.404119810748422,13986.1326,41.33445101,-93.09934783
Gubernatorial,Iowa,State,Iowa,Sand (D),Lahn (R),Marshall County,19127,0.516552729497997,12335.4822,42.03586837,-92.9990819
Gubernatorial,Iowa,State,Iowa,Sand (D),Lahn (R),Mills County,19129,0.397845476070578,5914.8306,41.03348848,-95.62136125
Gubernatorial,Iowa,State,Iowa,Sand (D),Lahn (R),Mitchell County,19131,0.437780641609252,4133.1762,43.35639379,-92.78887576
Gubernatorial,Iowa,State,Iowa,Sand (D),Lahn (R),Monona County,19133,0.366280121077804,3323.8626,42.05236881,-95.95997093
Gubernatorial,Iowa,State,Iowa,Sand (D),Lahn (R),Monroe County,19135,0.339676063570011,2988.3468,41.02988815,-92.8690667
Gubernatorial,Iowa,State,Iowa,Sand (D),Lahn (R),Montgomery County,19137,0.397605296135695,3634.6332,41.03018714,-95.15642896
Gubernatorial,Iowa,State,Iowa,Sand (D),Lahn (R),Muscatine County,19139,0.519728873968445,14093.1192,41.48388139,-91.11279575
Gubernatorial,Iowa,State,Iowa,Sand (D),Lahn (R),O'Brien County,19141,0.287940275002336,5404.6428,43.0836202,-95.62474725
Gubernatorial,Iowa,State,Iowa,Sand (D),Lahn (R),Osceola County,19143,0.270281078503107,2312.9484,43.37868127,-95.62422758
Gubernatorial,Iowa,State,Iowa,Sand (D),Lahn (R),Page County,19145,0.381238393964832,5249.6214,40.73917437,-95.15010031
Gubernatorial,Iowa,State,Iowa,Sand (D),Lahn (R),Palo Alto County,19147,0.367926213593176,3576.4092,43.08193849,-94.67824621
Gubernatorial,Iowa,State,Iowa,Sand (D),Lahn (R),Plymouth County,19149,0.321142396449751,10018.167,42.73735704,-96.21424951
Gubernatorial,Iowa,State,Iowa,Sand (D),Lahn (R),Pocahontas County,19151,0.321586739209421,2564.0394,42.73420133,-94.67862564
Gubernatorial,Iowa,State,Iowa,Sand (D),Lahn (R),Polk County,19153,0.650802166881114,183634.857,41.68547042,-93.57365396
Gubernatorial,Iowa,State,Iowa,Sand (D),Lahn (R),Pottawattamie County,19155,0.494428412624654,31879.8234,41.33661346,-95.54290277
Gubernatorial,Iowa,State,Iowa,Sand (D),Lahn (R),Poweshiek County,19157,0.509586961666138,7150.635,41.68657418,-92.53097077
Gubernatorial,Iowa,State,Iowa,Sand (D),Lahn (R),Ringgold County,19159,0.33612541398235,1930.8534,40.7351498,-94.24367465
Gubernatorial,Iowa,State,Iowa,Sand (D),Lahn (R),Sac County,19161,0.334833885826512,3922.1142,42.38624071,-95.10547892
Gubernatorial,Iowa,State,Iowa,Sand (D),Lahn (R),Scott County,19163,0.575875828088491,64377.549,41.63706131,-90.62318822
Gubernatorial,Iowa,State,Iowa,Sand (D),Lahn (R),Shelby County,19165,0.378126173254998,4665.9258,41.6850066,-95.31015553
Gubernatorial,Iowa,State,Iowa,Sand (D),Lahn (R),Sioux County,19167,0.236228625768386,13594.5762,43.08294203,-96.17809424
Gubernatorial,Iowa,State,Iowa,Sand (D),Lahn (R),Story County,19169,0.648296255371436,35247.354,42.03621213,-93.46499005
Gubernatorial,Iowa,State,Iowa,Sand (D),Lahn (R),Tama County,19171,0.458999551559637,6149.1822,42.07991767,-92.53266945
Gubernatorial,Iowa,State,Iowa,Sand (D),Lahn (R),Taylor County,19173,0.31421858948844,2217.6066,40.73748072,-94.69599224
Gubernatorial,Iowa,State,Iowa,Sand (D),Lahn (R),Union County,19175,0.412303975443057,4307.1204,41.0277278,-94.24234847
Gubernatorial,Iowa,State,Iowa,Sand (D),Lahn (R),Van Buren County,19177,0.313998259861686,2593.1514,40.75308722,-91.95043301
Gubernatorial,Iowa,State,Iowa,Sand (D),Lahn (R),Wapello County,19179,0.43623424565773,10462.125,41.03064984,-92.40954728
Gubernatorial,Iowa,State,Iowa,Sand (D),Lahn (R),Warren County,19181,0.490450072187598,23433.7044,41.33431116,-93.56121354
Gubernatorial,Iowa,State,Iowa,Sand (D),Lahn (R),Washington County,19183,0.472044483005769,8308.5648,41.33548743,-91.71758189
Gubernatorial,Iowa,State,Iowa,Sand (D),Lahn (R),Wayne County,19185,0.305157441146984,2233.6182,40.73965649,-93.32744042
Gubernatorial,Iowa,State,Iowa,Sand (D),Lahn (R),Webster County,19187,0.437708310299049,12002.1498,42.42794934,-94.18176099
Gubernatorial,Iowa,State,Iowa,Sand (D),Lahn (R),Winnebago County,19189,0.43991706213948,4035.651,43.3775066,-93.73407175
Gubernatorial,Iowa,State,Iowa,Sand (D),Lahn (R),Winneshiek County,19191,0.548571099294241,8550.1944,43.29085957,-91.84475831
Gubernatorial,Iowa,State,Iowa,Sand (D),Lahn (R),Woodbury County,19193,0.479007143238004,30650.5692,42.38966116,-96.04432637
Gubernatorial,Iowa,State,Iowa,Sand (D),Lahn (R),Worth County,19195,0.45273505592037,3073.4994,43.37747964,-93.26085274
Gubernatorial,Iowa,State,Iowa,Sand (D),Lahn (R),Wright County,19197,0.410421529252283,4092.4194,42.73305373,-93.73515113
Gubernatorial,Kansas,State,Kansas,Holscher (D),Masterson (R),Allen County,20001,0.311971108142297,3983.9772,37.88555459,-95.30115478
Gubernatorial,Kansas,State,Kansas,Holscher (D),Masterson (R),Anderson County,20003,0.24424260165636,2714.694,38.21396508,-95.29324204
Gubernatorial,Kansas,State,Kansas,Holscher (D),Masterson (R),Atchison County,20005,0.357472893245246,5176.1136,39.53158751,-95.31456305
Gubernatorial,Kansas,State,Kansas,Holscher (D),Masterson (R),Barber County,20007,0.182449734375399,1558.9476,37.22893536,-98.68457457
Gubernatorial,Kansas,State,Kansas,Holscher (D),Masterson (R),Barton County,20009,0.259962914061411,7577.8536,38.478934,-98.75632156
Gubernatorial,Kansas,State,Kansas,Holscher (D),Masterson (R),Bourbon County,20011,0.271976098667044,4692.1266,37.85500237,-94.84924767
Gubernatorial,Kansas,State,Kansas,Holscher (D),Masterson (R),Brown County,20013,0.303330405032537,3035.6538,39.8265096,-95.56422358
Gubernatorial,Kansas,State,Kansas,Holscher (D),Masterson (R),Butler County,20015,0.337772998720407,22981.0128,37.78134351,-96.83878537
Gubernatorial,Kansas,State,Kansas,Holscher (D),Masterson (R),Chase County,20017,0.289998734503962,1046.5764,38.30203945,-96.59423335
Gubernatorial,Kansas,State,Kansas,Holscher (D),Masterson (R),Chautauqua County,20019,0.187731052200542,1098.978,37.14997344,-96.24531969
Gubernatorial,Kansas,State,Kansas,Holscher (D),Masterson (R),Cherokee County,20021,0.278297566143131,6225.6012,37.16921917,-94.84624572
Gubernatorial,Kansas,State,Kansas,Holscher (D),Masterson (R),Cheyenne County,20023,0.196090848621241,1012.3698,39.78580547,-101.7318625
Gubernatorial,Kansas,State,Kansas,Holscher (D),Masterson (R),Clark County,20025,0.177514025151951,724.8888,37.23547247,-99.8196146
Gubernatorial,Kansas,State,Kansas,Holscher (D),Masterson (R),Clay County,20027,0.263828663841136,2923.5726,39.34944765,-97.16512523
Gubernatorial,Kansas,State,Kansas,Holscher (D),Masterson (R),Cloud County,20029,0.240467721997047,2900.283,39.48027303,-97.64919278
Gubernatorial,Kansas,State,Kansas,Holscher (D),Masterson (R),Coffey County,20031,0.264952979575918,3133.179,38.23677253,-95.73407587
Gubernatorial,Kansas,State,Kansas,Holscher (D),Masterson (R),Comanche County,20033,0.199687901520904,623.7246,37.19121917,-99.27105698
Gubernatorial,Kansas,State,Kansas,Holscher (D),Masterson (R),Cowley County,20035,0.343123598016797,9664.4562,37.23777562,-96.83732848
Gubernatorial,Kansas,State,Kansas,Holscher (D),Masterson (R),Crawford County,20037,0.419317648623392,11673.912,37.50702733,-94.85185156
Gubernatorial,Kansas,State,Kansas,Holscher (D),Masterson (R),Decatur County,20039,0.198135617667263,1042.2096,39.78469039,-100.4593928
Gubernatorial,Kansas,State,Kansas,Holscher (D),Masterson (R),Dickinson County,20041,0.2689223107435,6552.3834,38.86611825,-97.15266036
Gubernatorial,Kansas,State,Kansas,Holscher (D),Masterson (R),Doniphan County,20043,0.225584605345063,2565.495,39.78796644,-95.14683558
Gubernatorial,Kansas,State,Kansas,Holscher (D),Masterson (R),Douglas County,20045,0.741140160900619,41561.019,38.88451412,-95.29263542
Gubernatorial,Kansas,State,Kansas,Holscher (D),Masterson (R),Edwards County,20047,0.217717068400643,913.389,37.88763961,-99.31204845
Gubernatorial,Kansas,State,Kansas,Holscher (D),Masterson (R),Elk County,20049,0.193353639316371,956.3292,37.45338324,-96.24370891
Gubernatorial,Kansas,State,Kansas,Holscher (D),Masterson (R),Ellis County,20051,0.312897114776179,9646.2612,38.91458712,-99.31751551
Gubernatorial,Kansas,State,Kansas,Holscher (D),Masterson (R),Ellsworth County,20053,0.282336409752993,1975.2492,38.6967292,-98.20501891
Gubernatorial,Kansas,State,Kansas,Holscher (D),Masterson (R),Finney County,20055,0.371383734941918,7708.1298,38.04405338,-100.7376459
Gubernatorial,Kansas,State,Kansas,Holscher (D),Masterson (R),Ford County,20057,0.352688289126258,5878.4406,37.69182131,-99.88814767
Gubernatorial,Kansas,State,Kansas,Holscher (D),Masterson (R),Franklin County,20059,0.343280714691053,9060.3822,38.56442768,-95.28621552
Gubernatorial,Kansas,State,Kansas,Holscher (D),Masterson (R),Geary County,20061,0.457949088323629,6522.5436,39.00227253,-96.75251853
Gubernatorial,Kansas,State,Kansas,Holscher (D),Masterson (R),Gove County,20063,0.156928414736432,1002.1806,38.91587321,-100.4829436
Gubernatorial,Kansas,State,Kansas,Holscher (D),Masterson (R),Graham County,20065,0.214003858001134,920.667,39.34986711,-99.88334471
Gubernatorial,Kansas,State,Kansas,Holscher (D),Masterson (R),Grant County,20067,0.228526117396615,1592.4264,37.56227336,-101.3079758
Gubernatorial,Kansas,State,Kansas,Holscher (D),Masterson (R),Gray County,20069,0.197926540553678,1572.7758,37.73851836,-100.4379698
Gubernatorial,Kansas,State,Kansas,Holscher (D),Masterson (R),Greeley County,20071,0.176201081067922,425.763,38.48078179,-101.8060294
Gubernatorial,Kansas,State,Kansas,Holscher (D),Masterson (R),Greenwood County,20073,0.238488910609273,2066.952,37.87744513,-96.23264864
Gubernatorial,Kansas,State,Kansas,Holscher (D),Masterson (R),Hamilton County,20075,0.211337598748081,583.6956,37.9991797,-101.7915769
Gubernatorial,Kansas,State,Kansas,Holscher (D),Masterson (R),Harper County,20077,0.22216893014458,1826.0502,37.1917471,-98.07579639
Gubernatorial,Kansas,State,Kansas,Holscher (D),Masterson (R),Harvey County,20079,0.440701581938967,11494.1454,38.04321442,-97.42729333
Gubernatorial,Kansas,State,Kansas,Holscher (D),Masterson (R),Haskell County,20081,0.222561513684279,921.3948,37.56200432,-100.8710456
Gubernatorial,Kansas,State,Kansas,Holscher (D),Masterson (R),Hodgeman County,20083,0.190703193156603,693.5934,38.08784693,-99.89821264
Gubernatorial,Kansas,State,Kansas,Holscher (D),Masterson (R),Jackson County,20085,0.331035600439887,4625.8968,39.41641542,-95.79433878
Gubernatorial,Kansas,State,Kansas,Holscher (D),Masterson (R),Jefferson County,20087,0.359596117404135,7077.1272,39.23530705,-95.38360115
Gubernatorial,Kansas,State,Kansas,Holscher (D),Masterson (R),Jewell County,20089,0.161838126213376,1125.1788,39.7847206,-98.21822331
Gubernatorial,Kansas,State,Kansas,Holscher (D),Masterson (R),Johnson County,20091,0.591235770688188,245776.6044,38.88370015,-94.82256945
Gubernatorial,Kansas,State,Kansas,Holscher (D),Masterson (R),Kearny County,20093,0.198702389283516,927.2172,38.00024973,-101.3203923
Gubernatorial,Kansas,State,Kansas,Holscher (D),Masterson (R),Kingman County,20095,0.242469093358662,2818.0416,37.55911415,-98.13639393
Gubernatorial,Kansas,State,Kansas,Holscher (D),Masterson (R),Kiowa County,20097,0.186274341141182,794.7576,37.55841651,-99.28576492
Gubernatorial,Kansas,State,Kansas,Holscher (D),Masterson (R),Labette County,20099,0.353961315274596,5673.201,37.19127872,-95.29765463
Gubernatorial,Kansas,State,Kansas,Holscher (D),Masterson (R),Lane County,20101,0.183361806521331,596.796,38.48119447,-100.4660754
Gubernatorial,Kansas,State,Kansas,Holscher (D),Masterson (R),Leavenworth County,20103,0.43171070961804,26045.7786,39.19957457,-95.03795118
Gubernatorial,Kansas,State,Kansas,Holscher (D),Masterson (R),Lincoln County,20105,0.216573161224223,1079.3274,39.04547506,-98.20749
Gubernatorial,Kansas,State,Kansas,Holscher (D),Masterson (R),Linn County,20107,0.220625829555739,3600.4266,38.21238797,-94.84299061
Gubernatorial,Kansas,State,Kansas,Holscher (D),Masterson (R),Logan County,20109,0.18167016761809,996.3582,38.91735806,-101.148475
Gubernatorial,Kansas,State,Kansas,Holscher (D),Masterson (R),Lyon County,20111,0.472978614494912,9444.6606,38.45580918,-96.15280427
Gubernatorial,Kansas,State,Kansas,Holscher (D),Masterson (R),Marion County,20115,0.296907292350688,4178.2998,38.35899873,-97.09712874
Gubernatorial,Kansas,State,Kansas,Holscher (D),Masterson (R),Marshall County,20117,0.296500799222868,3529.1022,39.78357355,-96.52279918
Gubernatorial,Kansas,State,Kansas,Holscher (D),Masterson (R),McPherson County,20113,0.338593625768771,10070.5686,38.39187087,-97.64761598
Gubernatorial,Kansas,State,Kansas,Holscher (D),Masterson (R),Meade County,20119,0.195546729445829,1218.3372,37.23826363,-100.3655617
Gubernatorial,Kansas,State,Kansas,Holscher (D),Masterson (R),Miami County,20121,0.346588117001177,13337.6628,38.56363954,-94.83822279
Gubernatorial,Kansas,State,Kansas,Holscher (D),Masterson (R),Mitchell County,20123,0.216363299801569,2282.3808,39.39334518,-98.20900663
Gubernatorial,Kansas,State,Kansas,Holscher (D),Masterson (R),Montgomery County,20125,0.28807450617267,8894.4438,37.19252895,-95.74280727
Gubernatorial,Kansas,State,Kansas,Holscher (D),Masterson (R),Morris County,20127,0.310942707056813,1995.6276,38.68742242,-96.64983521
Gubernatorial,Kansas,State,Kansas,Holscher (D),Masterson (R),Morton County,20129,0.173957491324332,756.912,37.19140392,-101.7992367
Gubernatorial,Kansas,State,Kansas,Holscher (D),Masterson (R),Nemaha County,20131,0.208198009510819,4034.1954,39.78343169,-96.01393095
Gubernatorial,Kansas,State,Kansas,Holscher (D),Masterson (R),Neosho County,20133,0.30276536851549,4844.9646,37.5582728,-95.30682401
Gubernatorial,Kansas,State,Kansas,Holscher (D),Masterson (R),Ness County,20135,0.144697602038206,970.8852,38.47974157,-99.91547333
Gubernatorial,Kansas,State,Kansas,Holscher (D),Masterson (R),Norton County,20137,0.203292182665307,1621.5384,39.78448106,-99.90284946
Gubernatorial,Kansas,State,Kansas,Holscher (D),Masterson (R),Osage County,20139,0.301315400923195,5590.9596,38.65235984,-95.72707998
Gubernatorial,Kansas,State,Kansas,Holscher (D),Masterson (R),Osborne County,20141,0.198168565060723,1264.9164,39.3503437,-98.76753828
Gubernatorial,Kansas,State,Kansas,Holscher (D),Masterson (R),Ottawa County,20143,0.209297206675061,2147.7378,39.13237408,-97.65020313
Gubernatorial,Kansas,State,Kansas,Holscher (D),Masterson (R),Pawnee County,20145,0.285819392741028,1912.6584,38.18106307,-99.23682021
Gubernatorial,Kansas,State,Kansas,Holscher (D),Masterson (R),Phillips County,20147,0.171181661831904,1955.5986,39.78462799,-99.34669372
Gubernatorial,Kansas,State,Kansas,Holscher (D),Masterson (R),Pottawatomie County,20149,0.305019807463324,9610.599,39.37903349,-96.34276557
Gubernatorial,Kansas,State,Kansas,Holscher (D),Masterson (R),Pratt County,20151,0.286019904958602,2917.0224,37.6478469,-98.73915959
Gubernatorial,Kansas,State,Kansas,Holscher (D),Masterson (R),Rawlins County,20153,0.176463106147465,997.086,39.78524494,-101.07618
Gubernatorial,Kansas,State,Kansas,Holscher (D),Masterson (R),Reno County,20155,0.371998831541632,19214.6478,37.95303921,-98.08586348
Gubernatorial,Kansas,State,Kansas,Holscher (D),Masterson (R),Republic County,20157,0.213202460997963,1744.5366,39.8279368,-97.65034285
Gubernatorial,Kansas,State,Kansas,Holscher (D),Masterson (R),Rice County,20159,0.259642951323543,2836.9644,38.34721983,-98.20053402
Gubernatorial,Kansas,State,Kansas,Holscher (D),Masterson (R),Riley County,20161,0.557133672864482,17243.7654,39.29629774,-96.7350396
Gubernatorial,Kansas,State,Kansas,Holscher (D),Masterson (R),Rooks County,20163,0.187484362135376,1820.9556,39.35022485,-99.3248686
Gubernatorial,Kansas,State,Kansas,Holscher (D),Masterson (R),Rush County,20165,0.215190379715232,1149.1962,38.52275276,-99.30863983
Gubernatorial,Kansas,State,Kansas,Holscher (D),Masterson (R),Russell County,20167,0.235650273850448,2358.072,38.91467637,-98.76247878
Gubernatorial,Kansas,State,Kansas,Holscher (D),Masterson (R),Saline County,20169,0.38716185208658,16596.0234,38.78394989,-97.65012272
Gubernatorial,Kansas,State,Kansas,Holscher (D),Masterson (R),Scott County,20171,0.16659949183936,1521.8298,38.48220778,-100.9066618
Gubernatorial,Kansas,State,Kansas,Holscher (D),Masterson (R),Sedgwick County,20173,0.477700070152372,153292.1472,37.68448116,-97.46083703
Gubernatorial,Kansas,State,Kansas,Holscher (D),Masterson (R),Seward County,20175,0.34975659471704,3265.6386,37.19327656,-100.850601
Gubernatorial,Kansas,State,Kansas,Holscher (D),Masterson (R),Shawnee County,20177,0.550533074632171,58376.1102,39.04138192,-95.75652721
Gubernatorial,Kansas,State,Kansas,Holscher (D),Masterson (R),Sheridan County,20179,0.140984882752093,986.169,39.35018161,-100.4418259
Gubernatorial,Kansas,State,Kansas,Holscher (D),Masterson (R),Sherman County,20181,0.197208551287991,1848.612,39.35147377,-101.7197684
Gubernatorial,Kansas,State,Kansas,Holscher (D),Masterson (R),Smith County,20183,0.199894687040009,1437.405,39.78517466,-98.78566877
Gubernatorial,Kansas,State,Kansas,Holscher (D),Masterson (R),Stafford County,20185,0.221955397900147,1363.8972,38.03102509,-98.71763136
Gubernatorial,Kansas,State,Kansas,Holscher (D),Masterson (R),Stanton County,20187,0.224376320960953,474.5256,37.56304856,-101.7842716
Gubernatorial,Kansas,State,Kansas,Holscher (D),Masterson (R),Stevens County,20189,0.164339443167503,1313.679,37.19230822,-101.3119048
Gubernatorial,Kansas,State,Kansas,Holscher (D),Masterson (R),Sumner County,20191,0.292457595505727,7523.2686,37.2369258,-97.476759
Gubernatorial,Kansas,State,Kansas,Holscher (D),Masterson (R),Thomas County,20193,0.21364523144215,2622.9912,39.35107575,-101.0553705
Gubernatorial,Kansas,State,Kansas,Holscher (D),Masterson (R),Trego County,20195,0.186546305653044,1134.6402,38.91467218,-99.87284448
Gubernatorial,Kansas,State,Kansas,Holscher (D),Masterson (R),Wabaunsee County,20197,0.299059782650028,2736.528,38.95324678,-96.20480435
Gubernatorial,Kansas,State,Kansas,Holscher (D),Masterson (R),Wallace County,20199,0.11845665746984,537.1164,38.91690628,-101.7637347
Gubernatorial,Kansas,State,Kansas,Holscher (D),Masterson (R),Washington County,20201,0.196924121347187,1935.2202,39.78417855,-97.08751558
Gubernatorial,Kansas,State,Kansas,Holscher (D),Masterson (R),Wichita County,20203,0.174324170100102,616.4466,38.48178252,-101.3471509
Gubernatorial,Kansas,State,Kansas,Holscher (D),Masterson (R),Wilson County,20205,0.230712699544522,2577.1398,37.55937174,-95.74323255
Gubernatorial,Kansas,State,Kansas,Holscher (D),Masterson (R),Woodson County,20207,0.237639530535961,1082.2386,37.88668091,-95.74071995
Gubernatorial,Kansas,State,Kansas,Holscher (D),Masterson (R),Wyandotte County,20209,0.669178565050325,36248.079,39.11438143,-94.76482929
Gubernatorial,Maine,State,Maine,Pingree (D),Charles (R),Androscoggin County,23001,0.505919003318652,41938.7472,44.16543634,-70.20524042
Gubernatorial,Maine,State,Maine,Pingree (D),Charles (R),Aroostook County,23003,0.404074856731431,25579.2588,46.65913528,-68.5987449
Gubernatorial,Maine,State,Maine,Pingree (D),Charles (R),Cumberland County,23005,0.717966747955786,136779.093,43.83897334,-70.37661287
Gubernatorial,Maine,State,Maine,Pingree (D),Charles (R),Franklin County,23007,0.494940407932198,12699.3822,44.97424486,-70.44421037
Gubernatorial,Maine,State,Maine,Pingree (D),Charles (R),Hancock County,23009,0.597343264421752,25740.8304,44.64373173,-68.35862848
Gubernatorial,Maine,State,Maine,Pingree (D),Charles (R),Kennebec County,23011,0.522956336131787,51800.4372,44.40901704,-69.76757384
Gubernatorial,Maine,State,Maine,Pingree (D),Charles (R),Knox County,23013,0.632030169440564,18440.9964,44.12441708,-69.15278458
Gubernatorial,Maine,State,Maine,Pingree (D),Charles (R),Lincoln County,23015,0.594456169830257,17117.1282,44.06333351,-69.54198777
Gubernatorial,Maine,State,Maine,Pingree (D),Charles (R),Oxford County,23017,0.471388642479117,24740.1054,44.49924446,-70.75611419
Gubernatorial,Maine,State,Maine,Pingree (D),Charles (R),Penobscot County,23019,0.481443819390691,62141.7474,45.40038149,-68.64952115
Gubernatorial,Maine,State,Maine,Pingree (D),Charles (R),Piscataquis County,23021,0.388139842345593,7275.8166,45.83789196,-69.28442666
Gubernatorial,Maine,State,Maine,Pingree (D),Charles (R),Sagadahoc County,23023,0.622079910135208,17393.6922,43.95888365,-69.85358192
Gubernatorial,Maine,State,Maine,Pingree (D),Charles (R),Somerset County,23025,0.399480862677443,20349.288,45.51360259,-69.95882156
Gubernatorial,Maine,State,Maine,Pingree (D),Charles (R),Waldo County,23027,0.554316746405534,17813.6328,44.50136648,-69.14427892
Gubernatorial,Maine,State,Maine,Pingree (D),Charles (R),Washington County,23029,0.417748313943591,12928.6392,45.02177186,-67.62910779
Gubernatorial,Maine,State,Maine,Pingree (D),Charles (R),York County,23031,0.590007937405695,94517.2026,43.47829059,-70.7143165
Gubernatorial,Maryland,State,Maryland,Moore* (D),Cox (R),Allegany County,24001,0.319303978808294,22832.5416,39.62117263,-78.69871136
Gubernatorial,Maryland,State,Maryland,Moore* (D),Cox (R),Anne Arundel County,24003,0.593118883713091,218949.1686,39.0057724,-76.60335105
Gubernatorial,Maryland,State,Maryland,Moore* (D),Cox (R),Baltimore County,24005,0.65319794726182,290769.2004,39.4596552,-76.63603021
Gubernatorial,Maryland,State,Maryland,Moore* (D),Cox (R),Baltimore,24510,0.903992439047827,162367.0854,39.30522045,-76.61440436
Gubernatorial,Maryland,State,Maryland,Moore* (D),Cox (R),Calvert County,24009,0.459663326918254,38427.1122,38.5437742,-76.56882392
Gubernatorial,Maryland,State,Maryland,Moore* (D),Cox (R),Caroline County,24011,0.329447645154988,11581.4814,38.87198968,-75.83180727
Gubernatorial,Maryland,State,Maryland,Moore* (D),Cox (R),Carroll County,24013,0.401216581192641,72154.092,39.56320174,-77.02256972
Gubernatorial,Maryland,State,Maryland,Moore* (D),Cox (R),Cecil County,24015,0.369825572400952,37480.9722,39.57067423,-75.94133759
Gubernatorial,Maryland,State,Maryland,Moore* (D),Cox (R),Charles County,24017,0.709551912012194,65210.1522,38.50706766,-76.9921999
Gubernatorial,Maryland,State,Maryland,Moore* (D),Cox (R),Dorchester County,24019,0.430364445537315,11895.1632,38.46896686,-76.02355952
Gubernatorial,Maryland,State,Maryland,Moore* (D),Cox (R),Frederick County,24021,0.55556328431179,110015.7036,39.4720692,-77.3978074
Gubernatorial,Maryland,State,Maryland,Moore* (D),Cox (R),Garrett County,24023,0.233207267502967,11236.5042,39.52849306,-79.27376451
Gubernatorial,Maryland,State,Maryland,Moore* (D),Cox (R),Harford County,24025,0.451935944749502,105897.0834,39.56126248,-76.31717004
Gubernatorial,Maryland,State,Maryland,Moore* (D),Cox (R),Howard County,24027,0.727209639199211,126774.7542,39.25078653,-76.93099926
Gubernatorial,Maryland,State,Maryland,Moore* (D),Cox (R),Kent County,24029,0.524455361059147,7868.9736,39.25416924,-76.0404081
Gubernatorial,Maryland,State,Maryland,Moore* (D),Cox (R),Montgomery County,24031,0.800723018934081,363330.8604,39.13634899,-77.20428439
Gubernatorial,Maryland,State,Maryland,Moore* (D),Cox (R),Prince George's County,24033,0.909747154852884,285331.0788,38.8299677,-76.84739072
Gubernatorial,Maryland,State,Maryland,Moore* (D),Cox (R),Queen Anne's County,24035,0.393764758255746,22906.0494,39.06631908,-76.0237387
Gubernatorial,Maryland,State,Maryland,Moore* (D),Cox (R),St. Mary's County,24039,0.419687334546658,41566.8414,38.11381821,-75.75887041
Gubernatorial,Maryland,State,Maryland,Moore* (D),Cox (R),Somerset County,24037,0.393428144497578,7175.3802,38.3016848,-76.60613989
Gubernatorial,Maryland,State,Maryland,Moore* (D),Cox (R),Talbot County,24041,0.527870447143831,16189.1832,38.77026257,-76.10341962
Gubernatorial,Maryland,State,Maryland,Moore* (D),Cox (R),Washington County,24043,0.39652922220499,51902.3292,39.60413752,-77.81329014
Gubernatorial,Maryland,State,Maryland,Moore* (D),Cox (R),Wicomico County,24045,0.478815000453091,33171.6684,38.37287229,-75.62218411
Gubernatorial,Maryland,State,Maryland,Moore* (D),Cox (R),Worcester County,24047,0.398972146832403,23335.4514,38.212837,-75.33389427
Gubernatorial,Massachusetts,State,Massachusetts,Healey* (D),Minogue (R),Barnstable County,25001,0.597719909308297,105953.124,41.7232979,-70.2898624
Gubernatorial,Massachusetts,State,Massachusetts,Healey* (D),Minogue (R),Berkshire County,25003,0.711397728352359,48689.0922,42.37045737,-73.2062907
Gubernatorial,Massachusetts,State,Massachusetts,Healey* (D),Minogue (R),Bristol County,25005,0.52830367180366,197948.4996,41.79709525,-71.11419448
Gubernatorial,Massachusetts,State,Massachusetts,Healey* (D),Minogue (R),Dukes County,25007,0.770378159735948,8647.7196,41.39790643,-70.65382633
Gubernatorial,Massachusetts,State,Massachusetts,Healey* (D),Minogue (R),Essex County,25009,0.614274497220956,285268.488,42.67174524,-70.9515844
Gubernatorial,Massachusetts,State,Massachusetts,Healey* (D),Minogue (R),Franklin County,25011,0.702845629874542,29645.4774,42.58309231,-72.59174125
Gubernatorial,Massachusetts,State,Massachusetts,Healey* (D),Minogue (R),Hampden County,25013,0.545937901793755,148042.5258,42.13509064,-72.63119338
Gubernatorial,Massachusetts,State,Massachusetts,Healey* (D),Minogue (R),Hampshire County,25015,0.719428359447817,59587.1694,42.34022511,-72.66378659
Gubernatorial,Massachusetts,State,Massachusetts,Healey* (D),Minogue (R),Middlesex County,25017,0.704008712773905,574662.8742,42.48584344,-71.39262102
Gubernatorial,Massachusetts,State,Massachusetts,Healey* (D),Minogue (R),Nantucket County,25019,0.674310122158909,5061.849,41.28422779,-70.07344074
Gubernatorial,Massachusetts,State,Massachusetts,Healey* (D),Minogue (R),Norfolk County,25021,0.645811431068294,273077.1102,42.1624614,-71.20690516
Gubernatorial,Massachusetts,State,Massachusetts,Healey* (D),Minogue (R),Plymouth County,25023,0.540010533725394,213613.6668,41.95331777,-70.81296132
Gubernatorial,Massachusetts,State,Massachusetts,Healey* (D),Minogue (R),Suffolk County,25025,0.785381390211145,210159.528,42.33340065,-71.07033478
Gubernatorial,Massachusetts,State,Massachusetts,Healey* (D),Minogue (R),Worcester County,25027,0.555089927472325,298020.9996,42.35111931,-71.90780992
Gubernatorial,Michigan,State,Michigan,Benson (D),James (R),Alcona County,26001,0.343763494431034,5383.5366,44.68477825,-83.59385271
Gubernatorial,Michigan,State,Michigan,Benson (D),James (R),Alger County,26003,0.454187321279361,3778.0098,46.40902031,-86.60408109
Gubernatorial,Michigan,State,Michigan,Benson (D),James (R),Allegan County,26005,0.416341749857761,51559.5354,42.59147142,-85.88845897
Gubernatorial,Michigan,State,Michigan,Benson (D),James (R),Alpena County,26007,0.409529056468808,12376.239,45.03457851,-83.62606894
Gubernatorial,Michigan,State,Michigan,Benson (D),James (R),Antrim County,26009,0.434158296500625,12133.1538,44.99904124,-85.14135875
Gubernatorial,Michigan,State,Michigan,Benson (D),James (R),Arenac County,26011,0.348893474977051,6580.0398,44.0651223,-83.89498203
Gubernatorial,Michigan,State,Michigan,Benson (D),James (R),Baraga County,26013,0.403179774867504,3105.5226,46.66237725,-88.36559186
Gubernatorial,Michigan,State,Michigan,Benson (D),James (R),Barry County,26015,0.3801845233674,27686.2398,42.59513984,-85.30834519
Gubernatorial,Michigan,State,Michigan,Benson (D),James (R),Bay County,26017,0.479942908626244,44074.8402,43.70716549,-83.99005144
Gubernatorial,Michigan,State,Michigan,Benson (D),James (R),Benzie County,26019,0.510472797925521,9224.865,44.63910932,-86.01505847
Gubernatorial,Michigan,State,Michigan,Benson (D),James (R),Berrien County,26021,0.514528088966556,60624.2844,41.95468812,-86.41252941
Gubernatorial,Michigan,State,Michigan,Benson (D),James (R),Branch County,26023,0.339200985305192,15108.4002,41.91588904,-85.05923475
Gubernatorial,Michigan,State,Michigan,Benson (D),James (R),Calhoun County,26025,0.483311650900754,49194.9132,42.24636617,-85.00508394
Gubernatorial,Michigan,State,Michigan,Benson (D),James (R),Cass County,26027,0.38289105984171,20054.529,41.91545547,-85.99403741
Gubernatorial,Michigan,State,Michigan,Benson (D),James (R),Charlevoix County,26029,0.468553681663659,12649.164,45.30562797,-85.12921505
Gubernatorial,Michigan,State,Michigan,Benson (D),James (R),Cheboygan County,26031,0.396702017597946,11787.4488,45.44701265,-84.50065611
Gubernatorial,Michigan,State,Michigan,Benson (D),James (R),Chippewa County,26033,0.431071039337114,13133.151,46.30032406,-84.56284345
Gubernatorial,Michigan,State,Michigan,Benson (D),James (R),Clare County,26035,0.363814601701695,12405.351,43.9879198,-84.84810751
Gubernatorial,Michigan,State,Michigan,Benson (D),James (R),Clinton County,26037,0.510748557622681,35808.4878,42.9439517,-84.60138451
Gubernatorial,Michigan,State,Michigan,Benson (D),James (R),Crawford County,26039,0.383446857446088,6088.047,44.68323123,-84.61024859
Gubernatorial,Michigan,State,Michigan,Benson (D),James (R),Delta County,26041,0.400384421363995,15699.3738,45.91736311,-86.92347486
Gubernatorial,Michigan,State,Michigan,Benson (D),James (R),Dickinson County,26043,0.370159279056853,10980.3186,46.00907005,-87.87011459
Gubernatorial,Michigan,State,Michigan,Benson (D),James (R),Eaton County,26045,0.53851200807812,46694.1924,42.59599185,-84.83740035
Gubernatorial,Michigan,State,Michigan,Benson (D),James (R),Emmet County,26047,0.499717365962325,16353.666,45.51996676,-84.89116957
Gubernatorial,Michigan,State,Michigan,Benson (D),James (R),Genesee County,26049,0.575748268213425,160096.3494,43.02216976,-83.70652806
Gubernatorial,Michigan,State,Michigan,Benson (D),James (R),Gladwin County,26051,0.348447874482721,11142.618,43.99062122,-84.38860114
Gubernatorial,Michigan,State,Michigan,Benson (D),James (R),Gogebic County,26053,0.467866886932477,5959.2264,46.40885281,-89.69437271
Gubernatorial,Michigan,State,Michigan,Benson (D),James (R),Grand Traverse County,26055,0.545681396281736,44950.3836,44.66916098,-85.56013503
Gubernatorial,Michigan,State,Michigan,Benson (D),James (R),Gratiot County,26057,0.395793349033064,14247.4128,43.29296993,-84.60482908
Gubernatorial,Michigan,State,Michigan,Benson (D),James (R),Hillsdale County,26059,0.294194226047379,17835.4668,41.88768696,-84.59305475
Gubernatorial,Michigan,State,Michigan,Benson (D),James (R),Houghton County,26061,0.467897371366656,13873.3236,46.89801075,-88.68742993
Gubernatorial,Michigan,State,Michigan,Benson (D),James (R),Huron County,26063,0.34902652699456,13643.3388,43.83293286,-83.03116796
Gubernatorial,Michigan,State,Michigan,Benson (D),James (R),Ingham County,26065,0.70599451555935,105608.1468,42.59737278,-84.37346607
Gubernatorial,Michigan,State,Michigan,Benson (D),James (R),Ionia County,26067,0.392733117529003,24393.6726,42.94502238,-85.07413319
Gubernatorial,Michigan,State,Michigan,Benson (D),James (R),Iosco County,26069,0.399253457312721,11280.1722,44.35578542,-83.63669002
Gubernatorial,Michigan,State,Michigan,Benson (D),James (R),Iron County,26071,0.406084791808906,5052.3876,46.20865908,-88.53028044
Gubernatorial,Michigan,State,Michigan,Benson (D),James (R),Isabella County,26073,0.516393651321032,22074.9018,43.64060976,-84.84664923
Gubernatorial,Michigan,State,Michigan,Benson (D),James (R),Jackson County,26075,0.446330739258758,60077.7066,42.24852059,-84.42251355
Gubernatorial,Michigan,State,Michigan,Benson (D),James (R),Kalamazoo County,26077,0.644663204399829,104200.5816,42.24536002,-85.53044157
Gubernatorial,Michigan,State,Michigan,Benson (D),James (R),Kalkaska County,26079,0.336799599193893,8264.169,44.68488514,-85.0904614
Gubernatorial,Michigan,State,Michigan,Benson (D),James (R),Kent County,26081,0.581754029134197,265929.3864,43.03204611,-85.54918115
Gubernatorial,Michigan,State,Michigan,Benson (D),James (R),Keweenaw County,26083,0.489513765364975,1154.2908,47.62662557,-88.43593439
Gubernatorial,Michigan,State,Michigan,Benson (D),James (R),Lake County,26085,0.391357766523773,4964.3238,43.99041242,-85.80209274
Gubernatorial,Michigan,State,Michigan,Benson (D),James (R),Lapeer County,26087,0.352944303252579,39836.8608,43.09052506,-83.22153148
Gubernatorial,Michigan,State,Michigan,Benson (D),James (R),Leelanau County,26089,0.593760957827143,12693.5598,44.93943424,-85.81220561
Gubernatorial,Michigan,State,Michigan,Benson (D),James (R),Lenawee County,26091,0.437627525745261,39483.15,41.89469406,-84.06641246
Gubernatorial,Michigan,State,Michigan,Benson (D),James (R),Livingston County,26093,0.433151939273455,95138.016,42.60389287,-83.9117077
Gubernatorial,Michigan,State,Michigan,Benson (D),James (R),Luce County,26095,0.316110642514343,2139.0042,46.4704998,-85.54389048
Gubernatorial,Michigan,State,Michigan,Benson (D),James (R),Mackinac County,26097,0.428530574978812,5204.4978,46.07858665,-85.07704103
Gubernatorial,Michigan,State,Michigan,Benson (D),James (R),Macomb County,26099,0.484723392219898,363635.8086,42.69584067,-82.93255517
Gubernatorial,Michigan,State,Michigan,Benson (D),James (R),Manistee County,26101,0.473464789305025,10958.4846,44.33345321,-86.05635345
Gubernatorial,Michigan,State,Michigan,Benson (D),James (R),Marquette County,26103,0.598905812048735,27892.935,46.43139896,-87.64138782
Gubernatorial,Michigan,State,Michigan,Benson (D),James (R),Mason County,26105,0.446132579131645,12957.0234,43.99535369,-86.25017381
Gubernatorial,Michigan,State,Michigan,Benson (D),James (R),Mecosta County,26107,0.40181164766759,16108.3974,43.64070731,-85.32464875
Gubernatorial,Michigan,State,Michigan,Benson (D),James (R),Menominee County,26109,0.384302791133834,9390.8034,45.58036988,-87.55660994
Gubernatorial,Michigan,State,Michigan,Benson (D),James (R),Midland County,26111,0.477230116192255,36023.9166,43.64674881,-84.38804837
Gubernatorial,Michigan,State,Michigan,Benson (D),James (R),Missaukee County,26113,0.270304316580017,6558.2058,44.33770935,-85.09471001
Gubernatorial,Michigan,State,Michigan,Benson (D),James (R),Monroe County,26115,0.416814978111702,65521.6506,41.92832154,-83.53769332
Gubernatorial,Michigan,State,Michigan,Benson (D),James (R),Montcalm County,26117,0.356607744484156,24973.7292,43.31058414,-85.15230226
Gubernatorial,Michigan,State,Michigan,Benson (D),James (R),Montmorency County,26119,0.324572873459069,4585.8678,45.02758285,-84.12740152
Gubernatorial,Michigan,State,Michigan,Benson (D),James (R),Muskegon County,26121,0.545364752325422,68239.2558,43.2913812,-86.1519783
Gubernatorial,Michigan,State,Michigan,Benson (D),James (R),Newaygo County,26123,0.33716624312961,20932.2558,43.5544124,-85.80070154
Gubernatorial,Michigan,State,Michigan,Benson (D),James (R),Oakland County,26125,0.608416427793482,551170.218,42.66090645,-83.38594391
Gubernatorial,Michigan,State,Michigan,Benson (D),James (R),Oceana County,26127,0.401982989308489,10649.1696,43.64097781,-86.26734566
Gubernatorial,Michigan,State,Michigan,Benson (D),James (R),Ogemaw County,26129,0.341685083374843,9066.2046,44.33486043,-84.12710722
Gubernatorial,Michigan,State,Michigan,Benson (D),James (R),Ontonagon County,26131,0.400712293094422,2759.8176,46.66430808,-89.31491201
Gubernatorial,Michigan,State,Michigan,Benson (D),James (R),Osceola County,26133,0.310993848759545,9435.927,43.98998373,-85.32556471
Gubernatorial,Michigan,State,Michigan,Benson (D),James (R),Oscoda County,26135,0.330090547097926,3733.614,44.68170135,-84.12938765
Gubernatorial,Michigan,State,Michigan,Benson (D),James (R),Otsego County,26137,0.375320785107827,11459.211,45.02079452,-84.59972828
Gubernatorial,Michigan,State,Michigan,Benson (D),James (R),Ottawa County,26139,0.450694489393614,127937.0508,42.95990607,-85.9964531
Gubernatorial,Michigan,State,Michigan,Benson (D),James (R),Presque Isle County,26141,0.407316154118732,6261.9912,45.34035915,-83.91721501
Gubernatorial,Michigan,State,Michigan,Benson (D),James (R),Roscommon County,26143,0.38774834947798,11551.6416,44.33547916,-84.61141537
Gubernatorial,Michigan,State,Michigan,Benson (D),James (R),Saginaw County,26145,0.537874477120184,74546.3706,43.33526107,-84.0526996
Gubernatorial,Michigan,State,Michigan,Benson (D),James (R),St. Clair County,26151,0.37871769733704,69229.0638,43.4237632,-82.82063341
Gubernatorial,Michigan,State,Michigan,Benson (D),James (R),St. Joseph County,26153,0.382025897709963,21000.669,46.19666734,-86.19985664
Gubernatorial,Michigan,State,Michigan,Benson (D),James (R),Sanilac County,26155,0.313041035848923,16766.3286,42.95402135,-84.14662058
Gubernatorial,Michigan,State,Michigan,Benson (D),James (R),Schoolcraft County,26147,0.392348048457845,3513.0906,42.93188855,-82.68083292
Gubernatorial,Michigan,State,Michigan,Benson (D),James (R),Shiawassee County,26149,0.437324719129925,29150.5734,41.91439741,-85.52810068
Gubernatorial,Michigan,State,Michigan,Benson (D),James (R),Tuscola County,26157,0.336789011182618,22071.2628,43.46515989,-83.41747147
Gubernatorial,Michigan,State,Michigan,Benson (D),James (R),Van Buren County,26159,0.477674208719961,29535.5796,42.25166438,-86.01839482
Gubernatorial,Michigan,State,Michigan,Benson (D),James (R),Washtenaw County,26161,0.782026047888913,157201.8888,42.25344402,-83.83879891
Gubernatorial,Michigan,State,Michigan,Benson (D),James (R),Wayne County,26163,0.704701845032855,601084.1976,42.28172038,-83.28221321
Gubernatorial,Michigan,State,Michigan,Benson (D),James (R),Wexford County,26165,0.378758811246325,13967.9376,44.33841768,-85.5781774
Gubernatorial,Minnesota,State,Minnesota,Klohuchar (D),Demuth (R),Aitkin County,27001,0.368473031935565,7470.867,46.60787445,-93.4156134
Gubernatorial,Minnesota,State,Minnesota,Klohuchar (D),Demuth (R),Anoka County,27003,0.50243072534533,148937.7198,45.27314304,-93.24708307
Gubernatorial,Minnesota,State,Minnesota,Klohuchar (D),Demuth (R),Becker County,27005,0.356939984763376,14116.4088,46.93523736,-95.67483556
Gubernatorial,Minnesota,State,Minnesota,Klohuchar (D),Demuth (R),Beltrami County,27007,0.496368940615879,17751.7698,47.97364569,-94.93765473
Gubernatorial,Minnesota,State,Minnesota,Klohuchar (D),Demuth (R),Benton County,27009,0.342213154282348,16261.9632,45.69827623,-93.9984359
Gubernatorial,Minnesota,State,Minnesota,Klohuchar (D),Demuth (R),Big Stone County,27011,0.374445910084898,2008.728,45.42651259,-96.41134505
Gubernatorial,Minnesota,State,Minnesota,Klohuchar (D),Demuth (R),Blue Earth County,27013,0.518941463708575,25879.8402,44.03450234,-94.06697737
Gubernatorial,Minnesota,State,Minnesota,Klohuchar (D),Demuth (R),Brown County,27015,0.345888237701577,10384.2504,44.24201356,-94.727558
Gubernatorial,Minnesota,State,Minnesota,Klohuchar (D),Demuth (R),Carlton County,27017,0.512142032525152,14803.452,46.592321,-92.67716012
Gubernatorial,Minnesota,State,Minnesota,Klohuchar (D),Demuth (R),Carver County,27019,0.497618846631968,49093.749,44.82089558,-93.8027205
Gubernatorial,Minnesota,State,Minnesota,Klohuchar (D),Demuth (R),Cass County,27021,0.355723042650364,13871.1402,46.94877115,-94.32573065
Gubernatorial,Minnesota,State,Minnesota,Klohuchar (D),Demuth (R),Chippewa County,27023,0.351892044298874,4513.0878,45.0223965,-95.56698141
Gubernatorial,Minnesota,State,Minnesota,Klohuchar (D),Demuth (R),Chisago County,27025,0.365572940370734,25430.0598,45.5024111,-92.90829767
Gubernatorial,Minnesota,State,Minnesota,Klohuchar (D),Demuth (R),Clay County,27027,0.527601514542844,23352.1908,46.89214202,-96.49066248
Gubernatorial,Minnesota,State,Minnesota,Klohuchar (D),Demuth (R),Clearwater County,27029,0.271587073904337,3452.6832,47.57848837,-95.37844018
Gubernatorial,Minnesota,State,Minnesota,Klohuchar (D),Demuth (R),Cook County,27031,0.704203712465326,2589.5124,47.90304185,-90.53150846
Gubernatorial,Minnesota,State,Minnesota,Klohuchar (D),Demuth (R),Cottonwood County,27033,0.316026910782092,4266.3636,44.00720878,-95.18136404
Gubernatorial,Minnesota,State,Minnesota,Klohuchar (D),Demuth (R),Crow Wing County,27035,0.365900425638929,30273.5688,46.48265818,-94.07070376
Gubernatorial,Minnesota,State,Minnesota,Klohuchar (D),Demuth (R),Dakota County,27037,0.590857464871663,184324.0836,44.67245057,-93.06556878
Gubernatorial,Minnesota,State,Minnesota,Klohuchar (D),Demuth (R),Dodge County,27039,0.361809079274702,8881.3434,44.02229546,-92.86236786
Gubernatorial,Minnesota,State,Minnesota,Klohuchar (D),Demuth (R),Douglas County,27041,0.34701615269632,17950.4592,45.93372693,-95.45422901
Gubernatorial,Minnesota,State,Minnesota,Klohuchar (D),Demuth (R),Faribault County,27043,0.334684957556819,5530.5522,43.67387282,-93.94781493
Gubernatorial,Minnesota,State,Minnesota,Klohuchar (D),Demuth (R),Fillmore County,27045,0.395440149546913,8827.4862,43.6739576,-92.08990525
Gubernatorial,Minnesota,State,Minnesota,Klohuchar (D),Demuth (R),Freeborn County,27047,0.417122404796025,11973.0378,43.67383179,-93.3488462
Gubernatorial,Minnesota,State,Minnesota,Klohuchar (D),Demuth (R),Goodhue County,27049,0.441281501228032,20518.1376,44.40972913,-92.72266089
Gubernatorial,Minnesota,State,Minnesota,Klohuchar (D),Demuth (R),Grant County,27051,0.368929597867418,2513.0934,45.93402352,-96.01216405
Gubernatorial,Minnesota,State,Minnesota,Klohuchar (D),Demuth (R),Hennepin County,27053,0.743374886908343,509426.5212,45.00479678,-93.47715121
Gubernatorial,Minnesota,State,Minnesota,Klohuchar (D),Demuth (R),Houston County,27055,0.441346756077097,8161.5492,43.67146528,-91.49277553
Gubernatorial,Minnesota,State,Minnesota,Klohuchar (D),Demuth (R),Hubbard County,27057,0.365073133003974,9712.491,47.10785166,-94.91640615
Gubernatorial,Minnesota,State,Minnesota,Klohuchar (D),Demuth (R),Isanti County,27059,0.315753366230502,18494.1258,45.56125565,-93.29470209
Gubernatorial,Minnesota,State,Minnesota,Klohuchar (D),Demuth (R),Itasca County,27061,0.422701880846194,19162.974,47.50907819,-93.63162349
Gubernatorial,Minnesota,State,Minnesota,Klohuchar (D),Demuth (R),Jackson County,27063,0.311065665306744,4024.734,43.67418723,-95.15400031
Gubernatorial,Minnesota,State,Minnesota,Klohuchar (D),Demuth (R),Kanabec County,27065,0.310195715551292,6940.3008,45.94534057,-93.29290464
Gubernatorial,Minnesota,State,Minnesota,Klohuchar (D),Demuth (R),Kandiyohi County,27067,0.367469478903257,16614.2184,45.15252304,-95.00576302
Gubernatorial,Minnesota,State,Minnesota,Klohuchar (D),Demuth (R),Kittson County,27069,0.397615355615607,1780.1988,48.77698427,-96.78256113
Gubernatorial,Minnesota,State,Minnesota,Klohuchar (D),Demuth (R),Koochiching County,27071,0.394791180544585,4853.6982,48.24510754,-93.78362729
Gubernatorial,Minnesota,State,Minnesota,Klohuchar (D),Demuth (R),Lac qui Parle County,27073,0.360888483381795,2848.6092,44.99583443,-96.1738058
Gubernatorial,Minnesota,State,Minnesota,Klohuchar (D),Demuth (R),Lake County,27075,0.544952868695606,4948.3122,47.64037177,-91.44445826
Gubernatorial,Minnesota,State,Minnesota,Klohuchar (D),Demuth (R),Lake of the Woods County,27077,0.286190426763464,1684.1292,48.77043756,-94.90489792
Gubernatorial,Minnesota,State,Minnesota,Klohuchar (D),Demuth (R),Le Sueur County,27079,0.354011203580282,12473.7642,44.37144158,-93.72984216
Gubernatorial,Minnesota,State,Minnesota,Klohuchar (D),Demuth (R),Lincoln County,27081,0.332570927272698,2301.3036,44.4123209,-96.26720134
Gubernatorial,Minnesota,State,Minnesota,Klohuchar (D),Demuth (R),Lyon County,27083,0.362918892136918,9231.4152,44.41338502,-95.83918761
Gubernatorial,Minnesota,State,Minnesota,Klohuchar (D),Demuth (R),Mahnomen County,27087,0.480778024401571,1557.492,47.32558784,-95.8091992
Gubernatorial,Minnesota,State,Minnesota,Klohuchar (D),Demuth (R),Marshall County,27089,0.262900299331397,3603.3378,48.35830232,-96.3692954
Gubernatorial,Minnesota,State,Minnesota,Klohuchar (D),Demuth (R),Martin County,27091,0.3239550573298,7724.1414,43.67430059,-94.55099667
Gubernatorial,Minnesota,State,Minnesota,Klohuchar (D),Demuth (R),McLeod County,27085,0.332085031587321,15114.9504,44.82372142,-94.27237288
Gubernatorial,Minnesota,State,Minnesota,Klohuchar (D),Demuth (R),Meeker County,27093,0.307910192296436,9786.7266,45.12332877,-94.52871063
Gubernatorial,Minnesota,State,Minnesota,Klohuchar (D),Demuth (R),Mille Lacs County,27095,0.317863267252138,10876.2432,45.9373852,-93.62993103
Gubernatorial,Minnesota,State,Minnesota,Klohuchar (D),Demuth (R),Morrison County,27097,0.240772390345668,14535.6216,46.01207437,-94.26690418
Gubernatorial,Minnesota,State,Minnesota,Klohuchar (D),Demuth (R),Mower County,27099,0.471836139683946,13543.6302,43.67138759,-92.75235164
Gubernatorial,Minnesota,State,Minnesota,Klohuchar (D),Demuth (R),Murray County,27101,0.309448622632367,3402.465,44.02216709,-95.76328482
Gubernatorial,Minnesota,State,Minnesota,Klohuchar (D),Demuth (R),Nicollet County,27103,0.522562676737133,13814.3718,44.34987456,-94.24751207
Gubernatorial,Minnesota,State,Minnesota,Klohuchar (D),Demuth (R),Nobles County,27105,0.344458017053526,5924.292,43.67428858,-95.75326093
Gubernatorial,Minnesota,State,Minnesota,Klohuchar (D),Demuth (R),Norman County,27107,0.410965291195344,2326.0488,47.32618622,-96.45566228
Gubernatorial,Minnesota,State,Minnesota,Klohuchar (D),Demuth (R),Olmsted County,27109,0.579658740297777,64474.3464,44.00380771,-92.40209709
Gubernatorial,Minnesota,State,Minnesota,Klohuchar (D),Demuth (R),Otter Tail County,27111,0.351361288301196,26221.1784,46.4090783,-95.70748857
Gubernatorial,Minnesota,State,Minnesota,Klohuchar (D),Demuth (R),Pennington County,27113,0.364155954298371,5236.521,48.0666771,-96.03627453
Gubernatorial,Minnesota,State,Minnesota,Klohuchar (D),Demuth (R),Pine County,27115,0.346545374708813,12090.9414,46.12071071,-92.74140502
Gubernatorial,Minnesota,State,Minnesota,Klohuchar (D),Demuth (R),Pipestone County,27117,0.280852365947875,3458.5056,44.02300689,-96.258643
Gubernatorial,Minnesota,State,Minnesota,Klohuchar (D),Demuth (R),Polk County,27119,0.353480416230595,11010.8862,47.77395991,-96.40222842
Gubernatorial,Minnesota,State,Minnesota,Klohuchar (D),Demuth (R),Pope County,27121,0.364110477094679,5149.185,45.58611957,-95.44454861
Gubernatorial,Minnesota,State,Minnesota,Klohuchar (D),Demuth (R),Ramsey County,27123,0.746806919469723,196834.9656,45.01747232,-93.09987304
Gubernatorial,Minnesota,State,Minnesota,Klohuchar (D),Demuth (R),Red Lake County,27125,0.335765613078103,1504.3626,47.87197525,-96.09561104
Gubernatorial,Minnesota,State,Minnesota,Klohuchar (D),Demuth (R),Redwood County,27127,0.305829486143116,5964.321,44.40365018,-95.25398841
Gubernatorial,Minnesota,State,Minnesota,Klohuchar (D),Demuth (R),Renville County,27129,0.314143931796475,5742.342,44.72672673,-94.94679511
Gubernatorial,Minnesota,State,Minnesota,Klohuchar (D),Demuth (R),Rice County,27131,0.512381710974637,25922.0526,44.35432778,-93.2965986
Gubernatorial,Minnesota,State,Minnesota,Klohuchar (D),Demuth (R),Rock County,27133,0.325644481415346,3839.145,43.67485346,-96.25305709
Gubernatorial,Minnesota,State,Minnesota,Klohuchar (D),Demuth (R),Roseau County,27135,0.275170547766057,6093.1416,48.77485638,-95.81112475
Gubernatorial,Minnesota,State,Minnesota,Klohuchar (D),Demuth (R),St. Louis County,27137,0.59505886391726,84715.92,47.60334656,-92.46951183
Gubernatorial,Minnesota,State,Minnesota,Klohuchar (D),Demuth (R),Scott County,27139,0.481883134789487,64083.5178,44.64850008,-93.53696693
Gubernatorial,Minnesota,State,Minnesota,Klohuchar (D),Demuth (R),Sherburne County,27141,0.347750625203579,41353.596,45.44403172,-93.77496918
Gubernatorial,Minnesota,State,Minnesota,Klohuchar (D),Demuth (R),Sibley County,27143,0.306222550156972,6088.047,44.5793954,-94.23165958
Gubernatorial,Minnesota,State,Minnesota,Klohuchar (D),Demuth (R),Stearns County,27145,0.388887351484748,61689.0558,45.55199481,-94.61299658
Gubernatorial,Minnesota,State,Minnesota,Klohuchar (D),Demuth (R),Steele County,27147,0.400317664282338,14841.2976,44.02240351,-93.22627088
Gubernatorial,Minnesota,State,Minnesota,Klohuchar (D),Demuth (R),Stevens County,27149,0.387670547766057,3668.112,45.58615985,-96.00022786
Gubernatorial,Minnesota,State,Minnesota,Klohuchar (D),Demuth (R),Swift County,27151,0.351511814405831,3608.4324,45.28288933,-95.68142474
Gubernatorial,Minnesota,State,Minnesota,Klohuchar (D),Demuth (R),Todd County,27153,0.253334540635932,9799.0992,46.07014445,-94.89728962
Gubernatorial,Minnesota,State,Minnesota,Klohuchar (D),Demuth (R),Traverse County,27155,0.363990071035069,1282.3836,45.77230328,-96.47144652
Gubernatorial,Minnesota,State,Minnesota,Klohuchar (D),Demuth (R),Wabasha County,27157,0.38163385190378,9638.9832,44.28428259,-92.23023021
Gubernatorial,Minnesota,State,Minnesota,Klohuchar (D),Demuth (R),Wadena County,27159,0.264635599494546,5768.5428,46.5856535,-94.9700148
Gubernatorial,Minnesota,State,Minnesota,Klohuchar (D),Demuth (R),Waseca County,27161,0.359618050715329,7403.1816,44.0220714,-93.58720505
Gubernatorial,Minnesota,State,Minnesota,Klohuchar (D),Demuth (R),Washington County,27163,0.570621799313507,120520.041,45.03911139,-92.88374367
Gubernatorial,Minnesota,State,Minnesota,Klohuchar (D),Demuth (R),Watonwan County,27165,0.383382605978115,3500.718,43.97823903,-94.61413846
Gubernatorial,Minnesota,State,Minnesota,Klohuchar (D),Demuth (R),Wilkin County,27167,0.326147348742858,2384.2728,46.35705832,-96.46820682
Gubernatorial,Minnesota,State,Minnesota,Klohuchar (D),Demuth (R),Winona County,27169,0.500204533877678,19808.5326,43.98683746,-91.77934467
Gubernatorial,Minnesota,State,Minnesota,Klohuchar (D),Demuth (R),Wright County,27171,0.375739258461451,64114.8132,45.1738141,-93.96334763
Gubernatorial,Minnesota,State,Minnesota,Klohuchar (D),Demuth (R),Yellow Medicine County,27173,0.318019582953344,3847.1508,44.71626059,-95.86888348
Gubernatorial,Nebraska,State,Nebraska,Walz (D),Pillen* (R),Adams County,31001,0.35954411020288,10318.0206,40.5244942,-98.50117804
Gubernatorial,Nebraska,State,Nebraska,Walz (D),Pillen* (R),Antelope County,31003,0.18057385872886,2494.8984,42.17696571,-98.06660249
Gubernatorial,Nebraska,State,Nebraska,Walz (D),Pillen* (R),Arthur County,31005,0.128516115743434,204.5118,41.56896142,-101.6959559
Gubernatorial,Nebraska,State,Nebraska,Walz (D),Pillen* (R),Banner County,31007,0.156863342887403,278.0196,41.54616353,-103.7109624
Gubernatorial,Nebraska,State,Nebraska,Walz (D),Pillen* (R),Blaine County,31009,0.194029143335401,208.8786,41.91311716,-99.97677845
Gubernatorial,Nebraska,State,Nebraska,Walz (D),Pillen* (R),Boone County,31011,0.234652043865916,2179.761,41.7067951,-98.06703102
Gubernatorial,Nebraska,State,Nebraska,Walz (D),Pillen* (R),Box Butte County,31013,0.299708614120263,3544.386,42.22084585,-103.0860173
Gubernatorial,Nebraska,State,Nebraska,Walz (D),Pillen* (R),Boyd County,31015,0.191039293621322,778.746,42.89966872,-98.76608585
Gubernatorial,Nebraska,State,Nebraska,Walz (D),Pillen* (R),Brown County,31017,0.20866919947842,1185.5862,42.43016331,-99.92949608
Gubernatorial,Nebraska,State,Nebraska,Walz (D),Pillen* (R),Buffalo County,31019,0.335308786991357,17066.91,40.85504881,-99.07510068
Gubernatorial,Nebraska,State,Nebraska,Walz (D),Pillen* (R),Burt County,31021,0.321473575256552,2630.997,41.85154682,-96.32857388
Gubernatorial,Nebraska,State,Nebraska,Walz (D),Pillen* (R),Butler County,31023,0.25388410727056,3310.0344,41.22599383,-97.13156172
Gubernatorial,Nebraska,State,Nebraska,Walz (D),Pillen* (R),Cass County,31025,0.379975014556876,11287.4502,40.90976087,-96.14069252
Gubernatorial,Nebraska,State,Nebraska,Walz (D),Pillen* (R),Cedar County,31027,0.20650999593124,3524.7354,42.59931244,-97.25275919
Gubernatorial,Nebraska,State,Nebraska,Walz (D),Pillen* (R),Chase County,31029,0.18745137722232,1347.8856,40.52371008,-101.6979407
Gubernatorial,Nebraska,State,Nebraska,Walz (D),Pillen* (R),Cherry County,31031,0.18143594567812,2209.6008,42.54499866,-101.1185272
Gubernatorial,Nebraska,State,Nebraska,Walz (D),Pillen* (R),Cheyenne County,31033,0.226654654685837,3259.8162,41.21970871,-102.9949509
Gubernatorial,Nebraska,State,Nebraska,Walz (D),Pillen* (R),Clay County,31035,0.235055821443908,2368.2612,40.52439441,-98.05126296
Gubernatorial,Nebraska,State,Nebraska,Walz (D),Pillen* (R),Colfax County,31037,0.279451004399368,2533.4718,41.57404386,-97.086359
Gubernatorial,Nebraska,State,Nebraska,Walz (D),Pillen* (R),Cuming County,31039,0.246580874664848,3204.5034,41.91637624,-96.78730772
Gubernatorial,Nebraska,State,Nebraska,Walz (D),Pillen* (R),Custer County,31041,0.206765770211245,4241.6184,41.39416503,-99.72614484
Gubernatorial,Nebraska,State,Nebraska,Walz (D),Pillen* (R),Dakota County,31043,0.367767146889407,4398.0954,42.39108493,-96.56465437
Gubernatorial,Nebraska,State,Nebraska,Walz (D),Pillen* (R),Dawes County,31045,0.341631060641565,2768.5512,42.72007965,-103.1354423
Gubernatorial,Nebraska,State,Nebraska,Walz (D),Pillen* (R),Dawson County,31047,0.28413054058818,6122.9814,40.86987625,-99.81946635
Gubernatorial,Nebraska,State,Nebraska,Walz (D),Pillen* (R),Deuel County,31049,0.195772617278975,723.4332,41.111546,-102.3338627
Gubernatorial,Nebraska,State,Nebraska,Walz (D),Pillen* (R),Dixon County,31051,0.266272369542872,2069.8632,42.49349461,-96.86826909
Gubernatorial,Nebraska,State,Nebraska,Walz (D),Pillen* (R),Dodge County,31053,0.383449137866715,11811.4662,41.57781563,-96.6539044
Gubernatorial,Nebraska,State,Nebraska,Walz (D),Pillen* (R),Douglas County,31055,0.605756658728336,196252.7256,41.29533784,-96.15494428
Gubernatorial,Nebraska,State,Nebraska,Walz (D),Pillen* (R),Dundy County,31057,0.17467397052704,673.215,40.17625316,-101.6878043
Gubernatorial,Nebraska,State,Nebraska,Walz (D),Pillen* (R),Fillmore County,31059,0.284648986627895,2166.6606,40.52458567,-97.59646937
Gubernatorial,Nebraska,State,Nebraska,Walz (D),Pillen* (R),Franklin County,31061,0.214151560357312,1155.0186,40.17637323,-98.95299529
Gubernatorial,Nebraska,State,Nebraska,Walz (D),Pillen* (R),Frontier County,31063,0.206468049918589,1017.4644,40.53024724,-100.3936643
Gubernatorial,Nebraska,State,Nebraska,Walz (D),Pillen* (R),Furnas County,31065,0.211957107558031,1747.4478,40.17646227,-99.91249504
Gubernatorial,Nebraska,State,Nebraska,Walz (D),Pillen* (R),Gage County,31067,0.376203482508407,7834.767,40.26183622,-96.68942195
Gubernatorial,Nebraska,State,Nebraska,Walz (D),Pillen* (R),Garden County,31069,0.205866424967876,808.5858,41.61911486,-102.3353283
Gubernatorial,Nebraska,State,Nebraska,Walz (D),Pillen* (R),Garfield County,31071,0.184780241326759,734.3502,41.91428955,-98.99111827
Gubernatorial,Nebraska,State,Nebraska,Walz (D),Pillen* (R),Gosper County,31073,0.237737136175847,807.858,40.51481965,-99.83020279
Gubernatorial,Nebraska,State,Nebraska,Walz (D),Pillen* (R),Grant County,31075,0.128818413823308,266.3748,41.91528587,-101.740701
Gubernatorial,Nebraska,State,Nebraska,Walz (D),Pillen* (R),Greeley County,31077,0.257792516701679,889.3716,41.56747021,-98.52144222
Gubernatorial,Nebraska,State,Nebraska,Walz (D),Pillen* (R),Hall County,31079,0.366574845301803,16391.5116,40.87261328,-98.50212614
Gubernatorial,Nebraska,State,Nebraska,Walz (D),Pillen* (R),Hamilton County,31081,0.265876962906469,3990.5274,40.87318318,-98.02280046
Gubernatorial,Nebraska,State,Nebraska,Walz (D),Pillen* (R),Harlan County,31083,0.239366295978141,1299.8508,40.17656663,-99.40436605
Gubernatorial,Nebraska,State,Nebraska,Walz (D),Pillen* (R),Hayes County,31085,0.125908866594169,357.3498,40.52447865,-101.0616334
Gubernatorial,Nebraska,State,Nebraska,Walz (D),Pillen* (R),Hitchcock County,31087,0.18959284523412,1034.2038,40.17616691,-101.0419762
Gubernatorial,Nebraska,State,Nebraska,Walz (D),Pillen* (R),Holt County,31089,0.19408352856718,3922.1142,42.45557846,-98.78376243
Gubernatorial,Nebraska,State,Nebraska,Walz (D),Pillen* (R),Hooker County,31091,0.22814797901107,308.5872,41.91586243,-101.1354293
Gubernatorial,Nebraska,State,Nebraska,Walz (D),Pillen* (R),Howard County,31093,0.260385384806689,2554.578,41.2200529,-98.5166499
Gubernatorial,Nebraska,State,Nebraska,Walz (D),Pillen* (R),Jefferson County,31095,0.327141257406487,2606.9796,40.17580816,-97.14261379
Gubernatorial,Nebraska,State,Nebraska,Walz (D),Pillen* (R),Johnson County,31097,0.372986274698243,1543.6638,40.39252282,-96.26520163
Gubernatorial,Nebraska,State,Nebraska,Walz (D),Pillen* (R),Kearney County,31099,0.263109021692439,2593.8792,40.50675437,-98.94803186
Gubernatorial,Nebraska,State,Nebraska,Walz (D),Pillen* (R),Keith County,31101,0.238831296947186,3018.1866,41.19906619,-101.6614388
Gubernatorial,Nebraska,State,Nebraska,Walz (D),Pillen* (R),Keya Paha County,31103,0.167340385118097,395.9232,42.87883323,-99.71213247
Gubernatorial,Nebraska,State,Nebraska,Walz (D),Pillen* (R),Kimball County,31105,0.207647642745315,1234.3488,41.19760039,-103.7149939
Gubernatorial,Nebraska,State,Nebraska,Walz (D),Pillen* (R),Knox County,31107,0.242420781334868,3187.0362,42.63684531,-97.89176183
Gubernatorial,Nebraska,State,Nebraska,Walz (D),Pillen* (R),Lancaster County,31109,0.592497139929856,112974.2106,40.78416865,-96.68776297
Gubernatorial,Nebraska,State,Nebraska,Walz (D),Pillen* (R),Lincoln County,31111,0.288371536907094,11834.028,41.04750134,-100.7452801
Gubernatorial,Nebraska,State,Nebraska,Walz (D),Pillen* (R),Logan County,31113,0.137201792993094,315.8652,41.56652317,-100.482244
Gubernatorial,Nebraska,State,Nebraska,Walz (D),Pillen* (R),Loup County,31115,0.233823461767054,310.7706,41.91371961,-99.45440415
Gubernatorial,Nebraska,State,Nebraska,Walz (D),Pillen* (R),Madison County,31119,0.265409609123605,11284.539,41.9166434,-97.60078361
Gubernatorial,Nebraska,State,Nebraska,Walz (D),Pillen* (R),McPherson County,31117,0.16027362574874,203.0562,41.56796544,-101.0603939
Gubernatorial,Nebraska,State,Nebraska,Walz (D),Pillen* (R),Merrick County,31121,0.237390386898124,3115.7118,41.16916952,-98.03760529
Gubernatorial,Nebraska,State,Nebraska,Walz (D),Pillen* (R),Morrill County,31123,0.216766517688207,1740.8976,41.7164533,-103.0105871
Gubernatorial,Nebraska,State,Nebraska,Walz (D),Pillen* (R),Nance County,31125,0.282076286654191,1320.2292,41.3972847,-97.99248173
Gubernatorial,Nebraska,State,Nebraska,Walz (D),Pillen* (R),Nemaha County,31127,0.333094840397598,2443.9524,40.38784773,-95.84990553
Gubernatorial,Nebraska,State,Nebraska,Walz (D),Pillen* (R),Nuckolls County,31129,0.234146565028603,1626.633,40.17636285,-98.04739392
Gubernatorial,Nebraska,State,Nebraska,Walz (D),Pillen* (R),Otoe County,31131,0.365063774607632,5905.3692,40.64856103,-96.1350641
Gubernatorial,Nebraska,State,Nebraska,Walz (D),Pillen* (R),Pawnee County,31133,0.283641729457605,996.3582,40.13139323,-96.23706382
Gubernatorial,Nebraska,State,Nebraska,Walz (D),Pillen* (R),Perkins County,31135,0.200797351497634,1026.9258,40.85082266,-101.6502998
Gubernatorial,Nebraska,State,Nebraska,Walz (D),Pillen* (R),Phelps County,31137,0.218970289910134,3577.8648,40.51115428,-99.41426701
Gubernatorial,Nebraska,State,Nebraska,Walz (D),Pillen* (R),Pierce County,31139,0.179456688264241,2813.6748,42.26434853,-97.60122773
Gubernatorial,Nebraska,State,Nebraska,Walz (D),Pillen* (R),Platte County,31141,0.244756003079053,11293.2726,41.57115154,-97.52073009
Gubernatorial,Nebraska,State,Nebraska,Walz (D),Pillen* (R),Polk County,31143,0.239108650927108,2035.6566,41.18687055,-97.56825226
Gubernatorial,Nebraska,State,Nebraska,Walz (D),Pillen* (R),Red Willow County,31145,0.229758432006216,3836.9616,40.17604429,-100.477247
Gubernatorial,Nebraska,State,Nebraska,Walz (D),Pillen* (R),Richardson County,31147,0.336162149054836,2835.5088,40.12499676,-95.71768995
Gubernatorial,Nebraska,State,Nebraska,Walz (D),Pillen* (R),Rock County,31149,0.17924134495174,604.074,42.42142393,-99.44982378
Gubernatorial,Nebraska,State,Nebraska,Walz (D),Pillen* (R),Saline County,31151,0.403218388054966,4067.6742,40.52415215,-97.14080062
Gubernatorial,Nebraska,State,Nebraska,Walz (D),Pillen* (R),Sarpy County,31153,0.498894591365132,72337.4976,41.11287068,-96.11218009
Gubernatorial,Nebraska,State,Nebraska,Walz (D),Pillen* (R),Saunders County,31155,0.328248798979642,9761.2536,41.22629371,-96.63733984
Gubernatorial,Nebraska,State,Nebraska,Walz (D),Pillen* (R),Scotts Bluff County,31157,0.31809234617994,10836.2142,41.85095717,-103.7084612
Gubernatorial,Nebraska,State,Nebraska,Walz (D),Pillen* (R),Seward County,31159,0.319390521304424,6590.229,40.8724014,-97.13966029
Gubernatorial,Nebraska,State,Nebraska,Walz (D),Pillen* (R),Sheridan County,31161,0.215775503417719,1793.2992,42.50454159,-102.4088866
Gubernatorial,Nebraska,State,Nebraska,Walz (D),Pillen* (R),Sherman County,31163,0.279932239225955,1216.8816,41.22045983,-98.97588642
Gubernatorial,Nebraska,State,Nebraska,Walz (D),Pillen* (R),Sioux County,31165,0.186470939132195,490.5372,42.48797315,-103.7588138
Gubernatorial,Nebraska,State,Nebraska,Walz (D),Pillen* (R),Stanton County,31167,0.223662596719126,2203.7784,41.9169835,-97.19394708
Gubernatorial,Nebraska,State,Nebraska,Walz (D),Pillen* (R),Thayer County,31169,0.255042759439767,2053.8516,40.17621044,-97.59506372
Gubernatorial,Nebraska,State,Nebraska,Walz (D),Pillen* (R),Thomas County,31171,0.174410536124022,285.2976,41.91358968,-100.5556632
Gubernatorial,Nebraska,State,Nebraska,Walz (D),Pillen* (R),Thurston County,31173,0.45377587367657,1530.5634,42.15819496,-96.54400362
Gubernatorial,Nebraska,State,Nebraska,Walz (D),Pillen* (R),Valley County,31175,0.239811579799107,1655.745,41.56723462,-98.98208511
Gubernatorial,Nebraska,State,Nebraska,Walz (D),Pillen* (R),Washington County,31177,0.341744430522198,9019.6254,41.53110052,-96.22188779
Gubernatorial,Nebraska,State,Nebraska,Walz (D),Pillen* (R),Wayne County,31179,0.312191480835873,2923.5726,42.20934475,-97.11926964
Gubernatorial,Nebraska,State,Nebraska,Walz (D),Pillen* (R),Webster County,31181,0.240040882803141,1270.011,40.17643706,-98.50021623
Gubernatorial,Nebraska,State,Nebraska,Walz (D),Pillen* (R),Wheeler County,31183,0.208097548519301,350.0718,41.91485543,-98.52795068
Gubernatorial,Nebraska,State,Nebraska,Walz (D),Pillen* (R),York County,31185,0.286357649179448,5008.7196,40.87272618,-97.59710186
Gubernatorial,Nevada,State,Nevada,Ford (D),Lombardo* (R),Carson City,32510,0.469455749372471,22014.4944,39.15108405,-119.7473502
Gubernatorial,Nevada,State,Nevada,Ford (D),Lombardo* (R),Churchill County,32001,0.272525104128578,9564.0198,39.58048345,-118.3362581
Gubernatorial,Nevada,State,Nevada,Ford (D),Lombardo* (R),Clark County,32003,0.555480059096382,737435.3442,36.21511541,-115.0146087
Gubernatorial,Nevada,State,Nevada,Ford (D),Lombardo* (R),Douglas County,32005,0.356308461468,25320.162,38.91213378,-119.6162086
Gubernatorial,Nevada,State,Nevada,Ford (D),Lombardo* (R),Elko County,32007,0.231011297587963,15999.9552,41.14601583,-115.3578839
Gubernatorial,Nevada,State,Nevada,Ford (D),Lombardo* (R),Esmeralda County,32009,0.191897972444777,326.7822,37.78456446,-117.632191
Gubernatorial,Nevada,State,Nevada,Ford (D),Lombardo* (R),Eureka County,32011,0.12071849404837,737.9892,39.98327398,-116.2694709
Gubernatorial,Nevada,State,Nevada,Ford (D),Lombardo* (R),Humboldt County,32013,0.24497377933974,5714.6856,41.4063802,-118.1118195
Gubernatorial,Nevada,State,Nevada,Ford (D),Lombardo* (R),Lander County,32015,0.197750122195946,1937.4036,39.93361994,-117.0390723
Gubernatorial,Nevada,State,Nevada,Ford (D),Lombardo* (R),Lincoln County,32017,0.163872772664556,1762.7316,37.64342469,-114.8771351
Gubernatorial,Nevada,State,Nevada,Ford (D),Lombardo* (R),Lyon County,32019,0.300734375318245,23882.757,39.01991047,-119.1886954
Gubernatorial,Nevada,State,Nevada,Ford (D),Lombardo* (R),Mineral County,32021,0.370478376872858,1629.5442,38.53880917,-118.4346446
Gubernatorial,Nevada,State,Nevada,Ford (D),Lombardo* (R),Nye County,32023,0.323849116246423,19290.339,38.04212846,-116.47176
Gubernatorial,Nevada,State,Nevada,Ford (D),Lombardo* (R),Pershing County,32027,0.257889818479825,1644.828,40.43952288,-118.4047657
Gubernatorial,Nevada,State,Nevada,Ford (D),Lombardo* (R),Storey County,32029,0.318799823470046,2198.6838,39.44660847,-119.5289865
Gubernatorial,Nevada,State,Nevada,Ford (D),Lombardo* (R),Washoe County,32031,0.538191208041184,187418.6892,40.66566815,-119.6643222
Gubernatorial,Nevada,State,Nevada,Ford (D),Lombardo* (R),White Pine County,32033,0.230327369958752,3090.9666,39.44238145,-114.9015438
Gubernatorial,New Hampshire,State,New Hampshire,Warmington (D),Ayotte* (R),Belknap County,33001,0.384149622736278,29282.3052,43.51832231,-71.4226598
Gubernatorial,New Hampshire,State,New Hampshire,Warmington (D),Ayotte* (R),Carroll County,33003,0.440583312793539,24925.6944,43.87378859,-71.20268868
Gubernatorial,New Hampshire,State,New Hampshire,Warmington (D),Ayotte* (R),Cheshire County,33005,0.51270892426881,32505.0036,42.91955278,-72.25111371
Gubernatorial,New Hampshire,State,New Hampshire,Warmington (D),Ayotte* (R),Coos County,33007,0.391831055498554,12446.1078,44.68948989,-71.30563958
Gubernatorial,New Hampshire,State,New Hampshire,Warmington (D),Ayotte* (R),Grafton County,33009,0.554700264944334,39957.6756,43.94073661,-71.82064764
Gubernatorial,New Hampshire,State,New Hampshire,Warmington (D),Ayotte* (R),Hillsborough County,33011,0.457636580177167,168000.2574,42.9153307,-71.71602867
Gubernatorial,New Hampshire,State,New Hampshire,Warmington (D),Ayotte* (R),Merrimack County,33013,0.477759650882521,66626.451,43.2975734,-71.68059329
Gubernatorial,New Hampshire,State,New Hampshire,Warmington (D),Ayotte* (R),Rockingham County,33015,0.432930830120323,145669.17,42.98749699,-71.12556353
Gubernatorial,New Hampshire,State,New Hampshire,Warmington (D),Ayotte* (R),Strafford County,33017,0.517707852225055,54974.373,43.29717653,-71.02927319
Gubernatorial,New Hampshire,State,New Hampshire,Warmington (D),Ayotte* (R),Sullivan County,33019,0.455908342109513,18050.1678,43.36150987,-72.22243767
Gubernatorial,New Mexico,State,New Mexico,Haaland (D),Hull (R),Bernalillo County,35001,0.642504060127765,220435.3362,35.05121905,-106.6705759
Gubernatorial,New Mexico,State,New Mexico,Haaland (D),Hull (R),Catron County,35003,0.280417281994535,1690.6794,33.91502948,-108.4054839
Gubernatorial,New Mexico,State,New Mexico,Haaland (D),Hull (R),Chaves County,35005,0.306700541138542,15891.513,33.36323485,-104.4668372
Gubernatorial,New Mexico,State,New Mexico,Haaland (D),Hull (R),Cibola County,35006,0.542547325214785,6376.2558,34.91240949,-107.9992972
Gubernatorial,New Mexico,State,New Mexico,Haaland (D),Hull (R),Colfax County,35007,0.462884483034948,4139.7264,36.60619925,-104.6468731
Gubernatorial,New Mexico,State,New Mexico,Haaland (D),Hull (R),Curry County,35009,0.317671186022868,10876.2432,34.57414777,-103.3468992
Gubernatorial,New Mexico,State,New Mexico,Haaland (D),Hull (R),De Baca County,35011,0.275550113355475,622.269,34.34266,-104.4120813
Gubernatorial,New Mexico,State,New Mexico,Haaland (D),Hull (R),Doña Ana County,35013,0.584553984243903,60793.8618,32.35265229,-106.8330858
Gubernatorial,New Mexico,State,New Mexico,Haaland (D),Hull (R),Eddy County,35015,0.251763709386144,16865.3094,32.47155056,-104.3041733
Gubernatorial,New Mexico,State,New Mexico,Haaland (D),Hull (R),Grant County,35017,0.560585192227642,10102.5918,32.73885662,-108.3823282
Gubernatorial,New Mexico,State,New Mexico,Haaland (D),Hull (R),Guadalupe County,35019,0.53829091142909,1385.7312,34.86315461,-104.7904138
Gubernatorial,New Mexico,State,New Mexico,Haaland (D),Hull (R),Harding County,35021,0.33579091142909,309.315,35.85799759,-103.820322
Gubernatorial,New Mexico,State,New Mexico,Haaland (D),Hull (R),Hidalgo County,35023,0.416728261979066,1342.791,31.91398466,-108.7148057
Gubernatorial,New Mexico,State,New Mexico,Haaland (D),Hull (R),Lea County,35025,0.222410111505546,15230.6706,32.79215735,-103.4124539
Gubernatorial,New Mexico,State,New Mexico,Haaland (D),Hull (R),Lincoln County,35027,0.338674591216795,7259.805,33.74510826,-105.4585461
Gubernatorial,New Mexico,State,New Mexico,Haaland (D),Hull (R),Los Alamos County,35028,0.690861786462192,8568.3894,35.86926339,-106.3065081
Gubernatorial,New Mexico,State,New Mexico,Haaland (D),Hull (R),Luna County,35029,0.437967247546468,5730.6972,32.18233304,-107.7498996
Gubernatorial,New Mexico,State,New Mexico,Haaland (D),Hull (R),McKinley County,35031,0.661174759883726,18249.585,35.58040415,-108.2616781
Gubernatorial,New Mexico,State,New Mexico,Haaland (D),Hull (R),Mora County,35033,0.622201210951104,1782.3822,36.00972846,-104.944561
Gubernatorial,New Mexico,State,New Mexico,Haaland (D),Hull (R),Otero County,35035,0.396739425017402,17248.1322,32.61323163,-105.7417441
Gubernatorial,New Mexico,State,New Mexico,Haaland (D),Hull (R),Quay County,35037,0.325648923599476,2638.275,35.10459783,-103.5493944
Gubernatorial,New Mexico,State,New Mexico,Haaland (D),Hull (R),Rio Arriba County,35039,0.633872800280788,11383.5198,36.50984697,-106.6929637
Gubernatorial,New Mexico,State,New Mexico,Haaland (D),Hull (R),Roosevelt County,35041,0.314313226763707,4735.7946,34.02127232,-103.4801987
Gubernatorial,New Mexico,State,New Mexico,Haaland (D),Hull (R),San Juan County,35045,0.372226565802191,37647.6384,36.50824605,-108.3206012
Gubernatorial,New Mexico,State,New Mexico,Haaland (D),Hull (R),San Miguel County,35047,0.677090526197735,7912.6416,35.48004639,-104.8156292
Gubernatorial,New Mexico,State,New Mexico,Haaland (D),Hull (R),Sandoval County,35043,0.564173623465196,56630.118,35.68909544,-106.8658272
Gubernatorial,New Mexico,State,New Mexico,Haaland (D),Hull (R),Santa Fe County,35049,0.784718274121254,59579.1636,35.50670942,-105.9759986
Gubernatorial,New Mexico,State,New Mexico,Haaland (D),Hull (R),Sierra County,35051,0.436337093726298,4224.879,33.13025321,-107.1925539
Gubernatorial,New Mexico,State,New Mexico,Haaland (D),Hull (R),Socorro County,35053,0.515637894998637,5120.073,34.00682919,-106.9307263
Gubernatorial,New Mexico,State,New Mexico,Haaland (D),Hull (R),Taos County,35055,0.77875735979987,11773.6206,36.57834262,-105.630976
Gubernatorial,New Mexico,State,New Mexico,Haaland (D),Hull (R),Torrance County,35057,0.339853620795297,5112.0672,34.64043207,-105.8505392
Gubernatorial,New Mexico,State,New Mexico,Haaland (D),Hull (R),Union County,35059,0.267229825456239,1182.675,36.48166105,-103.4710696
Gubernatorial,New Mexico,State,New Mexico,Haaland (D),Hull (R),Valencia County,35061,0.451224983913162,23774.3148,34.71536166,-106.8090108
Gubernatorial,New York,State,New York,Hochul* (D),Blakeman (R),Albany County,36001,0.646406062139377,107095.0422,42.59987237,-73.97341306
Gubernatorial,New York,State,New York,Hochul* (D),Blakeman (R),Allegany County,36003,0.29934025981531,14053.0902,42.25731952,-78.02730689
Gubernatorial,New York,State,New York,Hochul* (D),Blakeman (R),Bronx County,36005,0.800713486832131,261894.4632,40.85091824,-73.8615688
Gubernatorial,New York,State,New York,Hochul* (D),Blakeman (R),Broome County,36007,0.501050090672418,65432.859,42.16037158,-75.8198592
Gubernatorial,New York,State,New York,Hochul* (D),Blakeman (R),Cattaraugus County,36009,0.3532635214075,24752.478,42.24856064,-78.67903202
Gubernatorial,New York,State,New York,Hochul* (D),Blakeman (R),Cayuga County,36011,0.439251280548883,26385.6612,42.91811235,-76.55468471
Gubernatorial,New York,State,New York,Hochul* (D),Blakeman (R),Chautauqua County,36013,0.405438540656158,41202.9414,42.22817594,-79.36664149
Gubernatorial,New York,State,New York,Hochul* (D),Blakeman (R),Chemung County,36015,0.407792210926763,27243.7374,42.14122122,-76.75989461
Gubernatorial,New York,State,New York,Hochul* (D),Blakeman (R),Chenango County,36017,0.360163277943831,16354.3938,42.49352629,-75.61144344
Gubernatorial,New York,State,New York,Hochul* (D),Blakeman (R),Clinton County,36019,0.493652325700736,26000.655,44.74606721,-73.67828248
Gubernatorial,New York,State,New York,Hochul* (D),Blakeman (R),Columbia County,36021,0.59412121023947,25883.4792,42.25016297,-73.63186276
Gubernatorial,New York,State,New York,Hochul* (D),Blakeman (R),Cortland County,36023,0.479861930711928,16008.6888,42.59514578,-76.07049311
Gubernatorial,New York,State,New York,Hochul* (D),Blakeman (R),Delaware County,36025,0.408546985076691,16758.3228,42.19791446,-74.96687059
Gubernatorial,New York,State,New York,Hochul* (D),Blakeman (R),Dutchess County,36027,0.539478365983678,110459.6616,41.76513375,-73.74303603
Gubernatorial,New York,State,New York,Hochul* (D),Blakeman (R),Erie County,36029,0.57802132875888,330002.715,42.76409998,-78.73230753
Gubernatorial,New York,State,New York,Hochul* (D),Blakeman (R),Essex County,36031,0.509984570211995,13946.1036,44.11702035,-73.77248171
Gubernatorial,New York,State,New York,Hochul* (D),Blakeman (R),Franklin County,36033,0.457320272861525,14112.042,44.59274379,-74.30395769
Gubernatorial,New York,State,New York,Hochul* (D),Blakeman (R),Fulton County,36035,0.334728631658692,17396.6034,43.11377432,-74.42194258
Gubernatorial,New York,State,New York,Hochul* (D),Blakeman (R),Genesee County,36037,0.339831634435752,20643.3192,43.00056703,-78.19407819
Gubernatorial,New York,State,New York,Hochul* (D),Blakeman (R),Greene County,36039,0.433476903497136,18295.4364,42.27638026,-74.12279549
Gubernatorial,New York,State,New York,Hochul* (D),Blakeman (R),Hamilton County,36041,0.35191565749016,2499.2652,43.66134129,-74.49745908
Gubernatorial,New York,State,New York,Hochul* (D),Blakeman (R),Herkimer County,36043,0.320150679526818,20863.8426,43.41936241,-74.96255405
Gubernatorial,New York,State,New York,Hochul* (D),Blakeman (R),Jefferson County,36045,0.363110514145745,31108.3554,44.04796973,-75.93125006
Gubernatorial,New York,State,New York,Hochul* (D),Blakeman (R),Kings County,36047,0.755602487161539,607879.6662,40.63562226,-73.93708255
Gubernatorial,New York,State,New York,Hochul* (D),Blakeman (R),Lewis County,36049,0.264435770377989,9427.1934,43.78465035,-75.44886742
Gubernatorial,New York,State,New York,Hochul* (D),Blakeman (R),Livingston County,36051,0.396181116081783,22509.3984,42.72855751,-77.77517835
Gubernatorial,New York,State,New York,Hochul* (D),Blakeman (R),Madison County,36053,0.446553115012851,24493.3812,42.91279676,-75.66993538
Gubernatorial,New York,State,New York,Hochul* (D),Blakeman (R),Monroe County,36055,0.600619898577088,262515.2766,43.14694904,-77.69595887
Gubernatorial,New York,State,New York,Hochul* (D),Blakeman (R),Montgomery County,36057,0.371703436828537,15023.2476,42.90217659,-74.43985937
Gubernatorial,New York,State,New York,Hochul* (D),Blakeman (R),Nassau County,36059,0.500020987555732,514220.5398,40.73761782,-73.58622623
Gubernatorial,New York,State,New York,Hochul* (D),Blakeman (R),New York County,36061,0.864782443283367,471398.2434,40.7721053,-73.97166722
Gubernatorial,New York,State,New York,Hochul* (D),Blakeman (R),Niagara County,36063,0.442920027549088,74320.0248,43.20013175,-78.7453209
Gubernatorial,New York,State,New York,Hochul* (D),Blakeman (R),Oneida County,36065,0.397682604563932,72854.2356,43.24167426,-75.4358883
Gubernatorial,New York,State,New York,Hochul* (D),Blakeman (R),Onondaga County,36067,0.596663947051545,165262.2738,43.0061269,-76.19460186
Gubernatorial,New York,State,New York,Hochul* (D),Blakeman (R),Ontario County,36069,0.498125420734341,43479.4998,42.85304122,-77.29986178
Gubernatorial,New York,State,New York,Hochul* (D),Blakeman (R),Orange County,36071,0.486951892821883,127502.5542,41.40198158,-74.30558896
Gubernatorial,New York,State,New York,Hochul* (D),Blakeman (R),Orleans County,36073,0.301871618394257,13118.595,43.25158537,-78.23141929
Gubernatorial,New York,State,New York,Hochul* (D),Blakeman (R),Oswego County,36075,0.385846240052016,39323.7618,43.42718293,-76.14177407
Gubernatorial,New York,State,New York,Hochul* (D),Blakeman (R),Otsego County,36077,0.461582816452235,20587.2786,42.63374775,-75.03243898
Gubernatorial,New York,State,New York,Hochul* (D),Blakeman (R),Putnam County,36079,0.450587152212561,40399.4502,41.42650368,-73.74940843
Gubernatorial,New York,State,New York,Hochul* (D),Blakeman (R),Queens County,36081,0.671575773654519,510850.098,40.70829859,-73.81734511
Gubernatorial,New York,State,New York,Hochul* (D),Blakeman (R),Rensselaer County,36083,0.516281755885837,56964.1782,42.71103722,-73.50952678
Gubernatorial,New York,State,New York,Hochul* (D),Blakeman (R),Richmond County,36085,0.381675431349355,143737.5888,40.58183643,-74.15390987
Gubernatorial,New York,State,New York,Hochul* (D),Blakeman (R),Rockland County,36087,0.481553342882284,108750.0594,41.15225744,-74.02389861
Gubernatorial,New York,State,New York,Hochul* (D),Blakeman (R),St. Lawrence County,36091,0.486560758389985,31971.5262,43.10743063,-73.86394518
Gubernatorial,New York,State,New York,Hochul* (D),Blakeman (R),Saratoga County,36093,0.549873487226526,94803.9558,42.81832249,-74.05833636
Gubernatorial,New York,State,New York,Hochul* (D),Blakeman (R),Schenectady County,36095,0.432327173786341,52189.0824,42.58814833,-74.44200509
Gubernatorial,New York,State,New York,Hochul* (D),Blakeman (R),Schoharie County,36097,0.386178563860734,11622.966,42.39369114,-76.8749143
Gubernatorial,New York,State,New York,Hochul* (D),Blakeman (R),Schuyler County,36099,0.435913618242814,6879.8934,42.78068586,-76.82362358
Gubernatorial,New York,State,New York,Hochul* (D),Blakeman (R),Seneca County,36089,0.414920503343456,10908.9942,44.49647794,-75.06907698
Gubernatorial,New York,State,New York,Hochul* (D),Blakeman (R),Steuben County,36101,0.34230239315513,32889.282,42.26788874,-77.3834881
Gubernatorial,New York,State,New York,Hochul* (D),Blakeman (R),Suffolk County,36103,0.46952740404604,552662.9358,40.87024178,-72.84423227
Gubernatorial,New York,State,New York,Hochul* (D),Blakeman (R),Sullivan County,36105,0.443250271636087,25425.693,41.71624399,-74.7681497
Gubernatorial,New York,State,New York,Hochul* (D),Blakeman (R),Tioga County,36107,0.38542285926618,17812.905,42.17034639,-76.3061895
Gubernatorial,New York,State,New York,Hochul* (D),Blakeman (R),Tompkins County,36109,0.775811457813993,33467.883,42.45222263,-76.47381763
Gubernatorial,New York,State,New York,Hochul* (D),Blakeman (R),Ulster County,36111,0.620896548107157,71118.4326,41.888126,-74.25878826
Gubernatorial,New York,State,New York,Hochul* (D),Blakeman (R),Warren County,36113,0.494730498622187,25986.099,43.56091887,-73.84603737
Gubernatorial,New York,State,New York,Hochul* (D),Blakeman (R),Washington County,36115,0.412862153865123,20736.4776,43.31320642,-73.430748
Gubernatorial,New York,State,New York,Hochul* (D),Blakeman (R),Wayne County,36117,0.384670452839809,32272.1076,43.15652579,-77.02965084
Gubernatorial,New York,State,New York,Hochul* (D),Blakeman (R),Westchester County,36119,0.654827203740456,331315.6662,41.16176335,-73.75591281
Gubernatorial,New York,State,New York,Hochul* (D),Blakeman (R),Wyoming County,36121,0.271956128313872,13858.0398,42.70226414,-78.2237766
Gubernatorial,New York,State,New York,Hochul* (D),Blakeman (R),Yates County,36123,0.415955943878781,7641.1722,42.63362823,-77.10558958
Gubernatorial,Ohio,State,Ohio,Acton (D),Ramaswamy (R),Adams County,39001,0.233974364015318,9000.7026,38.84544021,-83.47239908
Gubernatorial,Ohio,State,Ohio,Acton (D),Ramaswamy (R),Allen County,39003,0.341861709591594,33446.049,40.77151716,-84.10584177
Gubernatorial,Ohio,State,Ohio,Acton (D),Ramaswamy (R),Ashland County,39005,0.312142420835304,19219.0146,40.84592901,-82.27061922
Gubernatorial,Ohio,State,Ohio,Acton (D),Ramaswamy (R),Ashtabula County,39007,0.421181507198809,31296.1278,41.70753004,-80.74863402
Gubernatorial,Ohio,State,Ohio,Acton (D),Ramaswamy (R),Athens County,39009,0.618538649678896,18561.0834,39.3340326,-82.0451808
Gubernatorial,Ohio,State,Ohio,Acton (D),Ramaswamy (R),Auglaize County,39011,0.239004920993711,18507.954,40.56085701,-84.22168058
Gubernatorial,Ohio,State,Ohio,Acton (D),Ramaswamy (R),Belmont County,39013,0.326343738790987,22443.8964,40.01576203,-80.98861998
Gubernatorial,Ohio,State,Ohio,Acton (D),Ramaswamy (R),Brown County,39015,0.255129303457222,15521.0628,38.93410315,-83.86741596
Gubernatorial,Ohio,State,Ohio,Acton (D),Ramaswamy (R),Butler County,39017,0.431804994255271,132127.7232,39.43897921,-84.57607723
Gubernatorial,Ohio,State,Ohio,Acton (D),Ramaswamy (R),Carroll County,39019,0.288408144326556,9974.499,40.579572,-81.08973346
Gubernatorial,Ohio,State,Ohio,Acton (D),Ramaswamy (R),Champaign County,39021,0.308140367698591,14758.3284,40.13766698,-83.76966912
Gubernatorial,Ohio,State,Ohio,Acton (D),Ramaswamy (R),Clark County,39023,0.415285164263289,45305.55,39.91660044,-83.78354054
Gubernatorial,Ohio,State,Ohio,Acton (D),Ramaswamy (R),Clermont County,39025,0.383798101470232,82309.8132,39.04742036,-84.15193439
Gubernatorial,Ohio,State,Ohio,Acton (D),Ramaswamy (R),Clinton County,39027,0.289046807138812,15005.0526,39.41489655,-83.80825529
Gubernatorial,Ohio,State,Ohio,Acton (D),Ramaswamy (R),Columbiana County,39029,0.317397243888033,34694.9538,40.76853311,-80.77709087
Gubernatorial,Ohio,State,Ohio,Acton (D),Ramaswamy (R),Coshocton County,39031,0.301101582743284,11788.1766,40.30215268,-81.91980212
Gubernatorial,Ohio,State,Ohio,Acton (D),Ramaswamy (R),Crawford County,39033,0.29748841490589,14617.863,40.85061678,-82.91997484
Gubernatorial,Ohio,State,Ohio,Acton (D),Ramaswamy (R),Cuyahoga County,39035,0.722863152535159,415974.09,41.42426021,-81.6587538
Gubernatorial,Ohio,State,Ohio,Acton (D),Ramaswamy (R),Darke County,39037,0.235228397538711,19517.4126,40.13381861,-84.61945793
Gubernatorial,Ohio,State,Ohio,Acton (D),Ramaswamy (R),Defiance County,39039,0.363079934043025,13805.6382,41.3239854,-84.49071987
Gubernatorial,Ohio,State,Ohio,Acton (D),Ramaswamy (R),Delaware County,39041,0.531056565526341,96146.019,40.27841348,-83.00450275
Gubernatorial,Ohio,State,Ohio,Acton (D),Ramaswamy (R),Erie County,39043,0.492918915200378,28649.1192,41.37421463,-82.63799692
Gubernatorial,Ohio,State,Ohio,Acton (D),Ramaswamy (R),Fairfield County,39045,0.443030323119375,60912.4932,39.75164711,-82.63064275
Gubernatorial,Ohio,State,Ohio,Acton (D),Ramaswamy (R),Fayette County,39047,0.286542659344986,9082.2162,39.56023827,-83.4560853
Gubernatorial,Ohio,State,Ohio,Acton (D),Ramaswamy (R),Franklin County,39049,0.707804925566665,430383.0744,39.96927249,-83.0091231
Gubernatorial,Ohio,State,Ohio,Acton (D),Ramaswamy (R),Fulton County,39051,0.350582540772515,16205.9226,41.60183312,-84.12943991
Gubernatorial,Ohio,State,Ohio,Acton (D),Ramaswamy (R),Gallia County,39053,0.265166161053799,9392.9868,38.82476088,-82.31692618
Gubernatorial,Ohio,State,Ohio,Acton (D),Ramaswamy (R),Geauga County,39055,0.442745444408259,39627.2544,41.49972479,-81.17872133
Gubernatorial,Ohio,State,Ohio,Acton (D),Ramaswamy (R),Greene County,39057,0.46416524808905,64755.2772,39.69132786,-83.88969073
Gubernatorial,Ohio,State,Ohio,Acton (D),Ramaswamy (R),Guernsey County,39059,0.30213561530032,12713.2104,40.05191963,-81.49400106
Gubernatorial,Ohio,State,Ohio,Acton (D),Ramaswamy (R),Hamilton County,39061,0.639497250268287,295286.655,39.19557749,-84.54309843
Gubernatorial,Ohio,State,Ohio,Acton (D),Ramaswamy (R),Hancock County,39063,0.369961154184755,27306.3282,41.00178146,-83.66630827
Gubernatorial,Ohio,State,Ohio,Acton (D),Ramaswamy (R),Hardin County,39065,0.288456474209509,9296.9172,40.66129428,-83.65939867
Gubernatorial,Ohio,State,Ohio,Acton (D),Ramaswamy (R),Harrison County,39067,0.285683877389256,5125.8954,40.29356193,-81.09149874
Gubernatorial,Ohio,State,Ohio,Acton (D),Ramaswamy (R),Henry County,39069,0.328573487674677,10755.4284,41.3339642,-84.06830637
Gubernatorial,Ohio,State,Ohio,Acton (D),Ramaswamy (R),Highland County,39071,0.24588684172472,14467.2084,39.18468334,-83.60078719
Gubernatorial,Ohio,State,Ohio,Acton (D),Ramaswamy (R),Hocking County,39073,0.341098376313463,9740.1474,39.49712923,-82.47907934
Gubernatorial,Ohio,State,Ohio,Acton (D),Ramaswamy (R),Holmes County,39075,0.215824683346322,8906.8164,40.5614819,-81.93067102
Gubernatorial,Ohio,State,Ohio,Acton (D),Ramaswamy (R),Huron County,39077,0.342164774624675,19636.044,41.14651716,-82.59842269
Gubernatorial,Ohio,State,Ohio,Acton (D),Ramaswamy (R),Jackson County,39079,0.272257801750288,10336.2156,39.01971543,-82.61832518
Gubernatorial,Ohio,State,Ohio,Acton (D),Ramaswamy (R),Jefferson County,39081,0.342306629138611,22495.5702,40.38470042,-80.76113054
Gubernatorial,Ohio,State,Ohio,Acton (D),Ramaswamy (R),Knox County,39083,0.337765367376907,23151.318,40.39902351,-82.42287375
Gubernatorial,Ohio,State,Ohio,Acton (D),Ramaswamy (R),Lake County,39085,0.491963398486128,92727.5424,41.69689265,-81.23712921
Gubernatorial,Ohio,State,Ohio,Acton (D),Ramaswamy (R),Lawrence County,39087,0.309890467369634,19306.3506,38.59849502,-82.53675197
Gubernatorial,Ohio,State,Ohio,Acton (D),Ramaswamy (R),Licking County,39089,0.412897675524373,68552.2098,40.09170112,-82.48290477
Gubernatorial,Ohio,State,Ohio,Acton (D),Ramaswamy (R),Logan County,39091,0.280926350750805,16891.5102,40.3883971,-83.76526991
Gubernatorial,Ohio,State,Ohio,Acton (D),Ramaswamy (R),Lorain County,39093,0.53547293097418,114631.4112,41.29557931,-82.1511144
Gubernatorial,Ohio,State,Ohio,Acton (D),Ramaswamy (R),Lucas County,39095,0.627709622660257,137348.9604,41.62064794,-83.65545282
Gubernatorial,Ohio,State,Ohio,Acton (D),Ramaswamy (R),Madison County,39097,0.343693644148601,14883.51,39.89429692,-83.40012747
Gubernatorial,Ohio,State,Ohio,Acton (D),Ramaswamy (R),Mahoning County,39099,0.516901178124337,81429.903,41.01467607,-80.7763711
Gubernatorial,Ohio,State,Ohio,Acton (D),Ramaswamy (R),Marion County,39101,0.355690278988626,19738.6638,40.58744702,-83.1598587
Gubernatorial,Ohio,State,Ohio,Acton (D),Ramaswamy (R),Medina County,39103,0.439248033642559,77204.2962,41.11770589,-81.8998621
Gubernatorial,Ohio,State,Ohio,Acton (D),Ramaswamy (R),Meigs County,39105,0.277515515817633,7517.4462,39.08233336,-82.02295352
Gubernatorial,Ohio,State,Ohio,Acton (D),Ramaswamy (R),Mercer County,39107,0.228274197809989,17157.885,40.54030771,-84.62929783
Gubernatorial,Ohio,State,Ohio,Acton (D),Ramaswamy (R),Miami County,39109,0.336624126633248,42682.5588,40.05414393,-84.22868895
Gubernatorial,Ohio,State,Ohio,Acton (D),Ramaswamy (R),Monroe County,39111,0.262784480601727,4899.5496,39.72753365,-81.08267492
Gubernatorial,Ohio,State,Ohio,Acton (D),Ramaswamy (R),Montgomery County,39113,0.566709132753197,183647.9574,39.75442102,-84.29037841
Gubernatorial,Ohio,State,Ohio,Acton (D),Ramaswamy (R),Morgan County,39115,0.296196166178202,4896.6384,39.62071306,-81.85284727
Gubernatorial,Ohio,State,Ohio,Acton (D),Ramaswamy (R),Morrow County,39117,0.283475206596286,13616.4102,40.52405935,-82.79458938
Gubernatorial,Ohio,State,Ohio,Acton (D),Ramaswamy (R),Muskingum County,39119,0.342999800466285,28399.4838,39.96581387,-81.94452332
Gubernatorial,Ohio,State,Ohio,Acton (D),Ramaswamy (R),Noble County,39121,0.239031089621857,4453.4082,39.7660752,-81.45612561
Gubernatorial,Ohio,State,Ohio,Acton (D),Ramaswamy (R),Ottawa County,39123,0.437823316873731,17276.5164,41.5370554,-83.10923872
Gubernatorial,Ohio,State,Ohio,Acton (D),Ramaswamy (R),Paulding County,39125,0.280542616269355,6688.482,41.11674251,-84.58018842
Gubernatorial,Ohio,State,Ohio,Acton (D),Ramaswamy (R),Perry County,39127,0.289688135893613,12272.1636,39.73723959,-82.23618289
Gubernatorial,Ohio,State,Ohio,Acton (D),Ramaswamy (R),Pickaway County,39129,0.31936312941309,21109.1112,39.64185964,-83.02450193
Gubernatorial,Ohio,State,Ohio,Acton (D),Ramaswamy (R),Pike County,39131,0.294300522526313,8839.131,39.07705515,-83.06678951
Gubernatorial,Ohio,State,Ohio,Acton (D),Ramaswamy (R),Portage County,39133,0.485957191528098,59999.832,41.16790847,-81.19736816
Gubernatorial,Ohio,State,Ohio,Acton (D),Ramaswamy (R),Preble County,39135,0.266432742710542,15639.6942,39.74220535,-84.64804448
Gubernatorial,Ohio,State,Ohio,Acton (D),Ramaswamy (R),Putnam County,39137,0.217405163573836,14244.5016,41.02216769,-84.13168547
Gubernatorial,Ohio,State,Ohio,Acton (D),Ramaswamy (R),Richland County,39139,0.350929558628048,42131.6142,40.77482478,-82.53676639
Gubernatorial,Ohio,State,Ohio,Acton (D),Ramaswamy (R),Ross County,39141,0.365919073564229,23760.4866,39.33753008,-83.0569591
Gubernatorial,Ohio,State,Ohio,Acton (D),Ramaswamy (R),Sandusky County,39143,0.408607779000677,21433.71,41.35730372,-83.14419942
Gubernatorial,Ohio,State,Ohio,Acton (D),Ramaswamy (R),Scioto County,39145,0.323079623237287,22561.0722,38.80404083,-82.99326888
Gubernatorial,Ohio,State,Ohio,Acton (D),Ramaswamy (R),Seneca County,39147,0.374854814856384,18199.3668,41.12378254,-83.12759613
Gubernatorial,Ohio,State,Ohio,Acton (D),Ramaswamy (R),Shelby County,39149,0.237705187921093,18260.502,40.33212183,-84.20440063
Gubernatorial,Ohio,State,Ohio,Acton (D),Ramaswamy (R),Stark County,39151,0.453718500077956,132872.9904,40.8138382,-81.36571811
Gubernatorial,Ohio,State,Ohio,Acton (D),Ramaswamy (R),Summit County,39153,0.599571021940163,197171.937,41.12587569,-81.53219101
Gubernatorial,Ohio,State,Ohio,Acton (D),Ramaswamy (R),Trumbull County,39155,0.479595527870191,69680.2998,41.31734436,-80.76110735
Gubernatorial,Ohio,State,Ohio,Acton (D),Ramaswamy (R),Tuscarawas County,39157,0.346214824992233,31065.4152,40.44131431,-81.47450488
Gubernatorial,Ohio,State,Ohio,Acton (D),Ramaswamy (R),Union County,39159,0.414692327209146,26867.4648,40.29926661,-83.37130174
Gubernatorial,Ohio,State,Ohio,Acton (D),Ramaswamy (R),Van Wert County,39161,0.26958385656946,10637.5248,40.8555416,-84.58607604
Gubernatorial,Ohio,State,Ohio,Acton (D),Ramaswamy (R),Vinton County,39163,0.269417060268362,4148.46,39.25106486,-82.48545415
Gubernatorial,Ohio,State,Ohio,Acton (D),Ramaswamy (R),Warren County,39165,0.405194377857141,100625.628,39.42735056,-84.16728624
Gubernatorial,Ohio,State,Ohio,Acton (D),Ramaswamy (R),Washington County,39167,0.34390412722544,22387.8558,39.45557887,-81.49547648
Gubernatorial,Ohio,State,Ohio,Acton (D),Ramaswamy (R),Wayne County,39169,0.366216849989903,38327.4036,40.82926705,-81.88780787
Gubernatorial,Ohio,State,Ohio,Acton (D),Ramaswamy (R),Williams County,39171,0.320833069221981,13176.819,41.56027968,-84.58816167
Gubernatorial,Ohio,State,Ohio,Acton (D),Ramaswamy (R),Wood County,39173,0.513045948088948,48684.7254,41.36160162,-83.62311366
Gubernatorial,Ohio,State,Ohio,Acton (D),Ramaswamy (R),Wyandot County,39175,0.306117742917881,8220.501,40.84236699,-83.3042663
Gubernatorial,Oklahoma,State,Oklahoma,Munson (D),Mazzei (R),Adair County,40001,0.223876942254865,5203.0422,35.88406262,-94.65863245
Gubernatorial,Oklahoma,State,Oklahoma,Munson (D),Mazzei (R),Alfalfa County,40003,0.154526400364051,1548.0306,36.73091839,-98.32176345
Gubernatorial,Oklahoma,State,Oklahoma,Munson (D),Mazzei (R),Atoka County,40005,0.182406436866331,4083.6858,34.37367259,-96.03794859
Gubernatorial,Oklahoma,State,Oklahoma,Munson (D),Mazzei (R),Beaver County,40007,0.118953683890646,1525.4688,36.74966893,-100.4765456
Gubernatorial,Oklahoma,State,Oklahoma,Munson (D),Mazzei (R),Beckham County,40009,0.188014980581682,5507.2626,35.26792649,-99.68042577
Gubernatorial,Oklahoma,State,Oklahoma,Munson (D),Mazzei (R),Blaine County,40011,0.223706232689253,2711.055,35.87536168,-98.432652
Gubernatorial,Oklahoma,State,Oklahoma,Munson (D),Mazzei (R),Bryan County,40013,0.24672546533922,12785.9904,33.96278604,-96.26246372
Gubernatorial,Oklahoma,State,Oklahoma,Munson (D),Mazzei (R),Caddo County,40015,0.303141896974451,6768.54,35.17437642,-98.37502407
Gubernatorial,Oklahoma,State,Oklahoma,Munson (D),Mazzei (R),Canadian County,40017,0.337443968071155,52102.4742,35.54233821,-97.98241218
Gubernatorial,Oklahoma,State,Oklahoma,Munson (D),Mazzei (R),Carter County,40019,0.266077466992229,13989.7716,34.25090173,-97.28589218
Gubernatorial,Oklahoma,State,Oklahoma,Munson (D),Mazzei (R),Cherokee County,40021,0.377191657481921,12709.5714,35.90664273,-94.99948708
Gubernatorial,Oklahoma,State,Oklahoma,Munson (D),Mazzei (R),Choctaw County,40023,0.212838635306426,4058.9406,34.0255707,-95.55375412
Gubernatorial,Oklahoma,State,Oklahoma,Munson (D),Mazzei (R),Cimarron County,40025,0.114846302557489,673.9428,36.74826632,-102.5178111
Gubernatorial,Oklahoma,State,Oklahoma,Munson (D),Mazzei (R),Cleveland County,40027,0.467309971361444,84902.9646,35.20346872,-97.3267069
Gubernatorial,Oklahoma,State,Oklahoma,Munson (D),Mazzei (R),Coal County,40029,0.181572004501333,1819.5,34.58840127,-96.29798747
Gubernatorial,Oklahoma,State,Oklahoma,Munson (D),Mazzei (R),Comanche County,40031,0.424687144488256,24487.5588,34.6620099,-98.47164344
Gubernatorial,Oklahoma,State,Oklahoma,Munson (D),Mazzei (R),Cotton County,40033,0.202986400597307,1789.6602,34.2900592,-98.37225719
Gubernatorial,Oklahoma,State,Oklahoma,Munson (D),Mazzei (R),Craig County,40035,0.247201036759398,4331.8656,36.76178038,-95.20866115
Gubernatorial,Oklahoma,State,Oklahoma,Munson (D),Mazzei (R),Creek County,40037,0.259667772368351,22373.2998,35.90233119,-96.37089402
Gubernatorial,Oklahoma,State,Oklahoma,Munson (D),Mazzei (R),Custer County,40039,0.272111916254241,7257.6216,35.63856198,-99.0014123
Gubernatorial,Oklahoma,State,Oklahoma,Munson (D),Mazzei (R),Delaware County,40041,0.237901497846597,13014.5196,36.4089821,-94.80256963
Gubernatorial,Oklahoma,State,Oklahoma,Munson (D),Mazzei (R),Dewey County,40043,0.138875242075433,1596.0654,35.98768882,-99.00647121
Gubernatorial,Oklahoma,State,Oklahoma,Munson (D),Mazzei (R),Ellis County,40045,0.15412194838461,1296.9396,36.21835085,-99.75451143
Gubernatorial,Oklahoma,State,Oklahoma,Munson (D),Mazzei (R),Garfield County,40047,0.269716953666523,15605.4876,36.3791609,-97.78263254
Gubernatorial,Oklahoma,State,Oklahoma,Munson (D),Mazzei (R),Garvin County,40049,0.209425663037919,7907.547,34.7044021,-97.30937006
Gubernatorial,Oklahoma,State,Oklahoma,Munson (D),Mazzei (R),Grady County,40051,0.225638312601197,18132.4092,35.01633237,-97.88360671
Gubernatorial,Oklahoma,State,Oklahoma,Munson (D),Mazzei (R),Grant County,40053,0.184787897272994,1520.3742,36.79651364,-97.78493404
Gubernatorial,Oklahoma,State,Oklahoma,Munson (D),Mazzei (R),Greer County,40055,0.211065117448991,1320.957,34.93429868,-99.56059648
Gubernatorial,Oklahoma,State,Oklahoma,Munson (D),Mazzei (R),Harmon County,40057,0.232359189856024,636.0972,34.74409289,-99.84630188
Gubernatorial,Oklahoma,State,Oklahoma,Munson (D),Mazzei (R),Harper County,40059,0.146297371377643,1041.4818,36.78871253,-99.66696611
Gubernatorial,Oklahoma,State,Oklahoma,Munson (D),Mazzei (R),Haskell County,40061,0.190884273684755,3547.2972,35.22501645,-95.11606392
Gubernatorial,Oklahoma,State,Oklahoma,Munson (D),Mazzei (R),Hughes County,40063,0.225211348763628,3329.685,35.04854478,-96.25062134
Gubernatorial,Oklahoma,State,Oklahoma,Munson (D),Mazzei (R),Jackson County,40065,0.246433850772069,5747.4366,34.58800041,-99.41545292
Gubernatorial,Oklahoma,State,Oklahoma,Munson (D),Mazzei (R),Jefferson County,40067,0.179955074189234,1702.3242,34.11052408,-97.83608709
Gubernatorial,Oklahoma,State,Oklahoma,Munson (D),Mazzei (R),Johnston County,40069,0.20855029683129,3017.4588,34.31652004,-96.66080537
Gubernatorial,Oklahoma,State,Oklahoma,Munson (D),Mazzei (R),Kay County,40071,0.29244377777289,12095.3082,36.81795089,-97.1438723
Gubernatorial,Oklahoma,State,Oklahoma,Munson (D),Mazzei (R),Kingfisher County,40073,0.181994320038226,4852.9704,35.94535722,-97.94153042
Gubernatorial,Oklahoma,State,Oklahoma,Munson (D),Mazzei (R),Kiowa County,40075,0.247476559815867,2348.6106,34.91625162,-98.98054865
Gubernatorial,Oklahoma,State,Oklahoma,Munson (D),Mazzei (R),Latimer County,40077,0.21226162550703,2938.1286,34.87639948,-95.25098995
Gubernatorial,Oklahoma,State,Oklahoma,Munson (D),Mazzei (R),LeFlore County,40079,0.215522104409526,13476.6726,34.90011477,-94.70338293
Gubernatorial,Oklahoma,State,Oklahoma,Munson (D),Mazzei (R),Lincoln County,40081,0.221910927365803,11067.6546,35.7027284,-96.88123961
Gubernatorial,Oklahoma,State,Oklahoma,Munson (D),Mazzei (R),Logan County,40083,0.293096297283269,17211.7422,35.91913897,-97.44308101
Gubernatorial,Oklahoma,State,Oklahoma,Munson (D),Mazzei (R),Love County,40085,0.207658691807835,3056.0322,33.95005271,-97.24422829
Gubernatorial,Oklahoma,State,Oklahoma,Munson (D),Mazzei (R),McClain County,40093,0.235195887368798,15310.0008,36.31174656,-98.53456924
Gubernatorial,Oklahoma,State,Oklahoma,Munson (D),Mazzei (R),McCurtain County,40095,0.19525790021728,8137.5318,34.02458841,-96.76917298
Gubernatorial,Oklahoma,State,Oklahoma,Munson (D),Mazzei (R),McIntosh County,40097,0.276272629200997,6058.2072,36.30176119,-95.23132466
Gubernatorial,Oklahoma,State,Oklahoma,Munson (D),Mazzei (R),Major County,40087,0.139354078315041,2484.7092,35.00888538,-97.44298086
Gubernatorial,Oklahoma,State,Oklahoma,Munson (D),Mazzei (R),Marshall County,40089,0.222949018464813,4743.0726,34.1162239,-94.77145458
Gubernatorial,Oklahoma,State,Oklahoma,Munson (D),Mazzei (R),Mayes County,40091,0.250636488453689,12403.8954,35.37351598,-95.66695805
Gubernatorial,Oklahoma,State,Oklahoma,Munson (D),Mazzei (R),Murray County,40099,0.230779492800865,4198.6782,34.48236468,-97.06798798
Gubernatorial,Oklahoma,State,Oklahoma,Munson (D),Mazzei (R),Muskogee County,40101,0.352549039991939,17430.81,35.61612948,-95.37949187
Gubernatorial,Oklahoma,State,Oklahoma,Munson (D),Mazzei (R),Noble County,40103,0.251099770852629,3538.5636,36.3884853,-97.23050054
Gubernatorial,Oklahoma,State,Oklahoma,Munson (D),Mazzei (R),Nowata County,40105,0.203785622658877,3270.7332,36.79844119,-95.61735986
Gubernatorial,Oklahoma,State,Oklahoma,Munson (D),Mazzei (R),Okfuskee County,40107,0.260653855035141,2863.1652,35.46544123,-96.3228392
Gubernatorial,Oklahoma,State,Oklahoma,Munson (D),Mazzei (R),Oklahoma County,40109,0.534986269322306,205521.2586,35.55141319,-97.4075036
Gubernatorial,Oklahoma,State,Oklahoma,Munson (D),Mazzei (R),Okmulgee County,40111,0.326191508727486,10246.6962,35.64662667,-95.96434123
Gubernatorial,Oklahoma,State,Oklahoma,Munson (D),Mazzei (R),Osage County,40113,0.333000251751099,14753.2338,36.62910128,-96.3983805
Gubernatorial,Oklahoma,State,Oklahoma,Munson (D),Mazzei (R),Ottawa County,40115,0.271823981594325,8006.5278,36.83587796,-94.81058917
Gubernatorial,Oklahoma,State,Oklahoma,Munson (D),Mazzei (R),Pawnee County,40117,0.244015791483582,4919.928,36.31680135,-96.69954973
Gubernatorial,Oklahoma,State,Oklahoma,Munson (D),Mazzei (R),Payne County,40119,0.413812520594174,20758.3116,36.07716359,-96.97542338
Gubernatorial,Oklahoma,State,Oklahoma,Munson (D),Mazzei (R),Pittsburg County,40121,0.244161123133654,12601.1292,34.92386502,-95.74895216
Gubernatorial,Oklahoma,State,Oklahoma,Munson (D),Mazzei (R),Pontotoc County,40123,0.305649786764824,10816.5636,34.72795889,-96.68450952
Gubernatorial,Oklahoma,State,Oklahoma,Munson (D),Mazzei (R),Pottawatomie County,40125,0.301405296435615,20510.1318,35.20684527,-96.94828061
Gubernatorial,Oklahoma,State,Oklahoma,Munson (D),Mazzei (R),Pushmataha County,40127,0.176302019584289,3377.7198,34.41635817,-95.37595261
Gubernatorial,Oklahoma,State,Oklahoma,Munson (D),Mazzei (R),Roger Mills County,40129,0.137248819489624,1243.0824,35.68852706,-99.69538847
Gubernatorial,Oklahoma,State,Oklahoma,Munson (D),Mazzei (R),Rogers County,40131,0.263716076711019,33542.8464,36.37196654,-95.60476511
Gubernatorial,Oklahoma,State,Oklahoma,Munson (D),Mazzei (R),Seminole County,40133,0.290471523610419,5751.0756,35.1672074,-96.61546183
Gubernatorial,Oklahoma,State,Oklahoma,Munson (D),Mazzei (R),Sequoyah County,40135,0.232362756547053,11206.6644,35.49549888,-94.75507825
Gubernatorial,Oklahoma,State,Oklahoma,Munson (D),Mazzei (R),Stephens County,40137,0.220132458451573,13339.1184,34.48542286,-97.85148899
Gubernatorial,Oklahoma,State,Oklahoma,Munson (D),Mazzei (R),Texas County,40139,0.198697200119486,3720.5136,36.74789073,-101.4901113
Gubernatorial,Oklahoma,State,Oklahoma,Munson (D),Mazzei (R),Tillman County,40141,0.243093153743153,1823.8668,34.37312737,-98.92460698
Gubernatorial,Oklahoma,State,Oklahoma,Munson (D),Mazzei (R),Tulsa County,40143,0.46571916419355,182929.6188,36.12121947,-95.94143178
Gubernatorial,Oklahoma,State,Oklahoma,Munson (D),Mazzei (R),Wagoner County,40145,0.290286445096833,27523.2126,35.96138606,-95.52115154
Gubernatorial,Oklahoma,State,Oklahoma,Munson (D),Mazzei (R),Washington County,40147,0.299570943915359,16469.3862,36.71527849,-95.90449238
Gubernatorial,Oklahoma,State,Oklahoma,Munson (D),Mazzei (R),Washita County,40149,0.163851419476229,3334.0518,35.29031759,-98.99166621
Gubernatorial,Oklahoma,State,Oklahoma,Munson (D),Mazzei (R),Woods County,40151,0.215608989651235,2597.5182,36.76674112,-98.86351819
Gubernatorial,Oklahoma,State,Oklahoma,Munson (D),Mazzei (R),Woodward County,40153,0.177914877521617,5238.7044,36.42251383,-99.26427063
Gubernatorial,Oregon,State,Oregon,Kotek* (D),Drazan (R),Baker County,41001,0.18605328549524,6843.5034,44.70919815,-117.6755473
Gubernatorial,Oregon,State,Oregon,Kotek* (D),Drazan (R),Benton County,41003,0.644206434047149,35004.2688,44.49161157,-123.428743
Gubernatorial,Oregon,State,Oregon,Kotek* (D),Drazan (R),Clackamas County,41005,0.476724904682704,172464.5826,45.18820387,-122.2205544
Gubernatorial,Oregon,State,Oregon,Kotek* (D),Drazan (R),Clatsop County,41007,0.510272187716066,16336.1988,45.99500314,-123.6560294
Gubernatorial,Oregon,State,Oregon,Kotek* (D),Drazan (R),Columbia County,41009,0.36875485398685,21922.7916,45.94376691,-123.0888664
Gubernatorial,Oregon,State,Oregon,Kotek* (D),Drazan (R),Coos County,41011,0.333098753723864,25167.324,43.17396579,-124.0595871
Gubernatorial,Oregon,State,Oregon,Kotek* (D),Drazan (R),Crook County,41013,0.174316649107563,11534.1744,44.14229491,-120.3567062
Gubernatorial,Oregon,State,Oregon,Kotek* (D),Drazan (R),Curry County,41015,0.357551216022524,9997.7886,42.45776177,-124.1560919
Gubernatorial,Oregon,State,Oregon,Kotek* (D),Drazan (R),Deschutes County,41017,0.48207617609893,89488.8324,43.91469217,-121.227881
Gubernatorial,Oregon,State,Oregon,Kotek* (D),Drazan (R),Douglas County,41019,0.241274201990977,43629.4266,43.2796987,-123.1658435
Gubernatorial,Oregon,State,Oregon,Kotek* (D),Drazan (R),Gilliam County,41021,0.19025412755327,797.6688,45.37780558,-120.210458
Gubernatorial,Oregon,State,Oregon,Kotek* (D),Drazan (R),Grant County,41023,0.142560400032878,3133.9068,44.4907455,-119.0074917
Gubernatorial,Oregon,State,Oregon,Kotek* (D),Drazan (R),Harney County,41025,0.134608241674834,2986.8912,43.06361843,-118.9679625
Gubernatorial,Oregon,State,Oregon,Kotek* (D),Drazan (R),Hood River County,41027,0.62089559559955,8892.2604,45.51931999,-121.6512892
Gubernatorial,Oregon,State,Oregon,Kotek* (D),Drazan (R),Jackson County,41029,0.407143798698746,84285.0624,42.43216537,-122.728377
Gubernatorial,Oregon,State,Oregon,Kotek* (D),Drazan (R),Jefferson County,41031,0.27541746141326,8293.281,44.62935891,-121.176431
Gubernatorial,Oregon,State,Oregon,Kotek* (D),Drazan (R),Josephine County,41033,0.291315973152802,34975.8846,42.36551155,-123.5552595
Gubernatorial,Oregon,State,Oregon,Kotek* (D),Drazan (R),Klamath County,41035,0.214128350428747,25131.6618,42.68605026,-121.6500072
Gubernatorial,Oregon,State,Oregon,Kotek* (D),Drazan (R),Lake County,41037,0.108902847192521,2985.4356,42.79350818,-120.3873864
Gubernatorial,Oregon,State,Oregon,Kotek* (D),Drazan (R),Lane County,41039,0.563188744247417,147853.2978,43.93889441,-122.8473327
Gubernatorial,Oregon,State,Oregon,Kotek* (D),Drazan (R),Lincoln County,41041,0.544829228053231,20929.3446,44.64147054,-123.8682744
Gubernatorial,Oregon,State,Oregon,Kotek* (D),Drazan (R),Linn County,41043,0.305052030280581,50092.2906,44.48880768,-122.5341835
Gubernatorial,Oregon,State,Oregon,Kotek* (D),Drazan (R),Malheur County,41045,0.1960630858239,7710.3132,43.19355699,-117.6231067
Gubernatorial,Oregon,State,Oregon,Kotek* (D),Drazan (R),Marion County,41047,0.419778530882172,109940.7402,44.90322354,-122.5849114
Gubernatorial,Oregon,State,Oregon,Kotek* (D),Drazan (R),Morrow County,41049,0.171774123694705,3308.5788,45.41897957,-119.5837591
Gubernatorial,Oregon,State,Oregon,Kotek* (D),Drazan (R),Multnomah County,41051,0.77440109355762,288708.0708,45.54693681,-122.4157429
Gubernatorial,Oregon,State,Oregon,Kotek* (D),Drazan (R),Polk County,41053,0.413871397242208,33334.6956,44.90338514,-123.4132525
Gubernatorial,Oregon,State,Oregon,Kotek* (D),Drazan (R),Sherman County,41055,0.134415172664202,817.3194,45.4052255,-120.6892687
Gubernatorial,Oregon,State,Oregon,Kotek* (D),Drazan (R),Tillamook County,41057,0.435717449642148,11439.5604,45.46343846,-123.7127608
Gubernatorial,Oregon,State,Oregon,Kotek* (D),Drazan (R),Umatilla County,41059,0.234663875564842,21997.0272,45.59148273,-118.736681
Gubernatorial,Oregon,State,Oregon,Kotek* (D),Drazan (R),Union County,41061,0.226454178880809,10224.8622,45.31039084,-118.0093556
Gubernatorial,Oregon,State,Oregon,Kotek* (D),Drazan (R),Wallowa County,41063,0.257447937696982,3594.6042,45.57979758,-117.1810198
Gubernatorial,Oregon,State,Oregon,Kotek* (D),Drazan (R),Wasco County,41065,0.403533366415105,9392.9868,45.16003768,-121.1678419
Gubernatorial,Oregon,State,Oregon,Kotek* (D),Drazan (R),Washington County,41067,0.606766261975228,207861.8634,45.55989124,-123.0985728
Gubernatorial,Oregon,State,Oregon,Kotek* (D),Drazan (R),Wheeler County,41069,0.191304682360442,602.6184,44.72584844,-120.0273912
Gubernatorial,Oregon,State,Oregon,Kotek* (D),Drazan (R),Yamhill County,41071,0.402012695792415,40427.1066,45.23269019,-123.3078799
Gubernatorial,Pennsylvania,State,Pennsylvania,Shapiro* (D),Garrity (R),Adams County,42001,0.463139706350569,43733.502,39.87146641,-77.21807609
Gubernatorial,Pennsylvania,State,Pennsylvania,Shapiro* (D),Garrity (R),Allegheny County,42003,0.744445482664563,519293.3058,40.46880438,-79.9817588
Gubernatorial,Pennsylvania,State,Pennsylvania,Shapiro* (D),Garrity (R),Armstrong County,42005,0.382486315108499,26818.7022,40.81298372,-79.46505466
Gubernatorial,Pennsylvania,State,Pennsylvania,Shapiro* (D),Garrity (R),Beaver County,42007,0.552947171058383,68437.2174,40.68241496,-80.34928676
Gubernatorial,Pennsylvania,State,Pennsylvania,Shapiro* (D),Garrity (R),Bedford County,42009,0.273570653413748,20374.0332,40.00670558,-78.49051194
Gubernatorial,Pennsylvania,State,Pennsylvania,Shapiro* (D),Garrity (R),Berks County,42011,0.572161342194883,151238.2956,40.41644424,-75.92604322
Gubernatorial,Pennsylvania,State,Pennsylvania,Shapiro* (D),Garrity (R),Blair County,42013,0.410325722701193,46927.8162,40.48075545,-78.34882696
Gubernatorial,Pennsylvania,State,Pennsylvania,Shapiro* (D),Garrity (R),Bradford County,42015,0.379375448962302,22508.6706,41.78867556,-76.515651
Gubernatorial,Pennsylvania,State,Pennsylvania,Shapiro* (D),Garrity (R),Bucks County,42017,0.645267679381502,289047.9534,40.33694355,-75.10684724
Gubernatorial,Pennsylvania,State,Pennsylvania,Shapiro* (D),Garrity (R),Butler County,42019,0.482089507344844,87651.8652,40.91176277,-79.91342345
Gubernatorial,Pennsylvania,State,Pennsylvania,Shapiro* (D),Garrity (R),Cambria County,42021,0.453924330387881,51371.763,40.49518786,-78.71388554
Gubernatorial,Pennsylvania,State,Pennsylvania,Shapiro* (D),Garrity (R),Cameron County,42023,0.391429414561238,1595.3376,41.43674888,-78.20384508
Gubernatorial,Pennsylvania,State,Pennsylvania,Shapiro* (D),Garrity (R),Carbon County,42025,0.465074179455808,25547.2356,40.91846484,-75.70851105
Gubernatorial,Pennsylvania,State,Pennsylvania,Shapiro* (D),Garrity (R),Centre County,42027,0.64027522047195,58186.1544,40.91933775,-77.81986792
Gubernatorial,Pennsylvania,State,Pennsylvania,Shapiro* (D),Garrity (R),Chester County,42029,0.692425518288483,234045.924,39.97329798,-75.74843926
Gubernatorial,Pennsylvania,State,Pennsylvania,Shapiro* (D),Garrity (R),Clarion County,42031,0.380824641301708,14263.4244,41.19261355,-79.42093979
Gubernatorial,Pennsylvania,State,Pennsylvania,Shapiro* (D),Garrity (R),Clearfield County,42033,0.381312519720835,29205.1584,41.00013648,-78.4740474
Gubernatorial,Pennsylvania,State,Pennsylvania,Shapiro* (D),Garrity (R),Clinton County,42035,0.431640125943176,13362.408,41.23402092,-77.63798759
Gubernatorial,Pennsylvania,State,Pennsylvania,Shapiro* (D),Garrity (R),Columbia County,42037,0.47330347309589,23488.2894,41.04903639,-76.4051503
Gubernatorial,Pennsylvania,State,Pennsylvania,Shapiro* (D),Garrity (R),Crawford County,42039,0.440287244930865,30962.7954,41.68442887,-80.10676906
Gubernatorial,Pennsylvania,State,Pennsylvania,Shapiro* (D),Garrity (R),Cumberland County,42041,0.588686578312522,106638.7116,40.16350914,-77.26523042
Gubernatorial,Pennsylvania,State,Pennsylvania,Shapiro* (D),Garrity (R),Dauphin County,42043,0.66245105867418,107569.5678,40.41555232,-76.77925448
Gubernatorial,Pennsylvania,State,Pennsylvania,Shapiro* (D),Garrity (R),Delaware County,42045,0.744121229940019,236349.411,39.9166501,-75.39915513
Gubernatorial,Pennsylvania,State,Pennsylvania,Shapiro* (D),Garrity (R),Elk County,42047,0.406010975499949,12391.5228,41.42548728,-78.64916765
Gubernatorial,Pennsylvania,State,Pennsylvania,Shapiro* (D),Garrity (R),Erie County,42049,0.649060518523204,99215.1516,41.9921752,-80.03257439
Gubernatorial,Pennsylvania,State,Pennsylvania,Shapiro* (D),Garrity (R),Fayette County,42051,0.470686062216214,45983.1318,39.91984935,-79.64746996
Gubernatorial,Pennsylvania,State,Pennsylvania,Shapiro* (D),Garrity (R),Forest County,42053,0.423881614307492,1911.2028,41.51230258,-79.23591856
Gubernatorial,Pennsylvania,State,Pennsylvania,Shapiro* (D),Garrity (R),Franklin County,42055,0.396730553345182,60514.3866,39.92745705,-77.72158008
Gubernatorial,Pennsylvania,State,Pennsylvania,Shapiro* (D),Garrity (R),Fulton County,42057,0.244506447236188,5925.0198,39.92545432,-78.11276349
Gubernatorial,Pennsylvania,State,Pennsylvania,Shapiro* (D),Garrity (R),Greene County,42059,0.435049043835038,12307.8258,39.85389048,-80.22298108
Gubernatorial,Pennsylvania,State,Pennsylvania,Shapiro* (D),Garrity (R),Huntingdon County,42061,0.361325538795089,16735.761,40.41688617,-77.98140696
Gubernatorial,Pennsylvania,State,Pennsylvania,Shapiro* (D),Garrity (R),Indiana County,42063,0.448675711094198,30503.5536,40.65207806,-79.08763255
Gubernatorial,Pennsylvania,State,Pennsylvania,Shapiro* (D),Garrity (R),Jefferson County,42065,0.338774673438279,16697.1876,41.12829657,-78.99967226
Gubernatorial,Pennsylvania,State,Pennsylvania,Shapiro* (D),Garrity (R),Juniata County,42067,0.333068830597614,8741.6058,40.5308105,-77.40277415
Gubernatorial,Pennsylvania,State,Pennsylvania,Shapiro* (D),Garrity (R),Lackawanna County,42069,0.665747649520667,84258.1338,41.43666224,-75.60919397
Gubernatorial,Pennsylvania,State,Pennsylvania,Shapiro* (D),Garrity (R),Lancaster County,42071,0.54563152760588,208427.364,40.04261494,-76.24786695
Gubernatorial,Pennsylvania,State,Pennsylvania,Shapiro* (D),Garrity (R),Lawrence County,42073,0.487579029638346,34051.5786,40.99133874,-80.33434051
Gubernatorial,Pennsylvania,State,Pennsylvania,Shapiro* (D),Garrity (R),Lebanon County,42075,0.475678711732233,53141.0448,40.36716938,-76.45759104
Gubernatorial,Pennsylvania,State,Pennsylvania,Shapiro* (D),Garrity (R),Lehigh County,42077,0.648905697176893,136479.9672,40.61280627,-75.59214444
Gubernatorial,Pennsylvania,State,Pennsylvania,Shapiro* (D),Garrity (R),Luzerne County,42079,0.549485062501799,112771.1544,41.17686973,-75.98893638
Gubernatorial,Pennsylvania,State,Pennsylvania,Shapiro* (D),Garrity (R),Lycoming County,42081,0.405105262078789,43069.0206,41.34394419,-77.06520269
Gubernatorial,Pennsylvania,State,Pennsylvania,Shapiro* (D),Garrity (R),McKean County,42083,0.368185374705054,14203.7448,41.80786813,-78.56888029
Gubernatorial,Pennsylvania,State,Pennsylvania,Shapiro* (D),Garrity (R),Mercer County,42085,0.467846774960036,42143.9868,41.30228665,-80.25773634
Gubernatorial,Pennsylvania,State,Pennsylvania,Shapiro* (D),Garrity (R),Mifflin County,42087,0.35590488384138,15952.6482,40.61051314,-77.6170294
Gubernatorial,Pennsylvania,State,Pennsylvania,Shapiro* (D),Garrity (R),Monroe County,42089,0.614101004973648,61632.2874,41.05812363,-75.33930212
Gubernatorial,Pennsylvania,State,Pennsylvania,Shapiro* (D),Garrity (R),Montgomery County,42091,0.751185063162087,375118.3092,40.21085251,-75.36722689
Gubernatorial,Pennsylvania,State,Pennsylvania,Shapiro* (D),Garrity (R),Montour County,42093,0.525544898848733,7136.8068,41.02752391,-76.65904667
Gubernatorial,Pennsylvania,State,Pennsylvania,Shapiro* (D),Garrity (R),Northampton County,42095,0.620655904817948,128436.3216,40.75446063,-75.30735363
Gubernatorial,Pennsylvania,State,Pennsylvania,Shapiro* (D),Garrity (R),Northumberland County,42097,0.435536129253148,31370.3634,40.85142483,-76.70893391
Gubernatorial,Pennsylvania,State,Pennsylvania,Shapiro* (D),Garrity (R),Perry County,42099,0.393869893796687,18528.3324,40.39865716,-77.2618726
Gubernatorial,Pennsylvania,State,Pennsylvania,Shapiro* (D),Garrity (R),Philadelphia County,42101,0.922347269268538,518835.5196,40.00806441,-75.13324284
Gubernatorial,Pennsylvania,State,Pennsylvania,Shapiro* (D),Garrity (R),Pike County,42103,0.483746315159674,25232.0982,41.33189163,-75.03337176
Gubernatorial,Pennsylvania,State,Pennsylvania,Shapiro* (D),Garrity (R),Potter County,42105,0.290006979775197,6556.7502,41.74480517,-77.89566563
Gubernatorial,Pennsylvania,State,Pennsylvania,Shapiro* (D),Garrity (R),Schuylkill County,42107,0.434651255295973,52799.7066,40.70586881,-76.21642765
Gubernatorial,Pennsylvania,State,Pennsylvania,Shapiro* (D),Garrity (R),Snyder County,42109,0.381237884371888,14485.4034,40.76993359,-77.06984318
Gubernatorial,Pennsylvania,State,Pennsylvania,Shapiro* (D),Garrity (R),Somerset County,42111,0.345886295555824,29540.6742,39.9723843,-79.02838302
Gubernatorial,Pennsylvania,State,Pennsylvania,Shapiro* (D),Garrity (R),Sullivan County,42113,0.397787143246514,2690.6766,41.44598276,-76.51238042
Gubernatorial,Pennsylvania,State,Pennsylvania,Shapiro* (D),Garrity (R),Susquehanna County,42115,0.39700574422516,16162.2546,41.82127676,-75.80090451
Gubernatorial,Pennsylvania,State,Pennsylvania,Shapiro* (D),Garrity (R),Tioga County,42117,0.341536388394642,15554.5416,41.77283534,-77.25438714
Gubernatorial,Pennsylvania,State,Pennsylvania,Shapiro* (D),Garrity (R),Union County,42119,0.496870200561006,15272.1552,40.9633376,-77.06213019
Gubernatorial,Pennsylvania,State,Pennsylvania,Shapiro* (D),Garrity (R),Venango County,42121,0.426629590368235,19291.7946,41.40101962,-79.75792032
Gubernatorial,Pennsylvania,State,Pennsylvania,Shapiro* (D),Garrity (R),Warren County,42123,0.434439291084658,14961.3846,41.81377056,-79.2740453
Gubernatorial,Pennsylvania,State,Pennsylvania,Shapiro* (D),Garrity (R),Washington County,42125,0.527725666514471,87946.6242,40.18935898,-80.24855447
Gubernatorial,Pennsylvania,State,Pennsylvania,Shapiro* (D),Garrity (R),Wayne County,42127,0.435387097160412,21267.0438,41.64851654,-75.30318879
Gubernatorial,Pennsylvania,State,Pennsylvania,Shapiro* (D),Garrity (R),Westmoreland County,42129,0.50864125365591,152773.9536,40.31090839,-79.46732917
Gubernatorial,Pennsylvania,State,Pennsylvania,Shapiro* (D),Garrity (R),Wyoming County,42131,0.44517427260572,10845.6756,41.51833347,-76.01693959
Gubernatorial,Pennsylvania,State,Pennsylvania,Shapiro* (D),Garrity (R),York County,42133,0.50821551217505,179628.318,39.92001283,-76.72634152
Gubernatorial,Rhode Island,State,Rhode Island,Foulkes (D),Block? (I),Bristol County,44001,0.704233964301343,20018.8668,41.71169465,-71.28385194
Gubernatorial,Rhode Island,State,Rhode Island,Foulkes (D),Block? (I),Kent County,44003,0.579134626378779,66080.601,41.6720081,-71.59305645
Gubernatorial,Rhode Island,State,Rhode Island,Foulkes (D),Block? (I),Newport County,44005,0.699901171649164,31556.6802,41.55667416,-71.23906841
Gubernatorial,Rhode Island,State,Rhode Island,Foulkes (D),Block? (I),Providence County,44007,0.641255214066095,191080.251,41.8721229,-71.58004041
Gubernatorial,Rhode Island,State,Rhode Island,Foulkes (D),Block? (I),Washington County,44009,0.646341432605951,53737.8408,41.46943509,-71.62328128
Gubernatorial,South Carolina,State,South Carolina,Johnson (D),Wilson (R),Abbeville County,45001,0.313327998944925,8666.6424,34.22269468,-82.45872709
Gubernatorial,South Carolina,State,South Carolina,Johnson (D),Wilson (R),Aiken County,45003,0.396578529685709,61782.942,33.544095,-81.63493042
Gubernatorial,South Carolina,State,South Carolina,Johnson (D),Wilson (R),Allendale County,45005,0.754887623404036,2167.3884,32.98833364,-81.35758839
Gubernatorial,South Carolina,State,South Carolina,Johnson (D),Wilson (R),Anderson County,45007,0.288225961279899,70675.9302,34.5189668,-82.63793115
Gubernatorial,South Carolina,State,South Carolina,Johnson (D),Wilson (R),Bamberg County,45009,0.605189051094905,4090.9638,33.21508217,-81.05432857
Gubernatorial,South Carolina,State,South Carolina,Johnson (D),Wilson (R),Barnwell County,45011,0.44927912924956,7050.1986,33.26610854,-81.43543848
Gubernatorial,South Carolina,State,South Carolina,Johnson (D),Wilson (R),Beaufort County,45013,0.454575698785114,75054.375,32.3853684,-80.73004378
Gubernatorial,South Carolina,State,South Carolina,Johnson (D),Wilson (R),Berkeley County,45015,0.445325987589538,80926.2654,33.19764043,-79.95087397
Gubernatorial,South Carolina,State,South Carolina,Johnson (D),Wilson (R),Calhoun County,45017,0.455254286841539,5686.3014,33.67482869,-80.78101991
Gubernatorial,South Carolina,State,South Carolina,Johnson (D),Wilson (R),Charleston County,45019,0.556751673757053,153341.6376,32.83417041,-79.95226654
Gubernatorial,South Carolina,State,South Carolina,Johnson (D),Wilson (R),Cherokee County,45021,0.268959617071731,17930.0808,35.04837373,-81.62012099
Gubernatorial,South Carolina,State,South Carolina,Johnson (D),Wilson (R),Chester County,45023,0.44087800195725,11195.7474,34.69173842,-81.15923162
Gubernatorial,South Carolina,State,South Carolina,Johnson (D),Wilson (R),Chesterfield County,45025,0.386092033520224,13247.4156,34.63979804,-80.15867356
Gubernatorial,South Carolina,State,South Carolina,Johnson (D),Wilson (R),Clarendon County,45027,0.465858514116805,11738.6862,33.66542745,-80.21662078
Gubernatorial,South Carolina,State,South Carolina,Johnson (D),Wilson (R),Colleton County,45029,0.436034835168872,13152.8016,32.86353032,-80.66691164
Gubernatorial,South Carolina,State,South Carolina,Johnson (D),Wilson (R),Darlington County,45031,0.460542835485181,21829.6332,34.33234414,-79.95766082
Gubernatorial,South Carolina,State,South Carolina,Johnson (D),Wilson (R),Dillon County,45033,0.473287785540318,8564.0226,34.39138915,-79.37858369
Gubernatorial,South Carolina,State,South Carolina,Johnson (D),Wilson (R),Dorchester County,45035,0.453539465241206,55551.5184,33.07948049,-80.40502258
Gubernatorial,South Carolina,State,South Carolina,Johnson (D),Wilson (R),Edgefield County,45037,0.366701360962851,10007.9778,33.77224819,-81.9661657
Gubernatorial,South Carolina,State,South Carolina,Johnson (D),Wilson (R),Fairfield County,45039,0.594968868461825,8056.0182,34.39533447,-81.12125577
Gubernatorial,South Carolina,State,South Carolina,Johnson (D),Wilson (R),Florence County,45041,0.487198999761255,43901.6238,34.02447241,-79.70224581
Gubernatorial,South Carolina,State,South Carolina,Johnson (D),Wilson (R),Georgetown County,45043,0.429192901701083,27140.3898,33.43337482,-79.33242281
Gubernatorial,South Carolina,State,South Carolina,Johnson (D),Wilson (R),Greenville County,45045,0.414850951327942,188219.997,34.89387815,-82.37063974
Gubernatorial,South Carolina,State,South Carolina,Johnson (D),Wilson (R),Greenwood County,45047,0.381093273230397,22184.0718,34.15414545,-82.12646941
Gubernatorial,South Carolina,State,South Carolina,Johnson (D),Wilson (R),Hampton County,45049,0.560304449348939,5916.2862,32.7764169,-81.14110731
Gubernatorial,South Carolina,State,South Carolina,Johnson (D),Wilson (R),Horry County,45051,0.333338462942339,148503.2232,33.92139357,-78.99657939
Gubernatorial,South Carolina,State,South Carolina,Johnson (D),Wilson (R),Jasper County,45053,0.479230804217626,13132.4232,32.43633197,-81.03177638
Gubernatorial,South Carolina,State,South Carolina,Johnson (D),Wilson (R),Kershaw County,45055,0.385008768482541,24101.097,34.33859234,-80.5903514
Gubernatorial,South Carolina,State,South Carolina,Johnson (D),Wilson (R),Lancaster County,45057,0.402566496591893,39133.0782,34.68642517,-80.7054154
Gubernatorial,South Carolina,State,South Carolina,Johnson (D),Wilson (R),Laurens County,45059,0.321373355840287,21745.9362,34.48372258,-82.00535135
Gubernatorial,South Carolina,State,South Carolina,Johnson (D),Wilson (R),Lee County,45061,0.621981686181163,5518.9074,34.16360573,-80.25465278
Gubernatorial,South Carolina,State,South Carolina,Johnson (D),Wilson (R),Lexington County,45063,0.358149342558111,105370.884,33.90217281,-81.27229853
Gubernatorial,South Carolina,State,South Carolina,Johnson (D),Wilson (R),Marion County,45067,0.581209862048362,9622.9716,34.08038363,-79.36252998
Gubernatorial,South Carolina,State,South Carolina,Johnson (D),Wilson (R),Marlboro County,45069,0.539900003971937,7302.0174,34.60180925,-79.67845191
Gubernatorial,South Carolina,State,South Carolina,Johnson (D),Wilson (R),McCormick County,45065,0.441348012644338,4423.5684,33.89941841,-82.30961363
Gubernatorial,South Carolina,State,South Carolina,Johnson (D),Wilson (R),Newberry County,45071,0.354056714346129,13033.4424,34.28974754,-81.59990705
Gubernatorial,South Carolina,State,South Carolina,Johnson (D),Wilson (R),Oconee County,45073,0.267047663993848,30392.2002,34.75329772,-83.06576373
Gubernatorial,South Carolina,State,South Carolina,Johnson (D),Wilson (R),Orangeburg County,45075,0.652021724997707,26624.3796,33.43921301,-80.80086358
Gubernatorial,South Carolina,State,South Carolina,Johnson (D),Wilson (R),Pickens County,45077,0.260885830668025,43390.7082,34.88795956,-82.72522047
Gubernatorial,South Carolina,State,South Carolina,Johnson (D),Wilson (R),Richland County,45079,0.703994568145725,130370.0862,34.02226754,-80.90384361
Gubernatorial,South Carolina,State,South Carolina,Johnson (D),Wilson (R),Saluda County,45081,0.303434214868925,6481.7868,34.00631213,-81.72732002
Gubernatorial,South Carolina,State,South Carolina,Johnson (D),Wilson (R),Spartanburg County,45083,0.357727938708512,111893.4276,34.93148726,-81.99110742
Gubernatorial,South Carolina,State,South Carolina,Johnson (D),Wilson (R),Sumter County,45085,0.552643222408444,32488.992,33.91600797,-80.38227873
Gubernatorial,South Carolina,State,South Carolina,Johnson (D),Wilson (R),Union County,45087,0.363028321914487,8868.9708,34.68978386,-81.61926683
Gubernatorial,South Carolina,State,South Carolina,Johnson (D),Wilson (R),Williamsburg County,45089,0.637721535339669,10304.1924,33.62020834,-79.72785637
Gubernatorial,South Carolina,State,South Carolina,Johnson (D),Wilson (R),York County,45091,0.431030893192953,107597.2242,34.9746458,-81.18407852
Gubernatorial,South Dakota,State,South Dakota,Ahlers (D),Rhoden* (R),Aurora County,46003,0.272083760171251,988.3524,43.7180875,-98.56175096
Gubernatorial,South Dakota,State,South Dakota,Ahlers (D),Rhoden* (R),Beadle County,46005,0.34445166157959,4980.3354,44.41467039,-98.27883711
Gubernatorial,South Dakota,State,South Dakota,Ahlers (D),Rhoden* (R),Bennett County,46007,0.414956114572573,775.107,43.19506714,-101.6641253
Gubernatorial,South Dakota,State,South Dakota,Ahlers (D),Rhoden* (R),Bon Homme County,46009,0.287338539592061,2134.6374,42.98827986,-97.88493814
Gubernatorial,South Dakota,State,South Dakota,Ahlers (D),Rhoden* (R),Brookings County,46011,0.460472309384542,10591.6734,44.36981684,-96.79064836
Gubernatorial,South Dakota,State,South Dakota,Ahlers (D),Rhoden* (R),Brown County,46013,0.413035219184294,12168.816,45.58993475,-98.35163367
Gubernatorial,South Dakota,State,South Dakota,Ahlers (D),Rhoden* (R),Brule County,46015,0.33190128844064,1717.608,43.71816719,-99.08125406
Gubernatorial,South Dakota,State,South Dakota,Ahlers (D),Rhoden* (R),Buffalo County,46017,0.689258338170571,331.149,44.07640555,-99.20485567
Gubernatorial,South Dakota,State,South Dakota,Ahlers (D),Rhoden* (R),Butte County,46019,0.239387789870704,3614.2548,44.905694,-103.507491
Gubernatorial,South Dakota,State,South Dakota,Ahlers (D),Rhoden* (R),Campbell County,46021,0.194976348973328,601.1628,45.77126363,-100.0517394
Gubernatorial,South Dakota,State,South Dakota,Ahlers (D),Rhoden* (R),Charles Mix County,46023,0.331308712465384,2584.4178,43.20792726,-98.58785039
Gubernatorial,South Dakota,State,South Dakota,Ahlers (D),Rhoden* (R),Clark County,46025,0.280638354926214,1307.8566,44.8584651,-97.72949102
Gubernatorial,South Dakota,State,South Dakota,Ahlers (D),Rhoden* (R),Clay County,46027,0.58322453869712,4016.0004,42.91461976,-96.97560307
Gubernatorial,South Dakota,State,South Dakota,Ahlers (D),Rhoden* (R),Codington County,46029,0.340849615950339,9598.9542,44.97790512,-97.18860384
Gubernatorial,South Dakota,State,South Dakota,Ahlers (D),Rhoden* (R),Corson County,46031,0.48930713484459,819.5028,45.7085132,-101.1967817
Gubernatorial,South Dakota,State,South Dakota,Ahlers (D),Rhoden* (R),Custer County,46033,0.316194497249587,4279.464,43.67736837,-103.4514908
Gubernatorial,South Dakota,State,South Dakota,Ahlers (D),Rhoden* (R),Davison County,46035,0.356144105737827,6514.5378,43.67475843,-98.14543668
Gubernatorial,South Dakota,State,South Dakota,Ahlers (D),Rhoden* (R),Day County,46037,0.397403044646293,2093.1528,45.36728275,-97.60737593
Gubernatorial,South Dakota,State,South Dakota,Ahlers (D),Rhoden* (R),Deuel County,46039,0.284887208186969,1633.911,44.76015949,-96.66802862
Gubernatorial,South Dakota,State,South Dakota,Ahlers (D),Rhoden* (R),Dewey County,46041,0.615177350664926,1328.235,45.15658384,-100.8716993
Gubernatorial,South Dakota,State,South Dakota,Ahlers (D),Rhoden* (R),Douglas County,46043,0.183397532309765,1192.1364,43.38705519,-98.36606932
Gubernatorial,South Dakota,State,South Dakota,Ahlers (D),Rhoden* (R),Edmunds County,46045,0.241506090418323,1457.0556,45.41847898,-99.21540939
Gubernatorial,South Dakota,State,South Dakota,Ahlers (D),Rhoden* (R),Fall River County,46047,0.296996818177959,3031.287,43.23917478,-103.5274481
Gubernatorial,South Dakota,State,South Dakota,Ahlers (D),Rhoden* (R),Faulk County,46049,0.21560905001539,802.7634,45.07082625,-99.14535601
Gubernatorial,South Dakota,State,South Dakota,Ahlers (D),Rhoden* (R),Grant County,46051,0.316929537028211,2576.412,45.17218979,-96.76789112
Gubernatorial,South Dakota,State,South Dakota,Ahlers (D),Rhoden* (R),Gregory County,46053,0.241936165758146,1612.8048,43.19247936,-99.18590693
Gubernatorial,South Dakota,State,South Dakota,Ahlers (D),Rhoden* (R),Haakon County,46055,0.144377790404541,807.1302,44.29463659,-101.5397482
Gubernatorial,South Dakota,State,South Dakota,Ahlers (D),Rhoden* (R),Hamlin County,46057,0.242126920692151,2307.126,44.67385954,-97.18829593
Gubernatorial,South Dakota,State,South Dakota,Ahlers (D),Rhoden* (R),Hand County,46059,0.259347525261481,1267.0998,44.54798838,-99.00538393
Gubernatorial,South Dakota,State,South Dakota,Ahlers (D),Rhoden* (R),Hanson County,46061,0.248205361296699,1462.878,43.67458361,-97.78704306
Gubernatorial,South Dakota,State,South Dakota,Ahlers (D),Rhoden* (R),Harding County,46063,0.10954827267497,583.6956,45.58027156,-103.4943846
Gubernatorial,South Dakota,State,South Dakota,Ahlers (D),Rhoden* (R),Hughes County,46065,0.395079424714549,5980.3326,44.38906584,-99.99599706
Gubernatorial,South Dakota,State,South Dakota,Ahlers (D),Rhoden* (R),Hutchinson County,46067,0.255251941626739,2673.2094,43.33466314,-97.75456287
Gubernatorial,South Dakota,State,South Dakota,Ahlers (D),Rhoden* (R),Hyde County,46069,0.267986984155854,493.4484,44.54709825,-99.48692012
Gubernatorial,South Dakota,State,South Dakota,Ahlers (D),Rhoden* (R),Jackson County,46071,0.371319520231753,807.858,43.69419796,-101.6282752
Gubernatorial,South Dakota,State,South Dakota,Ahlers (D),Rhoden* (R),Jerauld County,46073,0.330185703488181,716.1552,44.06637798,-98.62965972
Gubernatorial,South Dakota,State,South Dakota,Ahlers (D),Rhoden* (R),Jones County,46075,0.161429742185551,390.8286,43.96077423,-100.6897488
Gubernatorial,South Dakota,State,South Dakota,Ahlers (D),Rhoden* (R),Kingsbury County,46077,0.326162067398782,2000.7222,44.36956169,-97.4913945
Gubernatorial,South Dakota,State,South Dakota,Ahlers (D),Rhoden* (R),Lake County,46079,0.390908869802127,4219.0566,44.02193107,-97.12926365
Gubernatorial,South Dakota,State,South Dakota,Ahlers (D),Rhoden* (R),Lawrence County,46081,0.388461418439214,10900.9884,44.35866653,-103.7921498
Gubernatorial,South Dakota,State,South Dakota,Ahlers (D),Rhoden* (R),Lincoln County,46083,0.414312246118699,25911.1356,43.27884092,-96.7217084
Gubernatorial,South Dakota,State,South Dakota,Ahlers (D),Rhoden* (R),Lyman County,46085,0.347931114157835,1029.837,43.89597621,-99.84735699
Gubernatorial,South Dakota,State,South Dakota,Ahlers (D),Rhoden* (R),Marshall County,46091,0.42747567638791,1506.546,45.75863325,-97.59865421
Gubernatorial,South Dakota,State,South Dakota,Ahlers (D),Rhoden* (R),McCook County,46087,0.297333033745267,2154.288,43.67426214,-97.36854569
Gubernatorial,South Dakota,State,South Dakota,Ahlers (D),Rhoden* (R),McPherson County,46089,0.197148879002289,927.945,45.7662597,-99.221197
Gubernatorial,South Dakota,State,South Dakota,Ahlers (D),Rhoden* (R),Meade County,46093,0.288794907276612,10413.3624,44.56667531,-102.7166458
Gubernatorial,South Dakota,State,South Dakota,Ahlers (D),Rhoden* (R),Mellette County,46095,0.446081765091356,523.2882,43.58135895,-100.7598474
Gubernatorial,South Dakota,State,South Dakota,Ahlers (D),Rhoden* (R),Miner County,46097,0.308075323654223,825.3252,44.02197882,-97.60992207
Gubernatorial,South Dakota,State,South Dakota,Ahlers (D),Rhoden* (R),Minnehaha County,46099,0.484754837530199,66786.567,43.67413367,-96.7914546
Gubernatorial,South Dakota,State,South Dakota,Ahlers (D),Rhoden* (R),Moody County,46101,0.386877385789619,2270.736,44.02224521,-96.67091097
Gubernatorial,South Dakota,State,South Dakota,Ahlers (D),Rhoden* (R),Oglala Lakota County,46102,0.913135503722812,2163.7494,43.3667,-102.5615
Gubernatorial,South Dakota,State,South Dakota,Ahlers (D),Rhoden* (R),Pennington County,46103,0.413864262576714,40072.668,44.00397449,-102.8239659
Gubernatorial,South Dakota,State,South Dakota,Ahlers (D),Rhoden* (R),Perkins County,46105,0.194920828546437,1142.646,45.49024355,-102.4744037
Gubernatorial,South Dakota,State,South Dakota,Ahlers (D),Rhoden* (R),Potter County,46107,0.217804732859935,926.4894,45.06449392,-99.9571321
Gubernatorial,South Dakota,State,South Dakota,Ahlers (D),Rhoden* (R),Roberts County,46109,0.432613951629278,2965.0572,45.62977349,-96.94614272
Gubernatorial,South Dakota,State,South Dakota,Ahlers (D),Rhoden* (R),Sanborn County,46111,0.2677113666236,864.6264,44.02345807,-98.09105658
Gubernatorial,South Dakota,State,South Dakota,Ahlers (D),Rhoden* (R),Spink County,46115,0.350089288042617,2231.4348,44.93824835,-98.34623659
Gubernatorial,South Dakota,State,South Dakota,Ahlers (D),Rhoden* (R),Stanley County,46117,0.311560816009077,1242.3546,44.41245198,-100.7360867
Gubernatorial,South Dakota,State,South Dakota,Ahlers (D),Rhoden* (R),Sully County,46119,0.23974314747891,643.3752,44.71542851,-100.131855
Gubernatorial,South Dakota,State,South Dakota,Ahlers (D),Rhoden* (R),Todd County,46121,0.809252809108438,1504.3626,43.1933652,-100.7186033
Gubernatorial,South Dakota,State,South Dakota,Ahlers (D),Rhoden* (R),Tripp County,46123,0.229087211587231,1906.836,43.34592545,-99.88408568
Gubernatorial,South Dakota,State,South Dakota,Ahlers (D),Rhoden* (R),Turner County,46125,0.286003919434034,3215.4204,43.3109081,-97.14865776
Gubernatorial,South Dakota,State,South Dakota,Ahlers (D),Rhoden* (R),Union County,46127,0.342302400217849,6337.6824,42.83182818,-96.65571268
Gubernatorial,South Dakota,State,South Dakota,Ahlers (D),Rhoden* (R),Walworth County,46129,0.248376130745613,1762.0038,45.42998641,-100.0313401
Gubernatorial,South Dakota,State,South Dakota,Ahlers (D),Rhoden* (R),Yankton County,46135,0.418348805284394,7665.9174,43.00895493,-97.39494039
Gubernatorial,South Dakota,State,South Dakota,Ahlers (D),Rhoden* (R),Ziebach County,46137,0.535109039193686,548.7612,44.98058236,-101.6659766
Gubernatorial,Tennessee,State,Tennessee,Green (D),Blackburn (R),Anderson County,47001,0.380955877385706,26278.6746,36.11862903,-84.19904346
Gubernatorial,Tennessee,State,Tennessee,Green (D),Blackburn (R),Bedford County,47003,0.268963842853022,14478.8532,35.51388628,-86.4596155
Gubernatorial,Tennessee,State,Tennessee,Green (D),Blackburn (R),Benton County,47005,0.244606175789012,5242.3434,36.06961024,-88.06869913
Gubernatorial,Tennessee,State,Tennessee,Green (D),Blackburn (R),Bledsoe County,47007,0.206761624308733,4472.331,35.59663055,-85.20533487
Gubernatorial,Tennessee,State,Tennessee,Green (D),Blackburn (R),Blount County,47009,0.320151076563483,49754.5914,35.68735498,-83.92484736
Gubernatorial,Tennessee,State,Tennessee,Green (D),Blackburn (R),Bradley County,47011,0.264115347602761,35435.1264,35.15369028,-84.85962176
Gubernatorial,Tennessee,State,Tennessee,Green (D),Blackburn (R),Campbell County,47013,0.211246885912496,11222.676,36.40334413,-84.14937651
Gubernatorial,Tennessee,State,Tennessee,Green (D),Blackburn (R),Cannon County,47015,0.227894251506411,4959.2292,35.80842943,-86.06179619
Gubernatorial,Tennessee,State,Tennessee,Green (D),Blackburn (R),Carroll County,47017,0.251324266510973,8573.484,35.97307462,-88.45060499
Gubernatorial,Tennessee,State,Tennessee,Green (D),Blackburn (R),Carter County,47019,0.242668174278364,17919.1638,36.29228876,-82.12769739
Gubernatorial,Tennessee,State,Tennessee,Green (D),Blackburn (R),Cheatham County,47021,0.328940891913744,14884.2378,36.26140435,-87.08648326
Gubernatorial,Tennessee,State,Tennessee,Green (D),Blackburn (R),Chester County,47023,0.23341545240071,5452.6776,35.42206909,-88.61425832
Gubernatorial,Tennessee,State,Tennessee,Green (D),Blackburn (R),Claiborne County,47025,0.208482977158993,9777.2652,36.48575666,-83.66072369
Gubernatorial,Tennessee,State,Tennessee,Green (D),Blackburn (R),Clay County,47027,0.22633283283388,2715.4218,36.55111287,-85.5429723
Gubernatorial,Tennessee,State,Tennessee,Green (D),Blackburn (R),Cocke County,47029,0.217371362760076,11295.456,35.92555143,-83.12121537
Gubernatorial,Tennessee,State,Tennessee,Green (D),Blackburn (R),Coffee County,47031,0.282778124606281,17914.0692,35.49021487,-86.07559709
Gubernatorial,Tennessee,State,Tennessee,Green (D),Blackburn (R),Crockett County,47033,0.265513563185093,4272.186,35.81376271,-89.13938582
Gubernatorial,Tennessee,State,Tennessee,Green (D),Blackburn (R),Cumberland County,47035,0.265167349874602,25032.681,35.95070017,-84.9986148
Gubernatorial,Tennessee,State,Tennessee,Green (D),Blackburn (R),Davidson County,47037,0.701858893369364,206781.0804,36.16932462,-86.78502875
Gubernatorial,Tennessee,State,Tennessee,Green (D),Blackburn (R),Decatur County,47039,0.213012230053105,3941.037,35.60350601,-88.10830091
Gubernatorial,Tennessee,State,Tennessee,Green (D),Blackburn (R),DeKalb County,47041,0.24510798174887,6772.179,35.98021146,-85.83288678
Gubernatorial,Tennessee,State,Tennessee,Green (D),Blackburn (R),Dickson County,47043,0.29909260415608,18133.137,36.14932156,-87.35658415
Gubernatorial,Tennessee,State,Tennessee,Green (D),Blackburn (R),Dyer County,47045,0.250934106353699,10414.818,36.05918296,-89.4139363
Gubernatorial,Tennessee,State,Tennessee,Green (D),Blackburn (R),Fayette County,47047,0.348015479673511,17085.8328,35.19709994,-89.41493045
Gubernatorial,Tennessee,State,Tennessee,Green (D),Blackburn (R),Fentress County,47049,0.180170474190372,7062.5712,36.3805182,-84.9326155
Gubernatorial,Tennessee,State,Tennessee,Green (D),Blackburn (R),Franklin County,47051,0.29348736060275,14224.851,35.15504791,-86.09233522
Gubernatorial,Tennessee,State,Tennessee,Green (D),Blackburn (R),Gibson County,47053,0.299572276635348,15608.3988,35.99666265,-88.93264081
Gubernatorial,Tennessee,State,Tennessee,Green (D),Blackburn (R),Giles County,47055,0.284237266564823,9729.2304,35.20194268,-87.03541784
Gubernatorial,Tennessee,State,Tennessee,Green (D),Blackburn (R),Grainger County,47057,0.191217871286526,8050.9236,36.2754882,-83.51084097
Gubernatorial,Tennessee,State,Tennessee,Green (D),Blackburn (R),Greene County,47059,0.229186212653079,22366.0218,36.17587226,-82.84564638
Gubernatorial,Tennessee,State,Tennessee,Green (D),Blackburn (R),Grundy County,47061,0.212673047002733,4572.0396,35.3884299,-85.72237029
Gubernatorial,Tennessee,State,Tennessee,Green (D),Blackburn (R),Hamblen County,47063,0.264723851321857,18403.1508,36.2171435,-83.26632471
Gubernatorial,Tennessee,State,Tennessee,Green (D),Blackburn (R),Hamilton County,47065,0.495466867263118,124913.7696,35.18133492,-85.1644476
Gubernatorial,Tennessee,State,Tennessee,Green (D),Blackburn (R),Hancock County,47067,0.177256702338865,2104.7976,36.52355034,-83.2217117
Gubernatorial,Tennessee,State,Tennessee,Green (D),Blackburn (R),Hardeman County,47069,0.440199169051833,6783.096,35.2067611,-88.99308826
Gubernatorial,Tennessee,State,Tennessee,Green (D),Blackburn (R),Hardin County,47071,0.203801201534203,8731.4166,35.19856007,-88.1845967
Gubernatorial,Tennessee,State,Tennessee,Green (D),Blackburn (R),Hawkins County,47073,0.214799892173354,18961.3734,36.4410474,-82.94554982
Gubernatorial,Tennessee,State,Tennessee,Green (D),Blackburn (R),Haywood County,47075,0.563660493323953,4801.2966,35.58313405,-89.28418692
Gubernatorial,Tennessee,State,Tennessee,Green (D),Blackburn (R),Henderson County,47077,0.220464065623191,8722.683,35.65381663,-88.38771258
Gubernatorial,Tennessee,State,Tennessee,Green (D),Blackburn (R),Henry County,47079,0.282080811664694,10855.137,36.33178059,-88.30116646
Gubernatorial,Tennessee,State,Tennessee,Green (D),Blackburn (R),Hickman County,47081,0.254084660701545,7447.5774,35.80374486,-87.47317001
Gubernatorial,Tennessee,State,Tennessee,Green (D),Blackburn (R),Houston County,47083,0.267241503395952,2737.9836,36.28616631,-87.71768095
Gubernatorial,Tennessee,State,Tennessee,Green (D),Blackburn (R),Humphreys County,47085,0.278124208635923,5943.9426,36.04110957,-87.77571312
Gubernatorial,Tennessee,State,Tennessee,Green (D),Blackburn (R),Jackson County,47087,0.246621718252433,4094.6028,36.35953777,-85.67355848
Gubernatorial,Tennessee,State,Tennessee,Green (D),Blackburn (R),Jefferson County,47089,0.237863616085868,18610.5738,36.0513409,-83.44652522
Gubernatorial,Tennessee,State,Tennessee,Green (D),Blackburn (R),Johnson County,47091,0.212493214109539,5852.2398,36.45484107,-81.85180572
Gubernatorial,Tennessee,State,Tennessee,Green (D),Blackburn (R),Knox County,47093,0.462606617674503,158901.3018,35.99332876,-83.93759106
Gubernatorial,Tennessee,State,Tennessee,Green (D),Blackburn (R),Lake County,47095,0.28497068745407,1398.8316,36.33529914,-89.49340328
Gubernatorial,Tennessee,State,Tennessee,Green (D),Blackburn (R),Lauderdale County,47097,0.375149407917832,5970.8712,35.76118851,-89.63135139
Gubernatorial,Tennessee,State,Tennessee,Green (D),Blackburn (R),Lawrence County,47099,0.213510839290606,14096.0304,35.21729152,-87.39523632
Gubernatorial,Tennessee,State,Tennessee,Green (D),Blackburn (R),Lewis County,47101,0.23137034779989,4252.5354,35.52726999,-87.49365286
Gubernatorial,Tennessee,State,Tennessee,Green (D),Blackburn (R),Lincoln County,47103,0.235749432494382,11637.522,35.14053022,-86.58840969
Gubernatorial,Tennessee,State,Tennessee,Green (D),Blackburn (R),Loudon County,47105,0.29387430426698,23908.9578,35.73514674,-84.31125324
Gubernatorial,Tennessee,State,Tennessee,Green (D),Blackburn (R),Macon County,47111,0.186533645759084,7449.033,36.53211833,-86.00775763
Gubernatorial,Tennessee,State,Tennessee,Green (D),Blackburn (R),Madison County,47113,0.469740376201287,28748.1,35.60806385,-88.83867386
Gubernatorial,Tennessee,State,Tennessee,Green (D),Blackburn (R),Marion County,47115,0.280818827158214,10053.8292,35.1294263,-85.62192494
Gubernatorial,Tennessee,State,Tennessee,Green (D),Blackburn (R),Marshall County,47117,0.276105601609943,11510.8848,35.46843385,-86.76591028
Gubernatorial,Tennessee,State,Tennessee,Green (D),Blackburn (R),Maury County,47119,0.336313935121221,37496.9838,35.6177569,-87.0771147
Gubernatorial,Tennessee,State,Tennessee,Green (D),Blackburn (R),McMinn County,47107,0.237938221970216,17379.864,35.4243615,-84.61781822
Gubernatorial,Tennessee,State,Tennessee,Green (D),Blackburn (R),McNairy County,47109,0.216459350844013,8125.1592,35.17583563,-88.56332928
Gubernatorial,Tennessee,State,Tennessee,Green (D),Blackburn (R),Meigs County,47121,0.221686393136085,4405.3734,35.51294836,-84.8129419
Gubernatorial,Tennessee,State,Tennessee,Green (D),Blackburn (R),Monroe County,47123,0.22477283099619,16109.1252,35.44293343,-84.25271451
Gubernatorial,Tennessee,State,Tennessee,Green (D),Blackburn (R),Montgomery County,47125,0.468267536667365,58610.4618,36.49650951,-87.38247263
Gubernatorial,Tennessee,State,Tennessee,Green (D),Blackburn (R),Moore County,47127,0.212237652679193,2621.5356,35.28548298,-86.35914773
Gubernatorial,Tennessee,State,Tennessee,Green (D),Blackburn (R),Morgan County,47129,0.186043490086532,6172.4718,36.13501561,-84.64901358
Gubernatorial,Tennessee,State,Tennessee,Green (D),Blackburn (R),Obion County,47131,0.235051172878564,9328.2126,36.35824874,-89.1487146
Gubernatorial,Tennessee,State,Tennessee,Green (D),Blackburn (R),Overton County,47133,0.237743091727429,7986.1494,36.34428251,-85.28818727
Gubernatorial,Tennessee,State,Tennessee,Green (D),Blackburn (R),Perry County,47135,0.212698881729204,2690.6766,35.64313951,-87.85894071
Gubernatorial,Tennessee,State,Tennessee,Green (D),Blackburn (R),Pickett County,47137,0.228090829269005,2130.9984,36.55818853,-85.07476517
Gubernatorial,Tennessee,State,Tennessee,Green (D),Blackburn (R),Polk County,47139,0.21838384927514,6301.2924,35.11993556,-84.52298798
Gubernatorial,Tennessee,State,Tennessee,Green (D),Blackburn (R),Putnam County,47141,0.32203490672559,25141.851,36.14080321,-85.49633518
Gubernatorial,Tennessee,State,Tennessee,Green (D),Blackburn (R),Rhea County,47143,0.223602455921718,10397.3508,35.60911854,-84.92418399
Gubernatorial,Tennessee,State,Tennessee,Green (D),Blackburn (R),Roane County,47145,0.285994019344327,19711.7352,35.84762955,-84.52335538
Gubernatorial,Tennessee,State,Tennessee,Green (D),Blackburn (R),Robertson County,47147,0.304731559815655,25245.9264,36.52536378,-86.87047841
Gubernatorial,Tennessee,State,Tennessee,Green (D),Blackburn (R),Rutherford County,47149,0.451242343718736,105870.8826,35.84260355,-86.41692683
Gubernatorial,Tennessee,State,Tennessee,Green (D),Blackburn (R),Scott County,47151,0.160404436112481,6950.49,36.42885328,-84.50369331
Gubernatorial,Tennessee,State,Tennessee,Green (D),Blackburn (R),Sequatchie County,47153,0.227109946560234,5687.0292,35.37103725,-85.4102441
Gubernatorial,Tennessee,State,Tennessee,Green (D),Blackburn (R),Sevier County,47155,0.252948582224858,31680.4062,35.78475751,-83.52376973
Gubernatorial,Tennessee,State,Tennessee,Green (D),Blackburn (R),Shelby County,47157,0.690933450767974,233387.9928,35.18412715,-89.89620223
Gubernatorial,Tennessee,State,Tennessee,Green (D),Blackburn (R),Smith County,47159,0.234198125089416,6732.15,36.25023609,-85.95654414
Gubernatorial,Tennessee,State,Tennessee,Green (D),Blackburn (R),Stewart County,47161,0.238891971478178,4766.3622,36.50150068,-87.83755715
Gubernatorial,Tennessee,State,Tennessee,Green (D),Blackburn (R),Sullivan County,47163,0.284077067660327,54423.4284,36.51291546,-82.30419555
Gubernatorial,Tennessee,State,Tennessee,Green (D),Blackburn (R),Sumner County,47165,0.350193999483279,70335.3198,36.46938867,-86.46074089
Gubernatorial,Tennessee,State,Tennessee,Green (D),Blackburn (R),Tipton County,47167,0.295065039358392,19272.8718,35.49692909,-89.75925274
Gubernatorial,Tennessee,State,Tennessee,Green (D),Blackburn (R),Trousdale County,47169,0.264849915670032,3067.677,36.39236244,-86.15630295
Gubernatorial,Tennessee,State,Tennessee,Green (D),Blackburn (R),Unicoi County,47171,0.248422896347544,6152.8212,36.11077416,-82.43228458
Gubernatorial,Tennessee,State,Tennessee,Green (D),Blackburn (R),Union County,47173,0.203161041494193,6259.08,36.28814616,-83.83725225
Gubernatorial,Tennessee,State,Tennessee,Green (D),Blackburn (R),Van Buren County,47175,0.223394316962967,2359.5276,35.6961661,-85.45359622
Gubernatorial,Tennessee,State,Tennessee,Green (D),Blackburn (R),Warren County,47177,0.278346249697188,12255.4242,35.67900378,-85.77914118
Gubernatorial,Tennessee,State,Tennessee,Green (D),Blackburn (R),Washington County,47179,0.361798788801283,43980.954,36.293414,-82.49711101
Gubernatorial,Tennessee,State,Tennessee,Green (D),Blackburn (R),Wayne County,47181,0.174188236180147,4933.0284,35.24027258,-87.78755065
Gubernatorial,Tennessee,State,Tennessee,Green (D),Blackburn (R),Weakley County,47183,0.267178024934987,9654.9948,36.29822836,-88.71817942
Gubernatorial,Tennessee,State,Tennessee,Green (D),Blackburn (R),White County,47185,0.225936648826068,9331.8516,35.92662264,-85.45476978
Gubernatorial,Tennessee,State,Tennessee,Green (D),Blackburn (R),Williamson County,47187,0.397039176562872,103534.6446,35.89405608,-86.89830897
Gubernatorial,Tennessee,State,Tennessee,Green (D),Blackburn (R),Wilson County,47189,0.35891317646366,58427.784,36.15428192,-86.29778739
Gubernatorial,Texas,State,Texas,Hinojosa (D),Abbott* (R),Anderson County,48001,0.210178314101191,13997.0496,31.81341571,-95.65255946
Gubernatorial,Texas,State,Texas,Hinojosa (D),Abbott* (R),Andrews County,48003,0.15770468668467,4374.8058,32.30470528,-102.6376348
Gubernatorial,Texas,State,Texas,Hinojosa (D),Abbott* (R),Angelina County,48005,0.249979213751829,24887.121,31.25457834,-94.61100866
Gubernatorial,Texas,State,Texas,Hinojosa (D),Abbott* (R),Aransas County,48007,0.236616923681389,9403.9038,28.11898396,-96.99699873
Gubernatorial,Texas,State,Texas,Hinojosa (D),Abbott* (R),Archer County,48009,0.117641071983714,3720.5136,33.61569967,-98.68754589
Gubernatorial,Texas,State,Texas,Hinojosa (D),Abbott* (R),Armstrong County,48011,0.0965053362470878,804.9468,34.96507426,-101.3574874
Gubernatorial,Texas,State,Texas,Hinojosa (D),Abbott* (R),Atascosa County,48013,0.319889471939072,13315.101,28.89331115,-98.52716292
Gubernatorial,Texas,State,Texas,Hinojosa (D),Abbott* (R),Austin County,48015,0.202759163516848,11115.6894,29.88707804,-96.27800561
Gubernatorial,Texas,State,Texas,Hinojosa (D),Abbott* (R),Bailey County,48017,0.20058447717668,1256.9106,34.06860316,-102.8298267
Gubernatorial,Texas,State,Texas,Hinojosa (D),Abbott* (R),Bandera County,48019,0.208302187935419,9804.1938,29.74699689,-99.24640517
Gubernatorial,Texas,State,Texas,Hinojosa (D),Abbott* (R),Bastrop County,48021,0.442801967744483,28595.262,30.10367452,-97.31201625
Gubernatorial,Texas,State,Texas,Hinojosa (D),Abbott* (R),Baylor County,48023,0.120163449945667,1204.509,33.61640794,-99.21352901
Gubernatorial,Texas,State,Texas,Hinojosa (D),Abbott* (R),Bee County,48025,0.336350646647993,6344.2326,28.41736711,-97.74102624
Gubernatorial,Texas,State,Texas,Hinojosa (D),Abbott* (R),Bell County,48027,0.435514094924902,93983.7252,31.03762665,-97.47823134
Gubernatorial,Texas,State,Texas,Hinojosa (D),Abbott* (R),Bexar County,48029,0.60027863813467,545074.1652,29.44911665,-98.52016013
Gubernatorial,Texas,State,Texas,Hinojosa (D),Abbott* (R),Blanco County,48031,0.258906540383245,6128.076,30.26640707,-98.3999852
Gubernatorial,Texas,State,Texas,Hinojosa (D),Abbott* (R),Borden County,48033,0.0614664144088589,280.9308,32.74363984,-101.4316509
Gubernatorial,Texas,State,Texas,Hinojosa (D),Abbott* (R),Bosque County,48035,0.181420572331764,6909.0054,31.90035901,-97.63435711
Gubernatorial,Texas,State,Texas,Hinojosa (D),Abbott* (R),Bowie County,48037,0.267508192867877,26494.8312,33.44693757,-94.42378182
Gubernatorial,Texas,State,Texas,Hinojosa (D),Abbott* (R),Brazoria County,48039,0.428828787844111,116333.7354,29.18949785,-95.45158629
Gubernatorial,Texas,State,Texas,Hinojosa (D),Abbott* (R),Brazos County,48041,0.414570760067893,65876.817,30.66074221,-96.30208322
Gubernatorial,Texas,State,Texas,Hinojosa (D),Abbott* (R),Brewster County,48043,0.476712031983473,3285.2892,29.81174561,-103.2522656
Gubernatorial,Texas,State,Texas,Hinojosa (D),Abbott* (R),Briscoe County,48045,0.116690153759219,537.1164,34.53026962,-101.2084947
Gubernatorial,Texas,State,Texas,Hinojosa (D),Abbott* (R),Brooks County,48047,0.614322031054176,1735.803,27.03154713,-98.21866528
Gubernatorial,Texas,State,Texas,Hinojosa (D),Abbott* (R),Brown County,48049,0.142862520300367,12172.455,31.77417703,-98.99881071
Gubernatorial,Texas,State,Texas,Hinojosa (D),Abbott* (R),Burleson County,48051,0.204255211414739,6764.901,30.49219576,-96.62105771
Gubernatorial,Texas,State,Texas,Hinojosa (D),Abbott* (R),Burnet County,48053,0.240333723034992,20312.1702,30.78852336,-98.18244138
Gubernatorial,Texas,State,Texas,Hinojosa (D),Abbott* (R),Caldwell County,48055,0.457426436177284,11279.4444,29.83714515,-97.61976797
Gubernatorial,Texas,State,Texas,Hinojosa (D),Abbott* (R),Calhoun County,48057,0.263825869662061,5671.0176,28.50349599,-96.60474134
Gubernatorial,Texas,State,Texas,Hinojosa (D),Abbott* (R),Callahan County,48059,0.122024976367506,5051.6598,32.29760619,-99.37326312
Gubernatorial,Texas,State,Texas,Hinojosa (D),Abbott* (R),Cameron County,48061,0.55040463976548,83878.2222,26.13427178,-97.51397873
Gubernatorial,Texas,State,Texas,Hinojosa (D),Abbott* (R),Camp County,48063,0.251239301618478,3793.2936,32.97374349,-94.97868645
Gubernatorial,Texas,State,Texas,Hinojosa (D),Abbott* (R),Carson County,48065,0.110939766729035,2296.9368,35.40365929,-101.3542669
Gubernatorial,Texas,State,Texas,Hinojosa (D),Abbott* (R),Cass County,48067,0.184142021699099,10261.2522,33.07772099,-94.34317524
Gubernatorial,Texas,State,Texas,Hinojosa (D),Abbott* (R),Castro County,48069,0.206904916607852,1464.3336,34.53004051,-102.2617081
Gubernatorial,Texas,State,Texas,Hinojosa (D),Abbott* (R),Chambers County,48071,0.194863243898407,18019.6002,29.73846857,-94.60850621
Gubernatorial,Texas,State,Texas,Hinojosa (D),Abbott* (R),Cherokee County,48073,0.198004445152177,14801.2686,31.83752856,-95.16565693
Gubernatorial,Texas,State,Texas,Hinojosa (D),Abbott* (R),Childress County,48075,0.130231171073884,1640.4612,34.52929885,-100.2077744
Gubernatorial,Texas,State,Texas,Hinojosa (D),Abbott* (R),Clay County,48077,0.1206792713992,4273.6416,33.78558981,-98.20837415
Gubernatorial,Texas,State,Texas,Hinojosa (D),Abbott* (R),Cochran County,48079,0.189821216872271,642.6474,33.60426094,-102.8285179
Gubernatorial,Texas,State,Texas,Hinojosa (D),Abbott* (R),Coke County,48081,0.11705824454362,1311.4956,31.88933528,-100.5295971
Gubernatorial,Texas,State,Texas,Hinojosa (D),Abbott* (R),Coleman County,48083,0.11897399135206,3013.092,31.77319682,-99.45287706
Gubernatorial,Texas,State,Texas,Hinojosa (D),Abbott* (R),Collin County,48085,0.475548628982227,365100.1422,33.18822716,-96.57266803
Gubernatorial,Texas,State,Texas,Hinojosa (D),Abbott* (R),Collingsworth County,48087,0.120584107547694,874.0878,34.96489439,-100.2700105
Gubernatorial,Texas,State,Texas,Hinojosa (D),Abbott* (R),Colorado County,48089,0.223815930168127,7228.5096,29.62080587,-96.52613796
Gubernatorial,Texas,State,Texas,Hinojosa (D),Abbott* (R),Comal County,48091,0.292282251684322,74552.9208,29.80840142,-98.2785174
Gubernatorial,Texas,State,Texas,Hinojosa (D),Abbott* (R),Comanche County,48093,0.150497017940759,4740.1614,31.94854859,-98.55874953
Gubernatorial,Texas,State,Texas,Hinojosa (D),Abbott* (R),Concho County,48095,0.149793703199087,866.8098,31.32686635,-99.86428507
Gubernatorial,Texas,State,Texas,Hinojosa (D),Abbott* (R),Cooke County,48097,0.184715596754981,14763.423,33.63940669,-97.21276751
Gubernatorial,Texas,State,Texas,Hinojosa (D),Abbott* (R),Coryell County,48099,0.310985997124356,17210.2866,31.39078397,-97.79936155
Gubernatorial,Texas,State,Texas,Hinojosa (D),Abbott* (R),Cottle County,48101,0.14512326703074,475.9812,34.07767347,-100.2787087
Gubernatorial,Texas,State,Texas,Hinojosa (D),Abbott* (R),Crane County,48103,0.161660740643394,1005.0918,31.4287137,-102.5151699
Gubernatorial,Texas,State,Texas,Hinojosa (D),Abbott* (R),Crockett County,48105,0.253289594644692,1026.198,30.72293884,-101.4121116
Gubernatorial,Texas,State,Texas,Hinojosa (D),Abbott* (R),Crosby County,48107,0.245888934912198,1358.8026,33.61431553,-101.3000364
Gubernatorial,Texas,State,Texas,Hinojosa (D),Abbott* (R),Culberson County,48109,0.470319244877845,560.406,31.44657839,-104.5179143
Gubernatorial,Texas,State,Texas,Hinojosa (D),Abbott* (R),Dallam County,48111,0.174059345798434,1045.8486,36.27789187,-102.6021107
Gubernatorial,Texas,State,Texas,Hinojosa (D),Abbott* (R),Dallas County,48113,0.656654059278421,606757.3986,32.76665041,-96.77788947
Gubernatorial,Texas,State,Texas,Hinojosa (D),Abbott* (R),Dawson County,48115,0.200337456247166,2530.5606,32.74255572,-101.9477242
Gubernatorial,Texas,State,Texas,Hinojosa (D),Abbott* (R),Deaf Smith County,48117,0.25374475820995,3094.6056,34.96515022,-102.6052738
Gubernatorial,Texas,State,Texas,Hinojosa (D),Abbott* (R),Delta County,48119,0.176543190767531,1926.4866,33.38664358,-95.67114037
Gubernatorial,Texas,State,Texas,Hinojosa (D),Abbott* (R),Denton County,48121,0.463001329246304,321705.0672,33.20528167,-97.11685878
Gubernatorial,Texas,State,Texas,Hinojosa (D),Abbott* (R),DeWitt County,48123,0.180108802944382,5665.923,29.08147376,-97.35694033
Gubernatorial,Texas,State,Texas,Hinojosa (D),Abbott* (R),Dickens County,48125,0.161391910954812,720.522,33.61616822,-100.7788855
Gubernatorial,Texas,State,Texas,Hinojosa (D),Abbott* (R),Dimmit County,48127,0.61254188471107,2487.6204,28.42276169,-99.75646833
Gubernatorial,Texas,State,Texas,Hinojosa (D),Abbott* (R),Donley County,48129,0.117834014962136,1227.0708,34.96517499,-100.8140093
Gubernatorial,Texas,State,Texas,Hinojosa (D),Abbott* (R),Duval County,48131,0.549652650396959,3232.8876,27.68142846,-98.50873333
Gubernatorial,Texas,State,Texas,Hinojosa (D),Abbott* (R),Eastland County,48133,0.13461107638962,6051.657,32.32743996,-98.83243566
Gubernatorial,Texas,State,Texas,Hinojosa (D),Abbott* (R),Ector County,48135,0.263947622062776,30793.218,31.86898877,-102.5429428
Gubernatorial,Texas,State,Texas,Hinojosa (D),Abbott* (R),Edwards County,48137,0.154207335620773,729.2556,29.98273014,-100.3050897
Gubernatorial,Texas,State,Texas,Hinojosa (D),Abbott* (R),Ellis County,48139,0.355756848906248,71770.5414,32.34880007,-96.79470819
Gubernatorial,Texas,State,Texas,Hinojosa (D),Abbott* (R),El Paso County,48141,0.650842116761382,180698.184,31.76884214,-106.2352418
Gubernatorial,Texas,State,Texas,Hinojosa (D),Abbott* (R),Erath County,48143,0.182918183602312,13260.516,32.23614282,-98.21770884
Gubernatorial,Texas,State,Texas,Hinojosa (D),Abbott* (R),Falls County,48145,0.28783633831624,4536.3774,31.25354356,-96.93634455
Gubernatorial,Texas,State,Texas,Hinojosa (D),Abbott* (R),Fannin County,48147,0.187872425898999,11830.389,33.59387579,-96.10669521
Gubernatorial,Texas,State,Texas,Hinojosa (D),Abbott* (R),Fayette County,48149,0.204214068013473,9617.1492,29.87663549,-96.91986981
Gubernatorial,Texas,State,Texas,Hinojosa (D),Abbott* (R),Fisher County,48151,0.190598090968404,1322.4126,32.74281316,-100.4019302
Gubernatorial,Texas,State,Texas,Hinojosa (D),Abbott* (R),Floyd County,48153,0.178713370404019,1508.7294,34.07227468,-101.3031546
Gubernatorial,Texas,State,Texas,Hinojosa (D),Abbott* (R),Foard County,48155,0.173914213771333,393.012,33.97478308,-99.77794293
Gubernatorial,Texas,State,Texas,Hinojosa (D),Abbott* (R),Fort Bend County,48157,0.547092946981405,256842.0756,29.52747353,-95.77093789
Gubernatorial,Texas,State,Texas,Hinojosa (D),Abbott* (R),Franklin County,48159,0.167901988751099,3847.1508,33.17532732,-95.21903806
Gubernatorial,Texas,State,Texas,Hinojosa (D),Abbott* (R),Freestone County,48161,0.184394964276699,6549.4722,31.7044343,-96.14897872
Gubernatorial,Texas,State,Texas,Hinojosa (D),Abbott* (R),Frio County,48163,0.478920942886317,3572.0424,28.86751206,-99.10804207
Gubernatorial,Texas,State,Texas,Hinojosa (D),Abbott* (R),Gaines County,48165,0.107591090964309,4641.9084,32.74057746,-102.6353739
Gubernatorial,Texas,State,Texas,Hinojosa (D),Abbott* (R),Galveston County,48167,0.39477661283958,114284.2506,29.3895025,-94.95985195
Gubernatorial,Texas,State,Texas,Hinojosa (D),Abbott* (R),Garza County,48169,0.148980586515955,1155.0186,33.17969345,-101.2984114
Gubernatorial,Texas,State,Texas,Hinojosa (D),Abbott* (R),Gillespie County,48171,0.215021711969789,11908.2636,30.31824095,-98.94676915
Gubernatorial,Texas,State,Texas,Hinojosa (D),Abbott* (R),Glasscock County,48173,0.0793730527448984,481.0758,31.86942909,-101.5207776
Gubernatorial,Texas,State,Texas,Hinojosa (D),Abbott* (R),Goliad County,48175,0.226866180907078,2879.1768,28.65724851,-97.42628751
Gubernatorial,Texas,State,Texas,Hinojosa (D),Abbott* (R),Gonzales County,48177,0.24030698931694,5611.338,29.45652075,-97.49248742
Gubernatorial,Texas,State,Texas,Hinojosa (D),Abbott* (R),Gray County,48179,0.124124588094571,5484.7008,35.40081878,-100.8129222
Gubernatorial,Texas,State,Texas,Hinojosa (D),Abbott* (R),Grayson County,48181,0.247447636742864,47566.0968,33.62702927,-96.67774905
Gubernatorial,Texas,State,Texas,Hinojosa (D),Abbott* (R),Gregg County,48183,0.299970161448202,33711.696,32.4801034,-94.81675582
Gubernatorial,Texas,State,Texas,Hinojosa (D),Abbott* (R),Grimes County,48185,0.21763955979377,10138.9818,30.5437066,-95.98558082
Gubernatorial,Texas,State,Texas,Hinojosa (D),Abbott* (R),Guadalupe County,48187,0.374984627312155,61327.3392,29.58321407,-97.9484645
Gubernatorial,Texas,State,Texas,Hinojosa (D),Abbott* (R),Hale County,48189,0.221819198223074,6685.5708,34.07044901,-101.8268114
Gubernatorial,Texas,State,Texas,Hinojosa (D),Abbott* (R),Hall County,48191,0.144578585767868,830.4198,34.53073368,-100.6813647
Gubernatorial,Texas,State,Texas,Hinojosa (D),Abbott* (R),Hamilton County,48193,0.159546360931522,3227.0652,31.70470573,-98.11083887
Gubernatorial,Texas,State,Texas,Hinojosa (D),Abbott* (R),Hansford County,48195,0.0932614113157455,1446.8664,36.27743284,-101.3545796
Gubernatorial,Texas,State,Texas,Hinojosa (D),Abbott* (R),Hardeman County,48197,0.15102733013236,1017.4644,34.29029034,-99.74572968
Gubernatorial,Texas,State,Texas,Hinojosa (D),Abbott* (R),Hardin County,48199,0.138048792209374,20406.0564,30.33224472,-94.3902703
Gubernatorial,Texas,State,Texas,Hinojosa (D),Abbott* (R),Harris County,48201,0.570014235263243,1114600.9548,29.85748873,-95.39302715
Gubernatorial,Texas,State,Texas,Hinojosa (D),Abbott* (R),Harrison County,48203,0.258207122890667,21853.6506,32.54840734,-94.37105127
Gubernatorial,Texas,State,Texas,Hinojosa (D),Abbott* (R),Hartley County,48205,0.0968017820861074,1459.9668,35.84008345,-102.6029352
Gubernatorial,Texas,State,Texas,Hinojosa (D),Abbott* (R),Haskell County,48207,0.152370368497902,1623.7218,33.17823584,-99.73037359
Gubernatorial,Texas,State,Texas,Hinojosa (D),Abbott* (R),Hays County,48209,0.575182080550299,90222.4548,30.05810528,-98.03105783
Gubernatorial,Texas,State,Texas,Hinojosa (D),Abbott* (R),Hemphill County,48211,0.13702040601359,1165.9356,35.83764858,-100.2703577
Gubernatorial,Texas,State,Texas,Hinojosa (D),Abbott* (R),Henderson County,48213,0.204219200377562,27873.2844,32.21224151,-95.85377795
Gubernatorial,Texas,State,Texas,Hinojosa (D),Abbott* (R),Hidalgo County,48215,0.584542244231369,156678.6006,26.39667226,-98.18144326
Gubernatorial,Texas,State,Texas,Hinojosa (D),Abbott* (R),Hill County,48217,0.195726096528684,12072.7464,31.99059876,-97.13216715
Gubernatorial,Texas,State,Texas,Hinojosa (D),Abbott* (R),Hockley County,48219,0.17993482947048,5778.0042,33.60771256,-102.3431676
Gubernatorial,Texas,State,Texas,Hinojosa (D),Abbott* (R),Hood County,48221,0.190982562572196,26378.3832,32.43002712,-97.83219383
Gubernatorial,Texas,State,Texas,Hinojosa (D),Abbott* (R),Hopkins County,48223,0.195951598605292,12133.1538,33.14945662,-95.56432257
Gubernatorial,Texas,State,Texas,Hinojosa (D),Abbott* (R),Houston County,48225,0.233536648567596,6777.2736,31.31764204,-95.42200282
Gubernatorial,Texas,State,Texas,Hinojosa (D),Abbott* (R),Howard County,48227,0.201286633755627,6969.4128,32.30621324,-101.4356444
Gubernatorial,Texas,State,Texas,Hinojosa (D),Abbott* (R),Hudspeth County,48229,0.322226543982875,752.5452,31.4564022,-105.3871487
Gubernatorial,Texas,State,Texas,Hinojosa (D),Abbott* (R),Hunt County,48231,0.243920409704246,33732.8022,33.12356693,-96.08560239
Gubernatorial,Texas,State,Texas,Hinojosa (D),Abbott* (R),Hutchinson County,48233,0.126086460644324,5957.7708,35.84006574,-101.3546643
Gubernatorial,Texas,State,Texas,Hinojosa (D),Abbott* (R),Irion County,48235,0.136907963741071,630.2748,31.30375559,-100.982439
Gubernatorial,Texas,State,Texas,Hinojosa (D),Abbott* (R),Jack County,48237,0.108449376770529,3043.6596,33.23377248,-98.17283469
Gubernatorial,Texas,State,Texas,Hinojosa (D),Abbott* (R),Jackson County,48239,0.15709972341116,4580.0454,28.95369067,-96.5775562
Gubernatorial,Texas,State,Texas,Hinojosa (D),Abbott* (R),Jasper County,48241,0.178391776620832,11482.5006,30.74482946,-94.02607231
Gubernatorial,Texas,State,Texas,Hinojosa (D),Abbott* (R),Jeff Davis County,48243,0.404893462094686,836.2422,30.71489092,-104.1401726
Gubernatorial,Texas,State,Texas,Hinojosa (D),Abbott* (R),Jefferson County,48245,0.468621749191305,62250.1896,29.88337578,-94.16307113
Gubernatorial,Texas,State,Texas,Hinojosa (D),Abbott* (R),Jim Hogg County,48247,0.591359664537,1150.6518,27.04354651,-98.69730012
Gubernatorial,Texas,State,Texas,Hinojosa (D),Abbott* (R),Jim Wells County,48249,0.477831088225875,9616.4214,27.73123346,-98.08997801
Gubernatorial,Texas,State,Texas,Hinojosa (D),Abbott* (R),Johnson County,48251,0.25693649344768,58223.2722,32.3788142,-97.36618817
Gubernatorial,Texas,State,Texas,Hinojosa (D),Abbott* (R),Jones County,48253,0.15102416852036,5018.181,32.7400927,-99.87871324
Gubernatorial,Texas,State,Texas,Hinojosa (D),Abbott* (R),Karnes County,48255,0.234607752565221,3676.8456,28.90564205,-97.85944813
Gubernatorial,Texas,State,Texas,Hinojosa (D),Abbott* (R),Kaufman County,48257,0.369425759187651,50064.6342,32.59905385,-96.2877972
Gubernatorial,Texas,State,Texas,Hinojosa (D),Abbott* (R),Kendall County,48259,0.236783792275313,21122.9394,29.94473189,-98.7114161
Gubernatorial,Texas,State,Texas,Hinojosa (D),Abbott* (R),Kenedy County,48261,0.301379708543173,113.5368,26.92975017,-97.69810806
Gubernatorial,Texas,State,Texas,Hinojosa (D),Abbott* (R),Kent County,48263,0.132014171388568,320.232,33.18104889,-100.7780898
Gubernatorial,Texas,State,Texas,Hinojosa (D),Abbott* (R),Kerr County,48265,0.243757712455524,20327.454,30.06116361,-99.34928454
Gubernatorial,Texas,State,Texas,Hinojosa (D),Abbott* (R),Kimble County,48267,0.132605435785625,1737.2586,30.48678918,-99.74856473
Gubernatorial,Texas,State,Texas,Hinojosa (D),Abbott* (R),King County,48269,0.0628565962073722,98.253,33.61643847,-100.2558057
Gubernatorial,Texas,State,Texas,Hinojosa (D),Abbott* (R),Kinney County,48271,0.258199366208728,1025.4702,29.35014052,-100.4179055
Gubernatorial,Texas,State,Texas,Hinojosa (D),Abbott* (R),Kleberg County,48273,0.479905047416228,7241.61,27.43132443,-97.72430027
Gubernatorial,Texas,State,Texas,Hinojosa (D),Abbott* (R),Knox County,48275,0.171439828591941,997.086,33.60611596,-99.74139253
Gubernatorial,Texas,State,Texas,Hinojosa (D),Abbott* (R),Lamar County,48277,0.209722460250413,15373.3194,33.6672152,-95.57108168
Gubernatorial,Texas,State,Texas,Hinojosa (D),Abbott* (R),Lamb County,48279,0.179398765525486,3003.6306,34.06859623,-102.3516289
Gubernatorial,Texas,State,Texas,Hinojosa (D),Abbott* (R),Lampasas County,48281,0.218298458108053,8146.2654,31.19624807,-98.2416756
Gubernatorial,Texas,State,Texas,Hinojosa (D),Abbott* (R),La Salle County,48283,0.470339375433806,1710.33,28.34445432,-99.0992434
Gubernatorial,Texas,State,Texas,Hinojosa (D),Abbott* (R),Lavaca County,48285,0.130276439939159,7605.51,29.38395052,-96.93033343
Gubernatorial,Texas,State,Texas,Hinojosa (D),Abbott* (R),Lee County,48287,0.21170771197469,6087.3192,30.31077667,-96.96605425
Gubernatorial,Texas,State,Texas,Hinojosa (D),Abbott* (R),Leon County,48289,0.146774136998313,6561.117,31.29628413,-95.9957025
Gubernatorial,Texas,State,Texas,Hinojosa (D),Abbott* (R),Liberty County,48291,0.211036432067785,22702.2654,30.15161146,-94.81225285
Gubernatorial,Texas,State,Texas,Hinojosa (D),Abbott* (R),Limestone County,48293,0.234512583974455,6551.6556,31.5454767,-96.58095444
Gubernatorial,Texas,State,Texas,Hinojosa (D),Abbott* (R),Lipscomb County,48295,0.109350868364008,908.2944,36.27778375,-100.2732972
Gubernatorial,Texas,State,Texas,Hinojosa (D),Abbott* (R),Live Oak County,48297,0.170196949080067,3688.4904,28.35137771,-98.12498408
Gubernatorial,Texas,State,Texas,Hinojosa (D),Abbott* (R),Llano County,48299,0.210551547727171,9836.217,30.70581617,-98.68429358
Gubernatorial,Texas,State,Texas,Hinojosa (D),Abbott* (R),Loving County,48301,0.116069189836795,69.8688,31.8491553,-103.5798367
Gubernatorial,Texas,State,Texas,Hinojosa (D),Abbott* (R),Lubbock County,48303,0.326198654205601,90025.221,33.61008596,-101.8204789
Gubernatorial,Texas,State,Texas,Hinojosa (D),Abbott* (R),Lynn County,48305,0.154288228333311,1852.9788,33.17657705,-101.8162849
Gubernatorial,Texas,State,Texas,Hinojosa (D),Abbott* (R),Madison County,48313,0.190099606019992,3975.2436,30.96540306,-95.92738963
Gubernatorial,Texas,State,Texas,Hinojosa (D),Abbott* (R),Marion County,48315,0.250404847138774,3404.6484,32.79813996,-94.3574341
Gubernatorial,Texas,State,Texas,Hinojosa (D),Abbott* (R),Martin County,48317,0.135062924811535,1508.0016,32.30600051,-101.9513518
Gubernatorial,Texas,State,Texas,Hinojosa (D),Abbott* (R),Mason County,48319,0.177107028946613,1826.778,30.7177995,-99.22629725
Gubernatorial,Texas,State,Texas,Hinojosa (D),Abbott* (R),Matagorda County,48321,0.267699355864829,9598.2264,28.82108792,-96.01140809
Gubernatorial,Texas,State,Texas,Hinojosa (D),Abbott* (R),Maverick County,48323,0.555732246828595,11395.8924,28.74262555,-100.3147083
Gubernatorial,Texas,State,Texas,Hinojosa (D),Abbott* (R),McCulloch County,48307,0.154603600270293,2538.5664,31.1988896,-99.34743941
Gubernatorial,Texas,State,Texas,Hinojosa (D),Abbott* (R),McLennan County,48309,0.364379050263418,71665.7382,31.5524976,-97.20199931
Gubernatorial,Texas,State,Texas,Hinojosa (D),Abbott* (R),McMullen County,48311,0.104234922646043,352.983,28.35261097,-98.567849
Gubernatorial,Texas,State,Texas,Hinojosa (D),Abbott* (R),Medina County,48325,0.301565021589677,17768.5092,29.35546127,-99.11033508
Gubernatorial,Texas,State,Texas,Hinojosa (D),Abbott* (R),Menard County,48327,0.179009113644907,750.3618,30.88990665,-99.8204794
Gubernatorial,Texas,State,Texas,Hinojosa (D),Abbott* (R),Midland County,48329,0.214127161832511,42427.101,31.86904128,-102.0315682
Gubernatorial,Texas,State,Texas,Hinojosa (D),Abbott* (R),Milam County,48331,0.224775376353102,8021.8116,30.7861553,-96.97728156
Gubernatorial,Texas,State,Texas,Hinojosa (D),Abbott* (R),Mills County,48333,0.129634386479052,1985.4384,31.49516229,-98.59562176
Gubernatorial,Texas,State,Texas,Hinojosa (D),Abbott* (R),Mitchell County,48335,0.145858814731186,1816.5888,32.30623474,-100.9212058
Gubernatorial,Texas,State,Texas,Hinojosa (D),Abbott* (R),Montague County,48337,0.130726863275998,8029.8174,33.67539964,-97.72439946
Gubernatorial,Texas,State,Texas,Hinojosa (D),Abbott* (R),Montgomery County,48339,0.289699244848215,221426.5998,30.30019889,-95.50331613
Gubernatorial,Texas,State,Texas,Hinojosa (D),Abbott* (R),Moore County,48341,0.172338633315628,3870.4404,35.83769242,-101.8930281
Gubernatorial,Texas,State,Texas,Hinojosa (D),Abbott* (R),Morris County,48343,0.264478313370822,3933.0312,33.11284956,-94.73282508
Gubernatorial,Texas,State,Texas,Hinojosa (D),Abbott* (R),Motley County,48345,0.0706817999332972,470.8866,34.07408766,-100.779722
Gubernatorial,Texas,State,Texas,Hinojosa (D),Abbott* (R),Nacogdoches County,48347,0.32512281620292,18387.867,31.6162358,-94.61593169
Gubernatorial,Texas,State,Texas,Hinojosa (D),Abbott* (R),Navarro County,48349,0.258777574983542,14331.1098,32.04696933,-96.47280759
Gubernatorial,Texas,State,Texas,Hinojosa (D),Abbott* (R),Newton County,48351,0.189523774614123,4172.4774,30.78564527,-93.74533244
Gubernatorial,Texas,State,Texas,Hinojosa (D),Abbott* (R),Nolan County,48353,0.211160813012235,3688.4904,32.30390399,-100.4060382
Gubernatorial,Texas,State,Texas,Hinojosa (D),Abbott* (R),Nueces County,48355,0.482159288370603,87662.7822,27.72543779,-97.61091925
Gubernatorial,Texas,State,Texas,Hinojosa (D),Abbott* (R),Ochiltree County,48357,0.101344718222323,2177.5776,36.27830534,-100.8158413
Gubernatorial,Texas,State,Texas,Hinojosa (D),Abbott* (R),Oldham County,48359,0.0978961435023293,705.2382,35.40425708,-102.6027421
Gubernatorial,Texas,State,Texas,Hinojosa (D),Abbott* (R),Orange County,48361,0.183211579292434,26299.7808,30.12099964,-93.89437408
Gubernatorial,Texas,State,Texas,Hinojosa (D),Abbott* (R),Palo Pinto County,48363,0.180585989756435,9633.1608,32.75310985,-98.31319001
Gubernatorial,Texas,State,Texas,Hinojosa (D),Abbott* (R),Panola County,48365,0.182341497986941,8300.559,32.16239924,-94.30558387
Gubernatorial,Texas,State,Texas,Hinojosa (D),Abbott* (R),Parker County,48367,0.191300354774497,65531.112,32.77760907,-97.80496943
Gubernatorial,Texas,State,Texas,Hinojosa (D),Abbott* (R),Parmer County,48369,0.155063713343393,1812.9498,34.52993922,-102.7844494
Gubernatorial,Texas,State,Texas,Hinojosa (D),Abbott* (R),Pecos County,48371,0.313055098466956,3046.5708,30.78076842,-102.7234229
Gubernatorial,Texas,State,Texas,Hinojosa (D),Abbott* (R),Polk County,48373,0.226036952849409,17558.9028,30.79270853,-94.82986499
Gubernatorial,Texas,State,Texas,Hinojosa (D),Abbott* (R),Potter County,48375,0.287220215888896,23111.289,35.40133773,-101.893964
Gubernatorial,Texas,State,Texas,Hinojosa (D),Abbott* (R),Presidio County,48377,0.691774797069724,1437.405,29.99962168,-104.2408125
Gubernatorial,Texas,State,Texas,Hinojosa (D),Abbott* (R),Rains County,48379,0.153553243489655,4743.8004,32.87032705,-95.79355891
Gubernatorial,Texas,State,Texas,Hinojosa (D),Abbott* (R),Randall County,48381,0.20931904209763,48216.0222,34.96585996,-101.8971322
Gubernatorial,Texas,State,Texas,Hinojosa (D),Abbott* (R),Reagan County,48383,0.163621802764494,684.8598,31.36607041,-101.5232659
Gubernatorial,Texas,State,Texas,Hinojosa (D),Abbott* (R),Real County,48385,0.176273074767497,1411.932,29.8324893,-99.82222259
Gubernatorial,Texas,State,Texas,Hinojosa (D),Abbott* (R),Red River County,48387,0.21209331899338,4210.323,33.62099176,-95.04966416
Gubernatorial,Texas,State,Texas,Hinojosa (D),Abbott* (R),Reeves County,48389,0.381823947587734,2481.798,31.32283311,-103.6930786
Gubernatorial,Texas,State,Texas,Hinojosa (D),Abbott* (R),Refugio County,48391,0.314491135764951,2221.9734,28.32554745,-97.16001089
Gubernatorial,Texas,State,Texas,Hinojosa (D),Abbott* (R),Roberts County,48393,0.0510971824263883,412.6626,35.83809685,-100.813175
Gubernatorial,Texas,State,Texas,Hinojosa (D),Abbott* (R),Robertson County,48395,0.253111692987121,5897.3634,31.02665136,-96.51322902
Gubernatorial,Texas,State,Texas,Hinojosa (D),Abbott* (R),Rockwall County,48397,0.317405914379666,44857.2252,32.89785884,-96.40769484
Gubernatorial,Texas,State,Texas,Hinojosa (D),Abbott* (R),Runnels County,48399,0.123776623859948,2934.4896,31.8314342,-99.97616148
Gubernatorial,Texas,State,Texas,Hinojosa (D),Abbott* (R),Rusk County,48401,0.212054692785445,15699.3738,32.10819843,-94.76183346
Gubernatorial,Texas,State,Texas,Hinojosa (D),Abbott* (R),Sabine County,48403,0.12595949483879,4048.0236,31.34269549,-93.85288661
Gubernatorial,Texas,State,Texas,Hinojosa (D),Abbott* (R),San Augustine County,48405,0.229523099090794,2711.7828,31.39477071,-94.16790044
Gubernatorial,Texas,State,Texas,Hinojosa (D),Abbott* (R),San Jacinto County,48407,0.194611326624566,9242.3322,30.57936685,-95.1671992
Gubernatorial,Texas,State,Texas,Hinojosa (D),Abbott* (R),San Patricio County,48409,0.346820472420698,18458.4636,28.00978811,-97.51888305
Gubernatorial,Texas,State,Texas,Hinojosa (D),Abbott* (R),San Saba County,48411,0.124899363531401,1956.3264,31.15502115,-98.81731955
Gubernatorial,Texas,State,Texas,Hinojosa (D),Abbott* (R),Schleicher County,48413,0.193654036330878,799.1244,30.89734895,-100.5384877
Gubernatorial,Texas,State,Texas,Hinojosa (D),Abbott* (R),Scurry County,48415,0.149971705549462,4133.1762,32.74614567,-100.9162656
Gubernatorial,Texas,State,Texas,Hinojosa (D),Abbott* (R),Shackelford County,48417,0.101043633003044,1245.2658,32.73587756,-99.35401337
Gubernatorial,Texas,State,Texas,Hinojosa (D),Abbott* (R),Shelby County,48419,0.188393289401075,7208.859,31.79223785,-94.14557404
Gubernatorial,Texas,State,Texas,Hinojosa (D),Abbott* (R),Sherman County,48421,0.0803643480978493,629.547,36.27765456,-101.8933684
Gubernatorial,Texas,State,Texas,Hinojosa (D),Abbott* (R),Smith County,48423,0.285494482580902,74892.8034,32.37521162,-95.26908279
Gubernatorial,Texas,State,Texas,Hinojosa (D),Abbott* (R),Somervell County,48425,0.168820743920792,3816.5832,32.22235362,-97.77458843
Gubernatorial,Texas,State,Texas,Hinojosa (D),Abbott* (R),Starr County,48427,0.561069445446533,11898.8022,26.56223662,-98.73826312
Gubernatorial,Texas,State,Texas,Hinojosa (D),Abbott* (R),Stephens County,48429,0.115838574055535,2730.7056,32.73553157,-98.83631615
Gubernatorial,Texas,State,Texas,Hinojosa (D),Abbott* (R),Sterling County,48431,0.0816944877956846,455.6028,31.82781912,-101.0500746
Gubernatorial,Texas,State,Texas,Hinojosa (D),Abbott* (R),Stonewall County,48433,0.163145475956476,519.6492,33.17906744,-100.2538401
Gubernatorial,Texas,State,Texas,Hinojosa (D),Abbott* (R),Sutton County,48435,0.186409021066849,1015.281,30.4985468,-100.5382117
Gubernatorial,Texas,State,Texas,Hinojosa (D),Abbott* (R),Swisher County,48437,0.185614058977764,1632.4554,34.53028891,-101.7349174
Gubernatorial,Texas,State,Texas,Hinojosa (D),Abbott* (R),Tarrant County,48439,0.505956815827574,590338.2306,32.77145377,-97.29099289
Gubernatorial,Texas,State,Texas,Hinojosa (D),Abbott* (R),Taylor County,48441,0.263758156741934,39899.4516,32.30175703,-99.88996827
Gubernatorial,Texas,State,Texas,Hinojosa (D),Abbott* (R),Terrell County,48443,0.252594969303197,294.759,30.22490816,-102.0764353
Gubernatorial,Texas,State,Texas,Hinojosa (D),Abbott* (R),Terry County,48445,0.185017162515699,2475.9756,33.17402785,-102.3354521
Gubernatorial,Texas,State,Texas,Hinojosa (D),Abbott* (R),Throckmorton County,48447,0.10696503599578,652.1088,33.17751417,-99.21226795
Gubernatorial,Texas,State,Texas,Hinojosa (D),Abbott* (R),Titus County,48449,0.244835021382907,7376.9808,33.21673924,-94.96656946
Gubernatorial,Texas,State,Texas,Hinojosa (D),Abbott* (R),Tom Green County,48451,0.274126426444519,32739.3552,31.40455473,-100.4624522
Gubernatorial,Texas,State,Texas,Hinojosa (D),Abbott* (R),Travis County,48453,0.753008623733262,414677.1504,30.33471479,-97.78169164
Gubernatorial,Texas,State,Texas,Hinojosa (D),Abbott* (R),Trinity County,48455,0.186853484636244,5335.5018,31.08828397,-95.13547749
Gubernatorial,Texas,State,Texas,Hinojosa (D),Abbott* (R),Tyler County,48457,0.148291818360908,6939.573,30.77118478,-94.37649281
Gubernatorial,Texas,State,Texas,Hinojosa (D),Abbott* (R),Upshur County,48459,0.163753501028081,14380.6002,32.73670474,-94.94114818
Gubernatorial,Texas,State,Texas,Hinojosa (D),Abbott* (R),Upton County,48461,0.146098984066471,942.501,31.36864453,-102.0428877
Gubernatorial,Texas,State,Texas,Hinojosa (D),Abbott* (R),Uvalde County,48463,0.39815122511737,7059.66,29.35739637,-99.76229172
Gubernatorial,Texas,State,Texas,Hinojosa (D),Abbott* (R),Val Verde County,48465,0.422106164598606,10512.3432,29.89249412,-101.1521556
Gubernatorial,Texas,State,Texas,Hinojosa (D),Abbott* (R),Van Zandt County,48467,0.14961160864253,20233.5678,32.56379892,-95.83674215
Gubernatorial,Texas,State,Texas,Hinojosa (D),Abbott* (R),Victoria County,48469,0.296184156700933,25478.8224,28.7960712,-96.97135956
Gubernatorial,Texas,State,Texas,Hinojosa (D),Abbott* (R),Walker County,48471,0.316942694437893,18177.5328,30.73883544,-95.57247928
Gubernatorial,Texas,State,Texas,Hinojosa (D),Abbott* (R),Waller County,48473,0.359888257173448,19839.828,30.01059467,-95.98754906
Gubernatorial,Texas,State,Texas,Hinojosa (D),Abbott* (R),Ward County,48475,0.196558460786179,2723.4276,31.50920785,-103.1024815
Gubernatorial,Texas,State,Texas,Hinojosa (D),Abbott* (R),Washington County,48477,0.240022209736362,13157.1684,30.21441875,-96.40341594
Gubernatorial,Texas,State,Texas,Hinojosa (D),Abbott* (R),Webb County,48479,0.605824598300424,47551.5408,27.76103224,-99.33173804
Gubernatorial,Texas,State,Texas,Hinojosa (D),Abbott* (R),Wharton County,48481,0.257543374691485,11898.8022,29.2778845,-96.22242975
Gubernatorial,Texas,State,Texas,Hinojosa (D),Abbott* (R),Wheeler County,48483,0.0945767844731666,1646.2836,35.40114335,-100.2699514
Gubernatorial,Texas,State,Texas,Hinojosa (D),Abbott* (R),Wichita County,48485,0.288754081698788,32063.229,33.98806865,-98.7035838
Gubernatorial,Texas,State,Texas,Hinojosa (D),Abbott* (R),Wilbarger County,48487,0.203880721320115,3221.2428,34.08084256,-99.24098891
Gubernatorial,Texas,State,Texas,Hinojosa (D),Abbott* (R),Willacy County,48489,0.564577993532663,4024.0062,26.47040624,-97.65724482
Gubernatorial,Texas,State,Texas,Hinojosa (D),Abbott* (R),Williamson County,48491,0.522373020505558,220578.7128,30.64812769,-97.60120361
Gubernatorial,Texas,State,Texas,Hinojosa (D),Abbott* (R),Wilson County,48493,0.254621645613672,19753.2198,29.17420221,-98.08694449
Gubernatorial,Texas,State,Texas,Hinojosa (D),Abbott* (R),Winkler County,48495,0.167772992965882,1403.9262,31.85000039,-103.048449
Gubernatorial,Texas,State,Texas,Hinojosa (D),Abbott* (R),Wise County,48497,0.170179852358902,27649.122,33.215766,-97.65458625
Gubernatorial,Texas,State,Texas,Hinojosa (D),Abbott* (R),Wood County,48499,0.164710511271822,17641.1442,32.78643978,-95.38204393
Gubernatorial,Texas,State,Texas,Hinojosa (D),Abbott* (R),Yoakum County,48501,0.154937224307152,1732.8918,33.1730387,-102.8279472
Gubernatorial,Texas,State,Texas,Hinojosa (D),Abbott* (R),Young County,48503,0.135968522981773,6011.628,33.17659707,-98.68790885
Gubernatorial,Texas,State,Texas,Hinojosa (D),Abbott* (R),Zapata County,48505,0.467444727696792,3527.6466,27.00076857,-99.16858655
Gubernatorial,Texas,State,Texas,Hinojosa (D),Abbott* (R),Zavala County,48507,0.670286539968924,2522.5548,28.86623446,-99.76049166
Gubernatorial,Vermont,State,Vermont,Janoo (D),Scott* (R),Addison County,50001,0.487411478926031,15807.816,44.03090072,-73.14089327
Gubernatorial,Vermont,State,Vermont,Janoo (D),Scott* (R),Bennington County,50003,0.465656791118007,14572.7394,43.03531126,-73.09291531
Gubernatorial,Vermont,State,Vermont,Janoo (D),Scott* (R),Caledonia County,50005,0.410752641504932,11574.9312,44.46487758,-72.10243367
Gubernatorial,Vermont,State,Vermont,Janoo (D),Scott* (R),Chittenden County,50007,0.539508995433235,68116.9854,44.46109238,-73.08101275
Gubernatorial,Vermont,State,Vermont,Janoo (D),Scott* (R),Essex County,50009,0.320236363642908,2353.7052,44.7283185,-71.736327
Gubernatorial,Vermont,State,Vermont,Janoo (D),Scott* (R),Franklin County,50011,0.358205249897151,18755.406,44.85745972,-72.9120833
Gubernatorial,Vermont,State,Vermont,Janoo (D),Scott* (R),Grand Isle County,50013,0.40624297878364,3517.4574,44.79689986,-73.29488547
Gubernatorial,Vermont,State,Vermont,Janoo (D),Scott* (R),Lamoille County,50015,0.457580630379272,10402.4454,44.60594136,-72.641331
Gubernatorial,Vermont,State,Vermont,Janoo (D),Scott* (R),Orange County,50017,0.447736480524641,12302.0034,44.00552167,-72.37674987
Gubernatorial,Vermont,State,Vermont,Janoo (D),Scott* (R),Orleans County,50019,0.372581845433433,10363.1442,44.82900254,-72.24360335
Gubernatorial,Vermont,State,Vermont,Janoo (D),Scott* (R),Rutland County,50021,0.380211092944922,23989.0158,43.57983752,-73.03669897
Gubernatorial,Vermont,State,Vermont,Janoo (D),Scott* (R),Washington County,50023,0.523731363823205,24638.9412,44.27309445,-72.61502314
Gubernatorial,Vermont,State,Vermont,Janoo (D),Scott* (R),Windham County,50025,0.573883740587045,18072.7296,42.99053464,-72.71377523
Gubernatorial,Vermont,State,Vermont,Janoo (D),Scott* (R),Windsor County,50027,0.486189248743958,24037.0506,43.57967872,-72.58619896
Gubernatorial,Wisconsin,State,Wisconsin,Crowley (D),Tiffany (R),Adams,55001,0.387582070916945,8883.5268,43.96955395,-89.77038616
Gubernatorial,Wisconsin,State,Wisconsin,Crowley (D),Tiffany (R),Ashland,55003,0.547493062710311,6406.8234,46.33463725,-90.67745058
Gubernatorial,Wisconsin,State,Wisconsin,Crowley (D),Tiffany (R),Barron,55005,0.371926885461201,18680.4426,45.42372695,-91.84833604
Gubernatorial,Wisconsin,State,Wisconsin,Crowley (D),Tiffany (R),Bayfield,55007,0.580433135393947,7981.7826,46.52418284,-91.20077484
Gubernatorial,Wisconsin,State,Wisconsin,Crowley (D),Tiffany (R),Brown,55009,0.485520393863548,107036.8182,44.452501,-88.00366602
Gubernatorial,Wisconsin,State,Wisconsin,Crowley (D),Tiffany (R),Buffalo,55011,0.370158849833009,5806.3884,44.38005523,-91.75475095
Gubernatorial,Wisconsin,State,Wisconsin,Crowley (D),Tiffany (R),Burnett,55013,0.366970622355483,7767.8094,45.86286431,-92.36769812
Gubernatorial,Wisconsin,State,Wisconsin,Crowley (D),Tiffany (R),Calumet,55015,0.422377613394859,23591.637,44.0816316,-88.21780273
Gubernatorial,Wisconsin,State,Wisconsin,Crowley (D),Tiffany (R),Chippewa,55017,0.407363547403176,27636.0216,45.06921882,-91.28017125
Gubernatorial,Wisconsin,State,Wisconsin,Crowley (D),Tiffany (R),Clark,55019,0.324381293775332,10909.722,44.73483376,-90.61207484
Gubernatorial,Wisconsin,State,Wisconsin,Crowley (D),Tiffany (R),Columbia,55021,0.500308709818577,25018.8528,43.4669904,-89.33408259
Gubernatorial,Wisconsin,State,Wisconsin,Crowley (D),Tiffany (R),Crawford,55023,0.453760187256606,6530.5494,43.23966087,-90.93068567
Gubernatorial,Wisconsin,State,Wisconsin,Crowley (D),Tiffany (R),Dane,55025,0.785844669569888,261606.9822,43.06746565,-89.41786325
Gubernatorial,Wisconsin,State,Wisconsin,Crowley (D),Tiffany (R),Dodge,55027,0.356705697063114,36087.963,43.41581374,-88.70770995
Gubernatorial,Wisconsin,State,Wisconsin,Crowley (D),Tiffany (R),Door,55029,0.534856408556976,15039.2592,44.95030522,-87.31112969
Gubernatorial,Wisconsin,State,Wisconsin,Crowley (D),Tiffany (R),Douglas,55031,0.550611600642545,18053.079,46.43292074,-91.91618868
Gubernatorial,Wisconsin,State,Wisconsin,Crowley (D),Tiffany (R),Dunn,55033,0.443108530199336,18463.5582,44.94674851,-91.89653391
Gubernatorial,Wisconsin,State,Wisconsin,Crowley (D),Tiffany (R),Eau Claire,55035,0.57727635627472,45216.7584,44.726614,-91.28609183
Gubernatorial,Wisconsin,State,Wisconsin,Crowley (D),Tiffany (R),Florence,55037,0.27302325769691,2284.5642,45.8480979,-88.39761751
Gubernatorial,Wisconsin,State,Wisconsin,Crowley (D),Tiffany (R),Fond du Lac,55039,0.378368095416065,42042.8226,43.75354908,-88.48885325
Gubernatorial,Wisconsin,State,Wisconsin,Crowley (D),Tiffany (R),Forest,55041,0.355597351040185,3684.8514,45.66756253,-88.7705944
Gubernatorial,Wisconsin,State,Wisconsin,Crowley (D),Tiffany (R),Grant,55043,0.431420688678886,19569.0864,42.86757481,-90.70630534
Gubernatorial,Wisconsin,State,Wisconsin,Crowley (D),Tiffany (R),Green,55045,0.524960324143963,15826.7388,42.67994609,-89.60216504
Gubernatorial,Wisconsin,State,Wisconsin,Crowley (D),Tiffany (R),Green Lake,55047,0.339799702050082,7938.1146,43.80037233,-89.04505121
Gubernatorial,Wisconsin,State,Wisconsin,Crowley (D),Tiffany (R),Iowa,55049,0.562486260399119,10466.4918,43.00020828,-90.13523894
Gubernatorial,Wisconsin,State,Wisconsin,Crowley (D),Tiffany (R),Iron,55051,0.391286002420528,2943.2232,46.26247657,-90.24265966
Gubernatorial,Wisconsin,State,Wisconsin,Crowley (D),Tiffany (R),Jackson,55053,0.424796858918365,7540.7358,44.31927005,-90.80515334
Gubernatorial,Wisconsin,State,Wisconsin,Crowley (D),Tiffany (R),Jefferson,55055,0.440522699492427,35913.291,43.02053192,-88.77532763
Gubernatorial,Wisconsin,State,Wisconsin,Crowley (D),Tiffany (R),Juneau,55057,0.361156391214935,10465.0362,43.92432055,-90.11372082
Gubernatorial,Wisconsin,State,Wisconsin,Crowley (D),Tiffany (R),Kenosha,55059,0.49193604092469,64995.4512,42.57659172,-88.04209555
Gubernatorial,Wisconsin,State,Wisconsin,Crowley (D),Tiffany (R),Kewaunee,55061,0.352884670519436,8970.8628,44.51638089,-87.61509441
Gubernatorial,Wisconsin,State,Wisconsin,Crowley (D),Tiffany (R),La Crosse,55063,0.571023044838153,51859.389,43.9066398,-91.11543876
Gubernatorial,Wisconsin,State,Wisconsin,Crowley (D),Tiffany (R),Lafayette,55065,0.421173883295375,6350.055,42.66021077,-90.13189524
Gubernatorial,Wisconsin,State,Wisconsin,Crowley (D),Tiffany (R),Langlade,55067,0.348528712896754,8390.0784,45.26219987,-89.07193609
Gubernatorial,Wisconsin,State,Wisconsin,Crowley (D),Tiffany (R),Lincoln,55069,0.395857754005563,12328.2042,45.33724242,-89.73474025
Gubernatorial,Wisconsin,State,Wisconsin,Crowley (D),Tiffany (R),Manitowoc,55071,0.405146145292021,33186.9522,44.11990639,-87.80948518
Gubernatorial,Wisconsin,State,Wisconsin,Crowley (D),Tiffany (R),Marathon,55073,0.42914017455972,56580.6276,44.89792533,-89.75863384
Gubernatorial,Wisconsin,State,Wisconsin,Crowley (D),Tiffany (R),Marinette,55075,0.331448727700903,17529.063,45.38289899,-88.03335785
Gubernatorial,Wisconsin,State,Wisconsin,Crowley (D),Tiffany (R),Marquette,55077,0.373521575753912,6763.4454,43.81971333,-89.39896563
Gubernatorial,Wisconsin,State,Wisconsin,Crowley (D),Tiffany (R),Menominee,55078,0.83408011988134,1136.8236,45.00428348,-88.70957298
Gubernatorial,Wisconsin,State,Wisconsin,Crowley (D),Tiffany (R),Milwaukee,55079,0.719777663549449,330649.7292,43.00700658,-87.96698811
Gubernatorial,Wisconsin,State,Wisconsin,Crowley (D),Tiffany (R),Monroe,55081,0.39147867232198,16767.7842,43.94576215,-90.61820195
Gubernatorial,Wisconsin,State,Wisconsin,Crowley (D),Tiffany (R),Oconto,55083,0.306309434706772,17934.4476,45.02616558,-88.26895246
Gubernatorial,Wisconsin,State,Wisconsin,Crowley (D),Tiffany (R),Oneida,55085,0.434422414865093,17856.573,45.70521979,-89.52161421
Gubernatorial,Wisconsin,State,Wisconsin,Crowley (D),Tiffany (R),Outagamie,55087,0.471936992798308,80250.867,44.41578887,-88.46565023
Gubernatorial,Wisconsin,State,Wisconsin,Crowley (D),Tiffany (R),Ozaukee,55089,0.470437023512414,45398.7084,43.38375913,-87.95138777
Gubernatorial,Wisconsin,State,Wisconsin,Crowley (D),Tiffany (R),Pepin,55091,0.376045467329899,3144.8238,44.58302681,-92.00178921
Gubernatorial,Wisconsin,State,Wisconsin,Crowley (D),Tiffany (R),Pierce,55093,0.437237828574899,17895.1464,44.71909741,-92.42212486
Gubernatorial,Wisconsin,State,Wisconsin,Crowley (D),Tiffany (R),Polk,55095,0.366939335975378,20278.6914,45.4615393,-92.44123483
Gubernatorial,Wisconsin,State,Wisconsin,Crowley (D),Tiffany (R),Portage,55097,0.529652777031369,30924.222,44.47561378,-89.50154548
Gubernatorial,Wisconsin,State,Wisconsin,Crowley (D),Tiffany (R),Price,55099,0.366304300232191,6381.3504,45.68054246,-90.36154528
Gubernatorial,Wisconsin,State,Wisconsin,Crowley (D),Tiffany (R),Racine,55101,0.492346080446729,77196.2904,42.74731284,-88.06111861
Gubernatorial,Wisconsin,State,Wisconsin,Crowley (D),Tiffany (R),Richland,55103,0.457109915873847,6689.9376,43.37567167,-90.42949677
Gubernatorial,Wisconsin,State,Wisconsin,Crowley (D),Tiffany (R),Rock,55105,0.560559806828089,63216.708,42.67118649,-89.0712802
Gubernatorial,Wisconsin,State,Wisconsin,Crowley (D),Tiffany (R),Rusk,55107,0.331310701377791,5950.4928,45.47489408,-91.1333376
Gubernatorial,Wisconsin,State,Wisconsin,Crowley (D),Tiffany (R),Sauk,55111,0.515114436039681,26906.766,43.42667177,-89.94819801
Gubernatorial,Wisconsin,State,Wisconsin,Crowley (D),Tiffany (R),Sawyer,55113,0.440875016505768,8021.0838,45.87995292,-91.14489019
Gubernatorial,Wisconsin,State,Wisconsin,Crowley (D),Tiffany (R),Shawano,55115,0.339978586360682,16874.7708,44.78886999,-88.76489325
Gubernatorial,Wisconsin,State,Wisconsin,Crowley (D),Tiffany (R),Sheboygan,55117,0.440660973024941,48397.2444,43.72108736,-87.94566398
Gubernatorial,Wisconsin,State,Wisconsin,Crowley (D),Tiffany (R),St. Croix,55109,0.425385261239268,43236.4146,45.03345626,-92.4529513
Gubernatorial,Wisconsin,State,Wisconsin,Crowley (D),Tiffany (R),Taylor,55119,0.279472710775111,8029.0896,45.21158608,-90.50164471
Gubernatorial,Wisconsin,State,Wisconsin,Crowley (D),Tiffany (R),Trempealeau,55121,0.415205445224745,11557.464,44.30390193,-91.35874906
Gubernatorial,Wisconsin,State,Wisconsin,Crowley (D),Tiffany (R),Vernon,55123,0.483969216675875,11878.4238,43.59402052,-90.83463661
Gubernatorial,Wisconsin,State,Wisconsin,Crowley (D),Tiffany (R),Vilas,55125,0.407072863370237,11612.7768,46.05275508,-89.51508258
Gubernatorial,Wisconsin,State,Wisconsin,Crowley (D),Tiffany (R),Walworth,55127,0.411121754664882,43496.2392,42.66848551,-88.54158045
Gubernatorial,Wisconsin,State,Wisconsin,Crowley (D),Tiffany (R),Washburn,55129,0.380677444913983,7881.3462,45.89909725,-91.79131495
Gubernatorial,Wisconsin,State,Wisconsin,Crowley (D),Tiffany (R),Washington,55131,0.339912273381362,65580.6024,43.36887792,-88.23041319
Gubernatorial,Wisconsin,State,Wisconsin,Crowley (D),Tiffany (R),Waukesha,55133,0.423505551603868,197412.8388,43.01833546,-88.30430125
Gubernatorial,Wisconsin,State,Wisconsin,Crowley (D),Tiffany (R),Waupaca,55135,0.354705926530946,21863.112,44.47070734,-88.96532599
Gubernatorial,Wisconsin,State,Wisconsin,Crowley (D),Tiffany (R),Waushara,55137,0.345572870539854,10331.8488,44.11328215,-89.24316913
Gubernatorial,Wisconsin,State,Wisconsin,Crowley (D),Tiffany (R),Winnebago,55139,0.499502285251648,68296.0242,44.06886922,-88.64477096
Gubernatorial,Wisconsin,State,Wisconsin,Crowley (D),Tiffany (R),Wood,55141,0.422633553624046,30273.5688,44.45535331,-90.0416185
Gubernatorial,Wyoming,State,Wyoming,Casner (D),Barlow (R),Albany,56001,0.539549531289405,12591.6678,41.65453797,-105.7236684
Gubernatorial,Wyoming,State,Wyoming,Casner (D),Barlow (R),Big Horn,56003,0.187992062088325,4082.2302,44.52636084,-107.9948912
Gubernatorial,Wyoming,State,Wyoming,Casner (D),Barlow (R),Campbell,56005,0.166976182655245,13107.678,44.24806602,-105.5484733
Gubernatorial,Wyoming,State,Wyoming,Casner (D),Barlow (R),Carbon,56007,0.260330429760353,4531.2828,41.69413999,-106.9303916
Gubernatorial,Wyoming,State,Wyoming,Casner (D),Barlow (R),Converse,56009,0.18371557426897,4804.2078,42.9722826,-105.5077277
Gubernatorial,Wyoming,State,Wyoming,Casner (D),Barlow (R),Crook,56011,0.15998903594558,3091.6944,44.58843934,-104.5703226
Gubernatorial,Wyoming,State,Wyoming,Casner (D),Barlow (R),Fremont,56013,0.365249822529705,12176.8218,43.04055711,-108.6304217
Gubernatorial,Wyoming,State,Wyoming,Casner (D),Barlow (R),Goshen,56015,0.246810634759286,4402.4622,42.08772579,-104.353338
Gubernatorial,Wyoming,State,Wyoming,Casner (D),Barlow (R),Hot Springs,56017,0.245587935313193,1870.446,43.71897841,-108.4422853
Gubernatorial,Wyoming,State,Wyoming,Casner (D),Barlow (R),Johnson,56019,0.232790178016151,3481.0674,44.03996832,-106.5849297
Gubernatorial,Wyoming,State,Wyoming,Casner (D),Barlow (R),Laramie,56021,0.390956703973019,30724.8048,41.30709358,-104.6892193
Gubernatorial,Wyoming,State,Wyoming,Casner (D),Barlow (R),Lincoln,56023,0.209107313333538,7700.124,42.26409375,-110.656067
Gubernatorial,Wyoming,State,Wyoming,Casner (D),Barlow (R),Natrona,56025,0.308279800131721,24023.2224,42.96194049,-106.7988764
Gubernatorial,Wyoming,State,Wyoming,Casner (D),Barlow (R),Niobrara,56027,0.147507945519227,887.916,43.05616954,-104.4755961
Gubernatorial,Wyoming,State,Wyoming,Casner (D),Barlow (R),Park,56029,0.255117259377971,11894.4354,44.52053528,-109.5885953
Gubernatorial,Wyoming,State,Wyoming,Casner (D),Barlow (R),Platte,56031,0.223302432193831,3387.1812,42.13239072,-104.9661319
Gubernatorial,Wyoming,State,Wyoming,Casner (D),Barlow (R),Sheridan,56033,0.301303313532037,11616.4158,44.79068012,-106.8799546
Gubernatorial,Wyoming,State,Wyoming,Casner (D),Barlow (R),Sublette,56035,0.246378241960236,3511.635,42.76688453,-109.9148412
Gubernatorial,Wyoming,State,Wyoming,Casner (D),Barlow (R),Sweetwater,56037,0.28499424401851,11842.7616,41.6597625,-108.8793882
Gubernatorial,Wyoming,State,Wyoming,Casner (D),Barlow (R),Teton,56039,0.734791765107368,9375.5196,43.93456366,-110.5896979
Gubernatorial,Wyoming,State,Wyoming,Casner (D),Barlow (R),Uinta,56041,0.23222847096957,6435.9354,41.28749663,-110.5474049
Gubernatorial,Wyoming,State,Wyoming,Casner (D),Barlow (R),Washakie,56043,0.229203741149666,2751.8118,43.90437841,-107.6823145
Gubernatorial,Wyoming,State,Wyoming,Casner (D),Barlow (R),Weston,56045,0.165365241243235,2508.7266,43.84031497,-104.5674037
