ElectionType,ElectionName,GeographyType,GeographyName,CountyName,Vote,TotalVote
Senate,Alabama,State,Alabama,Autauga,0.320771850491064,20322.3594
Senate,Alabama,State,Alabama,Baldwin,0.252876595529755,87868.7496
Senate,Alabama,State,Alabama,Barbour,0.490970342869466,7106.2392
Senate,Alabama,State,Alabama,Bibb,0.217555696063948,6689.2098
Senate,Alabama,State,Alabama,Blount,0.116704160586793,20327.454
Senate,Alabama,State,Alabama,Bullock,0.77892131518134,2972.3352
Senate,Alabama,State,Alabama,Butler,0.449766020451509,6130.2594
Senate,Alabama,State,Alabama,Calhoun,0.329513173596712,35011.5468
Senate,Alabama,State,Alabama,Chambers,0.446559540091672,10273.6248
Senate,Alabama,State,Alabama,Cherokee,0.150964910114876,9396.6258
Senate,Alabama,State,Alabama,Chilton,0.17174576394069,14277.9804
Senate,Alabama,State,Alabama,Choctaw,0.443550464502408,4816.5804
Senate,Alabama,State,Alabama,Clarke,0.479140460480788,8654.9976
Senate,Alabama,State,Alabama,Clay,0.183808091801004,4895.9106
Senate,Alabama,State,Alabama,Cleburne,0.101192839756689,5526.1854
Senate,Alabama,State,Alabama,Coffee,0.254840439797025,16081.4688
Senate,Alabama,State,Alabama,Colbert,0.3200905254559,19542.1578
Senate,Alabama,State,Alabama,Conecuh,0.494988354553828,4368.9834
Senate,Alabama,State,Alabama,Coosa,0.338381226333187,3810.7608
Senate,Alabama,State,Alabama,Covington,0.170141705316083,12366.0498
Senate,Alabama,State,Alabama,Crenshaw,0.274805229420732,4699.4046
Senate,Alabama,State,Alabama,Cullman,0.119490367123603,31108.3554
Senate,Alabama,State,Alabama,Dale,0.287143940916637,13799.088
Senate,Alabama,State,Alabama,Dallas,0.719474797513728,11227.0428
Senate,Alabama,State,Alabama,DeKalb,0.160123027869648,21390.7698
Senate,Alabama,State,Alabama,Elmore,0.288316794842176,29947.5144
Senate,Alabama,State,Alabama,Escambia,0.321396925215459,10806.3744
Senate,Alabama,State,Alabama,Etowah,0.267788653728262,33245.904
Senate,Alabama,State,Alabama,Fayette,0.171822036462706,6040.74
Senate,Alabama,State,Alabama,Franklin,0.163699241342198,8722.683
Senate,Alabama,State,Alabama,Geneva,0.142007414562847,8966.496
Senate,Alabama,State,Alabama,Greene,0.82154340315644,2924.3004
Senate,Alabama,State,Alabama,Hale,0.598880410990818,5267.0886
Senate,Alabama,State,Alabama,Henry,0.296302974143284,6733.6056
Senate,Alabama,State,Alabama,Houston,0.312552901204482,31892.9238
Senate,Alabama,State,Alabama,Jackson,0.175075904750946,16993.4022
Senate,Alabama,State,Alabama,Jefferson,0.616526868725833,213416.433
Senate,Alabama,State,Alabama,Lamar,0.148017531301931,4977.4242
Senate,Alabama,State,Alabama,Lauderdale,0.291053286196075,31320.1452
Senate,Alabama,State,Alabama,Lawrence,0.229491694232809,11649.8946
Senate,Alabama,State,Alabama,Lee,0.421626888977494,52269.1404
Senate,Alabama,State,Alabama,Limestone,0.333542066882508,38186.2104
Senate,Alabama,State,Alabama,Lowndes,0.740963602283759,4093.875
Senate,Alabama,State,Alabama,Macon,0.824676669298135,5652.0948
Senate,Alabama,State,Alabama,Madison,0.519981426237666,140650.2612
Senate,Alabama,State,Alabama,Marengo,0.546618236995737,7005.8028
Senate,Alabama,State,Alabama,Marion,0.112783542582552,9783.0876
Senate,Alabama,State,Alabama,Marshall,0.173356204713788,29102.5386
Senate,Alabama,State,Alabama,Mobile,0.481852698993151,125774.0292
Senate,Alabama,State,Alabama,Monroe,0.447405495122525,7093.8666
Senate,Alabama,State,Alabama,Montgomery,0.712021021429406,64354.2594
Senate,Alabama,State,Alabama,Morgan,0.284894711309785,38457.6798
Senate,Alabama,State,Alabama,Perry,0.764847844086061,3233.6154
Senate,Alabama,State,Alabama,Pickens,0.446346461994704,6443.2134
Senate,Alabama,State,Alabama,Pike,0.436508377580672,9550.9194
Senate,Alabama,State,Alabama,Randolph,0.215262969141599,8021.8116
Senate,Alabama,State,Alabama,Russell,0.5735242795848,14919.9
Senate,Alabama,State,Alabama,Shelby,0.350686786310721,82061.6334
Senate,Alabama,State,Alabama,St. Clair,0.218661679087064,31398.0198
Senate,Alabama,State,Alabama,Sumter,0.758535527090736,3833.3226
Senate,Alabama,State,Alabama,Talladega,0.390712650304669,24015.9444
Senate,Alabama,State,Alabama,Tallapoosa,0.302972941378076,14453.3802
Senate,Alabama,State,Alabama,Tuscaloosa,0.461279556927735,61224.7194
Senate,Alabama,State,Alabama,Walker,0.173200788871753,21518.1348
Senate,Alabama,State,Alabama,Washington,0.270487520173689,6111.3366
Senate,Alabama,State,Alabama,Wilcox,0.714404906488075,3815.1276
Senate,Alabama,State,Alabama,Winston,0.101367422540267,8060.385
Senate,Alaska,State,Alaska,Aleutians East,0.318660404209568,300.5814
Senate,Alaska,State,Alaska,Aleutians West,0.521316175257176,686.3154
Senate,Alaska,State,Alaska,Anchorage,0.5259219059265,92944.4268
Senate,Alaska,State,Alaska,Bethel,0.591660823255468,2767.8234
Senate,Alaska,State,Alaska,Bristol Bay,0.37094883073825,286.0254
Senate,Alaska,State,Alaska,Chugach,0.426286685135178,2221.9734
Senate,Alaska,State,Alaska,Copper River,0.279950231906172,985.4412
Senate,Alaska,State,Alaska,Denali,0.408880417557111,901.0164
Senate,Alaska,State,Alaska,Dillingham,0.486186401569274,1042.9374
Senate,Alaska,State,Alaska,Fairbanks North Star,0.424814476013249,30490.4532
Senate,Alaska,State,Alaska,Haines,0.552965112387919,1236.5322
Senate,Alaska,State,Alaska,Hoonah-Angoon,0.632696570263468,1036.3872
Senate,Alaska,State,Alaska,Juneau,0.651421921435034,11824.5666
Senate,Alaska,State,Alaska,Kenai Peninsula,0.337759261871854,23440.9824
Senate,Alaska,State,Alaska,Ketchikan Gateway,0.41844760219446,4537.1052
Senate,Alaska,State,Alaska,Kodiak Island,0.428597135188308,4378.4448
Senate,Alaska,State,Alaska,Kusilvak,0.604132437371705,1018.1922
Senate,Alaska,State,Alaska,Lake and Peninsula,0.450517136113593,294.759
Senate,Alaska,State,Alaska,Matanuska-Susitna,0.263730284860689,38924.9274
Senate,Alaska,State,Alaska,Nome,0.568012143637896,1885.7298
Senate,Alaska,State,Alaska,North Slope,0.441910487707394,1185.5862
Senate,Alaska,State,Alaska,Northwest Arctic,0.49478047381295,990.5358
Senate,Alaska,State,Alaska,Petersburg,0.415538404495647,1171.758
Senate,Alaska,State,Alaska,Prince of Wales-Hyder,0.496545007566471,2418.4794
Senate,Alaska,State,Alaska,Sitka,0.571933816266178,2704.5048
Senate,Alaska,State,Alaska,Skagway,0.744607921989294,714.6996
Senate,Alaska,State,Alaska,Southeast Fairbanks,0.166607824751451,2455.5972
Senate,Alaska,State,Alaska,Wrangell,0.341784948764406,803.4912
Senate,Alaska,State,Alaska,Yakutat,0.619975650578357,327.51
Senate,Alaska,State,Alaska,Yukon-Koyukuk,0.637025456008974,1628.0886
Senate,Arkansas,State,Arkansas,Arkansas,0.306577497119589,3969.4212
Senate,Arkansas,State,Arkansas,Ashley,0.286089725447533,5035.6482
Senate,Arkansas,State,Arkansas,Baxter,0.236884613597119,14988.3132
Senate,Arkansas,State,Arkansas,Benton,0.39681731926475,91075.4364
Senate,Arkansas,State,Arkansas,Boone,0.19190009521431,12243.0516
Senate,Arkansas,State,Arkansas,Bradley,0.335415215626576,2310.0372
Senate,Arkansas,State,Arkansas,Calhoun,0.20831728679993,1494.1734
Senate,Arkansas,State,Arkansas,Carroll,0.372290193114607,8211.0396
Senate,Arkansas,State,Arkansas,Chicot,0.557318563412561,2513.8212
Senate,Arkansas,State,Arkansas,Clark,0.431765764692099,5447.583
Senate,Arkansas,State,Arkansas,Clay,0.209898334689309,3548.025
Senate,Arkansas,State,Arkansas,Cleburne,0.175542820097006,9123.7008
Senate,Arkansas,State,Arkansas,Cleveland,0.178436874769361,2422.1184
Senate,Arkansas,State,Arkansas,Columbia,0.348115062724243,5700.8574
Senate,Arkansas,State,Arkansas,Conway,0.32568894431483,6071.3076
Senate,Arkansas,State,Arkansas,Craighead,0.341235221455726,26464.2636
Senate,Arkansas,State,Arkansas,Crawford,0.228843137594056,17007.2304
Senate,Arkansas,State,Arkansas,Crittenden,0.549033437140466,10473.042
Senate,Arkansas,State,Arkansas,Cross,0.286483564679739,4654.281
Senate,Arkansas,State,Arkansas,Dallas,0.384923384573895,1659.384
Senate,Arkansas,State,Arkansas,Desha,0.513309874185059,2505.8154
Senate,Arkansas,State,Arkansas,Drew,0.361785698549177,4550.9334
Senate,Arkansas,State,Arkansas,Faulkner,0.368499000999726,38652.7302
Senate,Arkansas,State,Arkansas,Franklin,0.204147420255614,4959.2292
Senate,Arkansas,State,Arkansas,Fulton,0.206750674953733,3599.6988
Senate,Arkansas,State,Arkansas,Garland,0.347849552331274,30111.9972
Senate,Arkansas,State,Arkansas,Grant,0.170185421516324,5783.8266
Senate,Arkansas,State,Arkansas,Greene,0.212821545788407,11318.7456
Senate,Arkansas,State,Arkansas,Hempstead,0.329882588398095,4344.2382
Senate,Arkansas,State,Arkansas,Hot Spring,0.261987979813112,8765.6232
Senate,Arkansas,State,Arkansas,Howard,0.293096469314558,3205.2312
Senate,Arkansas,State,Arkansas,Independence,0.22089162884655,9979.5936
Senate,Arkansas,State,Arkansas,Izard,0.185153747022692,4223.4234
Senate,Arkansas,State,Arkansas,Jackson,0.281518695090195,3414.8376
Senate,Arkansas,State,Arkansas,Jefferson,0.63729521133027,15480.306
Senate,Arkansas,State,Arkansas,Johnson,0.265747131864025,6457.7694
Senate,Arkansas,State,Arkansas,Lafayette,0.337981043760957,1664.4786
Senate,Arkansas,State,Arkansas,Lawrence,0.195748018572279,4056.0294
Senate,Arkansas,State,Arkansas,Lee,0.555518146783724,1783.8378
Senate,Arkansas,State,Arkansas,Lincoln,0.274128127841661,2412.657
Senate,Arkansas,State,Arkansas,Little River,0.251776494184233,3513.8184
Senate,Arkansas,State,Arkansas,Logan,0.205780793663093,5844.9618
Senate,Arkansas,State,Arkansas,Lonoke,0.253611691993334,21844.917
Senate,Arkansas,State,Arkansas,Madison,0.227475177020618,5368.2528
Senate,Arkansas,State,Arkansas,Marion,0.218759840401286,5626.6218
Senate,Arkansas,State,Arkansas,Miller,0.270022950766631,11361.6858
Senate,Arkansas,State,Arkansas,Mississippi,0.373650345085358,7668.8286
Senate,Arkansas,State,Arkansas,Monroe,0.456766865583545,1737.2586
Senate,Arkansas,State,Arkansas,Montgomery,0.200617760922101,2643.3696
Senate,Arkansas,State,Arkansas,Nevada,0.330150137185833,2074.9578
Senate,Arkansas,State,Arkansas,Newton,0.196373729454394,2697.9546
Senate,Arkansas,State,Arkansas,Ouachita,0.439561877046097,6163.0104
Senate,Arkansas,State,Arkansas,Perry,0.231605288699574,3261.9996
Senate,Arkansas,State,Arkansas,Phillips,0.604058978262221,3531.2856
Senate,Arkansas,State,Arkansas,Pike,0.148025704950057,3133.9068
Senate,Arkansas,State,Arkansas,Poinsett,0.200290074313348,5069.8548
Senate,Arkansas,State,Arkansas,Polk,0.15998899534506,5918.4696
Senate,Arkansas,State,Arkansas,Pope,0.260342806569442,17179.719
Senate,Arkansas,State,Arkansas,Prairie,0.188138706799522,2294.0256
Senate,Arkansas,State,Arkansas,Pulaski,0.648509014454405,109180.917
Senate,Arkansas,State,Arkansas,Randolph,0.197711388608951,4734.339
Senate,Arkansas,State,Arkansas,Saline,0.326957963837762,41007.891
Senate,Arkansas,State,Arkansas,Scott,0.144982002520879,2429.3964
Senate,Arkansas,State,Arkansas,Searcy,0.152324410326847,2777.2848
Senate,Arkansas,State,Arkansas,Sebastian,0.340591672549461,32293.2138
Senate,Arkansas,State,Arkansas,Sevier,0.209860134966354,3372.6252
Senate,Arkansas,State,Arkansas,Sharp,0.203728408483455,5308.5732
Senate,Arkansas,State,Arkansas,St. Francis,0.541243302665793,4266.3636
Senate,Arkansas,State,Arkansas,Stone,0.208385521724545,4291.8366
Senate,Arkansas,State,Arkansas,Union,0.363911246844922,11073.477
Senate,Arkansas,State,Arkansas,Van Buren,0.217092472888005,5429.388
Senate,Arkansas,State,Arkansas,Washington,0.503154883232556,68429.2116
Senate,Arkansas,State,Arkansas,White,0.211010295747571,21946.809
Senate,Arkansas,State,Arkansas,Woodruff,0.368607664939826,1654.2894
Senate,Arkansas,State,Arkansas,Yell,0.215010967667421,4628.808
Senate,Colorado,State,Colorado,Adams,0.598178959163866,165268.824
Senate,Colorado,State,Colorado,Alamosa,0.509010623833072,5313.6678
Senate,Colorado,State,Colorado,Arapahoe,0.641635618650325,230011.0008
Senate,Colorado,State,Colorado,Archuleta,0.461112423233241,6638.9916
Senate,Colorado,State,Colorado,Baca,0.168594712838584,1427.2158
Senate,Colorado,State,Colorado,Bent,0.347282522877217,1558.2198
Senate,Colorado,State,Colorado,Boulder,0.805696667594518,138942.1146
Senate,Colorado,State,Colorado,Broomfield,0.668055212107129,33112.7166
Senate,Colorado,State,Colorado,Chaffee,0.591289494385483,10208.1228
Senate,Colorado,State,Colorado,Cheyenne,0.122482580189611,755.4564
Senate,Colorado,State,Colorado,Clear Creek,0.612341341713498,4305.6648
Senate,Colorado,State,Colorado,Conejos,0.476375654427375,2900.283
Senate,Colorado,State,Colorado,Costilla,0.646700215834978,1459.239
Senate,Colorado,State,Colorado,Crowley,0.296232952220735,1203.0534
Senate,Colorado,State,Colorado,Custer,0.346689912423963,2744.5338
Senate,Colorado,State,Colorado,Delta,0.350145300030408,13812.1884
Senate,Colorado,State,Colorado,Denver,0.816974061869664,257203.7922
Senate,Colorado,State,Colorado,Dolores,0.268125699995246,1019.6478
Senate,Colorado,State,Colorado,Douglas,0.491306635482319,173113.7802
Senate,Colorado,State,Colorado,Eagle,0.667860442487413,19716.8298
Senate,Colorado,State,Colorado,El Paso,0.478170580577051,269671.734
Senate,Colorado,State,Colorado,Elbert,0.266472318859343,14539.2606
Senate,Colorado,State,Colorado,Fremont,0.335221663076009,18077.8242
Senate,Colorado,State,Colorado,Garfield,0.548456751914623,21558.1638
Senate,Colorado,State,Colorado,Gilpin,0.596026118630526,2898.8274
Senate,Colorado,State,Colorado,Grand,0.529233903573623,6961.407
Senate,Colorado,State,Colorado,Gunnison,0.682376989240153,7697.2128
Senate,Colorado,State,Colorado,Hinsdale,0.462974509417152,428.6742
Senate,Colorado,State,Colorado,Huerfano,0.513279664949793,3137.5458
Senate,Colorado,State,Colorado,Jackson,0.234496773318016,587.3346
Senate,Colorado,State,Colorado,Jefferson,0.628249828614818,255734.364
Senate,Colorado,State,Colorado,Kiowa,0.13273376770409,615.7188
Senate,Colorado,State,Colorado,Kit Carson,0.183075131525237,2648.4642
Senate,Colorado,State,Colorado,La Plata,0.626994669658446,25255.3878
Senate,Colorado,State,Colorado,Lake,0.633558967798469,2733.6168
Senate,Colorado,State,Colorado,Larimer,0.614995203427561,159428.9568
Senate,Colorado,State,Colorado,Las Animas,0.483337297371541,5534.1912
Senate,Colorado,State,Colorado,Lincoln,0.19560037090615,1835.5116
Senate,Colorado,State,Colorado,Logan,0.238265116366379,7243.7934
Senate,Colorado,State,Colorado,Mesa,0.400275262537304,65074.0536
Senate,Colorado,State,Colorado,Mineral,0.463957217602094,534.2052
Senate,Colorado,State,Colorado,Moffat,0.200108371424799,4748.895
Senate,Colorado,State,Colorado,Montezuma,0.425503226316413,10745.967
Senate,Colorado,State,Colorado,Montrose,0.357655023304026,18237.2124
Senate,Colorado,State,Colorado,Morgan,0.299842881270781,9549.4638
Senate,Colorado,State,Colorado,Otero,0.409231125050305,6320.2152
Senate,Colorado,State,Colorado,Ouray,0.638711994069235,2922.117
Senate,Colorado,State,Colorado,Park,0.451758578929174,8492.6982
Senate,Colorado,State,Colorado,Phillips,0.21068246404412,1673.94
Senate,Colorado,State,Colorado,Pitkin,0.767734487647554,7950.4872
Senate,Colorado,State,Colorado,Prowers,0.286163911855007,3682.668
Senate,Colorado,State,Colorado,Pueblo,0.529462973740609,60419.0448
Senate,Colorado,State,Colorado,Rio Blanco,0.187943238812189,2638.275
Senate,Colorado,State,Colorado,Rio Grande,0.434054698189842,4402.4622
Senate,Colorado,State,Colorado,Routt,0.672355695591734,11560.3752
Senate,Colorado,State,Colorado,Saguache,0.584405741394045,2387.9118
Senate,Colorado,State,Colorado,San Juan,0.68172608665766,410.4792
Senate,Colorado,State,Colorado,San Miguel,0.784970423137488,3408.2874
Senate,Colorado,State,Colorado,Sedgwick,0.248486824130982,968.7018
Senate,Colorado,State,Colorado,Summit,0.720857685310046,12376.9668
Senate,Colorado,State,Colorado,Teller,0.35176833991669,11587.3038
Senate,Colorado,State,Colorado,Washington,0.137008455652709,2012.367
Senate,Colorado,State,Colorado,Weld,0.432853397928832,127525.8438
Senate,Colorado,State,Colorado,Yuma,0.174576154056447,3322.407
Senate,Delaware,State,Delaware,Kent,0.556225471705141,63085.704
Senate,Delaware,State,Delaware,New Castle,0.713894695948064,197647.1904
Senate,Delaware,State,Delaware,Sussex,0.48534027627727,106157.6358
Senate,Georgia,State,Georgia,Appling,0.233260764704824,6056.0238
Senate,Georgia,State,Georgia,Atkinson,0.27709792624347,2219.79
Senate,Georgia,State,Georgia,Bacon,0.156209766615813,3516.0018
Senate,Georgia,State,Georgia,Baker,0.44925583706032,1072.0494
Senate,Georgia,State,Georgia,Baldwin,0.540977923604576,13633.8774
Senate,Georgia,State,Georgia,Banks,0.126976619068996,7637.5332
Senate,Georgia,State,Georgia,Barrow,0.329218191427211,31789.5762
Senate,Georgia,State,Georgia,Bartow,0.279247683178758,41639.6214
Senate,Georgia,State,Georgia,Ben Hill,0.393009752069089,4716.144
Senate,Georgia,State,Georgia,Berrien,0.181820370441306,5858.79
Senate,Georgia,State,Georgia,Bibb,0.657065966587605,50094.474
Senate,Georgia,State,Georgia,Bleckley,0.259291044802499,4384.2672
Senate,Georgia,State,Georgia,Brantley,0.105930201617301,6171.744
Senate,Georgia,State,Georgia,Brooks,0.418238030789038,5232.1542
Senate,Georgia,State,Georgia,Bryan,0.360068420502509,17843.4726
Senate,Georgia,State,Georgia,Bulloch,0.408220223517268,23652.7722
Senate,Georgia,State,Georgia,Burke,0.513060149210234,8021.0838
Senate,Georgia,State,Georgia,Butts,0.313335821767906,9438.1104
Senate,Georgia,State,Georgia,Calhoun,0.609983392453241,1494.1734
Senate,Georgia,State,Georgia,Camden,0.369620702817889,19085.8272
Senate,Georgia,State,Georgia,Candler,0.312526230472847,3320.2236
Senate,Georgia,State,Georgia,Carroll,0.336097149054499,43791.726
Senate,Georgia,State,Georgia,Catoosa,0.251749703018243,25366.7412
Senate,Georgia,State,Georgia,Charlton,0.259835617203589,3358.0692
Senate,Georgia,State,Georgia,Chatham,0.635853546310333,101960.4132
Senate,Georgia,State,Georgia,Chattahoochee,0.469720115404728,1226.343
Senate,Georgia,State,Georgia,Chattooga,0.216328344366444,7761.987
Senate,Georgia,State,Georgia,Cherokee,0.338067529083372,117161.244
Senate,Georgia,State,Georgia,Clarke,0.73411337845206,38097.4188
Senate,Georgia,State,Georgia,Clay,0.584739314752713,1043.6652
Senate,Georgia,State,Georgia,Clayton,0.87709709664136,80844.024
Senate,Georgia,State,Georgia,Clinch,0.278543542136487,2112.8034
Senate,Georgia,State,Georgia,Cobb,0.61295767773428,288997.0074
Senate,Georgia,State,Georgia,Coffee,0.322093352071443,11414.0874
Senate,Georgia,State,Georgia,Colquitt,0.289511676040226,12056.007
Senate,Georgia,State,Georgia,Columbia,0.410375344938093,62067.5118
Senate,Georgia,State,Georgia,Cook,0.316098600880504,5334.774
Senate,Georgia,State,Georgia,Coweta,0.364137838108579,62092.257
Senate,Georgia,State,Georgia,Crawford,0.295223306482406,4602.6072
Senate,Georgia,State,Georgia,Crisp,0.410383506017385,5889.3576
Senate,Georgia,State,Georgia,Dade,0.198675936180956,5929.3866
Senate,Georgia,State,Georgia,Dawson,0.189522936649594,14166.627
Senate,Georgia,State,Georgia,Decatur,0.437753937098342,8378.4336
Senate,Georgia,State,Georgia,DeKalb,0.853576952677767,263647.0056
Senate,Georgia,State,Georgia,Dodge,0.292034836071647,6062.574
Senate,Georgia,State,Georgia,Dooly,0.508421765347639,3030.5592
Senate,Georgia,State,Georgia,Dougherty,0.739356418332597,24552.333
Senate,Georgia,State,Georgia,Douglas,0.687299731748803,51117.7608
Senate,Georgia,State,Georgia,Early,0.491376448312262,3548.7528
Senate,Georgia,State,Georgia,Echols,0.119367923631248,1043.6652
Senate,Georgia,State,Georgia,Effingham,0.290373663334208,26264.1186
Senate,Georgia,State,Georgia,Elbert,0.333248053690913,6957.768
Senate,Georgia,State,Georgia,Emanuel,0.326660315572245,6981.0576
Senate,Georgia,State,Georgia,Evans,0.335926175871346,3074.955
Senate,Georgia,State,Georgia,Fannin,0.201302937748122,11673.1842
Senate,Georgia,State,Georgia,Fayette,0.517933343601927,53856.4722
Senate,Georgia,State,Georgia,Floyd,0.328751103526117,32382.0054
Senate,Georgia,State,Georgia,Forsyth,0.368529682063129,99555.762
Senate,Georgia,State,Georgia,Franklin,0.162477017930483,8810.7468
Senate,Georgia,State,Georgia,Fulton,0.757975984049113,385302.4146
Senate,Georgia,State,Georgia,Gilmer,0.209382797961998,13383.5142
Senate,Georgia,State,Georgia,Glascock,0.1048821382612,1213.2426
Senate,Georgia,State,Georgia,Glynn,0.415349633085598,31806.3156
Senate,Georgia,State,Georgia,Gordon,0.211401255009942,19997.7606
Senate,Georgia,State,Georgia,Grady,0.361951165585225,7769.265
Senate,Georgia,State,Georgia,Greene,0.394308218221308,9264.1662
Senate,Georgia,State,Georgia,Gwinnett,0.624759987719441,302435.8344
Senate,Georgia,State,Georgia,Habersham,0.20145417877278,16868.9484
Senate,Georgia,State,Georgia,Hall,0.315375944625425,73753.7964
Senate,Georgia,State,Georgia,Hancock,0.73079949552663,3077.1384
Senate,Georgia,State,Georgia,Haralson,0.150369589536724,11866.0512
Senate,Georgia,State,Georgia,Harris,0.307357653463409,16200.1002
Senate,Georgia,State,Georgia,Hart,0.266941606021629,10388.6172
Senate,Georgia,State,Georgia,Heard,0.170935667204737,4507.9932
Senate,Georgia,State,Georgia,Henry,0.672421588332536,93329.433
Senate,Georgia,State,Georgia,Houston,0.484672540280591,58949.6166
Senate,Georgia,State,Georgia,Irwin,0.269966161822006,3148.4628
Senate,Georgia,State,Georgia,Jackson,0.247020982728528,34184.0382
Senate,Georgia,State,Georgia,Jasper,0.250292724643118,6611.3352
Senate,Georgia,State,Georgia,Jeff Davis,0.196706130918817,4264.1802
Senate,Georgia,State,Georgia,Jefferson,0.555551778348607,5414.1042
Senate,Georgia,State,Georgia,Jenkins,0.396546707163578,2471.6088
Senate,Georgia,State,Georgia,Johnson,0.319056470432853,2895.9162
Senate,Georgia,State,Georgia,Jones,0.35809849522357,11672.4564
Senate,Georgia,State,Georgia,Lamar,0.316955269699363,7548.7416
Senate,Georgia,State,Georgia,Lanier,0.310889409824192,2708.1438
Senate,Georgia,State,Georgia,Laurens,0.386362369629228,16943.184
Senate,Georgia,State,Georgia,Lee,0.317686434022145,12818.0136
Senate,Georgia,State,Georgia,Liberty,0.647841391980122,16666.62
Senate,Georgia,State,Georgia,Lincoln,0.328842967685651,3573.498
Senate,Georgia,State,Georgia,Long,0.407559779090522,5118.6174
Senate,Georgia,State,Georgia,Lowndes,0.465068659892421,34619.9904
Senate,Georgia,State,Georgia,Lumpkin,0.224710498963636,12878.421
Senate,Georgia,State,Georgia,Macon,0.641670213628055,3399.5538
Senate,Georgia,State,Georgia,Madison,0.262178809022716,12157.1712
Senate,Georgia,State,Georgia,Marion,0.398792739976568,2620.8078
Senate,Georgia,State,Georgia,McDuffie,0.428269864058975,7641.1722
Senate,Georgia,State,Georgia,McIntosh,0.415443797847175,5367.525
Senate,Georgia,State,Georgia,Meriwether,0.4270825628666,8550.1944
Senate,Georgia,State,Georgia,Miller,0.286676187723787,1975.977
Senate,Georgia,State,Georgia,Mitchell,0.474563823069592,6441.7578
Senate,Georgia,State,Georgia,Monroe,0.310923586691712,12840.5754
Senate,Georgia,State,Georgia,Montgomery,0.274046511841562,2882.088
Senate,Georgia,State,Georgia,Morgan,0.312278663913944,9550.1916
Senate,Georgia,State,Georgia,Murray,0.173244801289748,12681.1872
Senate,Georgia,State,Georgia,Muscogee,0.659596679940771,58245.1062
Senate,Georgia,State,Georgia,Newton,0.613935855575257,42745.1496
Senate,Georgia,State,Georgia,Oconee,0.35534793906466,19682.6232
Senate,Georgia,State,Georgia,Oglethorpe,0.332722164509405,6382.806
Senate,Georgia,State,Georgia,Paulding,0.412091842166887,68828.7738
Senate,Georgia,State,Georgia,Peach,0.517385667066074,9750.3366
Senate,Georgia,State,Georgia,Pickens,0.194740449807061,15140.4234
Senate,Georgia,State,Georgia,Pierce,0.133475501156943,7091.6832
Senate,Georgia,State,Georgia,Pike,0.157886051452479,9106.2336
Senate,Georgia,State,Georgia,Polk,0.23540580620916,13901.7078
Senate,Georgia,State,Georgia,Pulaski,0.335647580528396,3141.9126
Senate,Georgia,State,Georgia,Putnam,0.32791881119138,9339.1296
Senate,Georgia,State,Georgia,Quitman,0.477753087013922,826.7808
Senate,Georgia,State,Georgia,Rabun,0.240861071735993,7549.4694
Senate,Georgia,State,Georgia,Randolph,0.583997234301044,2164.4772
Senate,Georgia,State,Georgia,Richmond,0.720391192319683,60501.2862
Senate,Georgia,State,Georgia,Rockdale,0.761949224146082,32660.7528
Senate,Georgia,State,Georgia,Schley,0.223353409666055,1763.4594
Senate,Georgia,State,Georgia,Screven,0.431578085872024,5026.1868
Senate,Georgia,State,Georgia,Seminole,0.347069702643329,2912.6556
Senate,Georgia,State,Georgia,Spalding,0.452279481947717,23917.6914
Senate,Georgia,State,Georgia,Stephens,0.217839090389204,9487.6008
Senate,Georgia,State,Georgia,Stewart,0.627747887646762,1473.0672
Senate,Georgia,State,Georgia,Sumter,0.561235838919335,8737.239
Senate,Georgia,State,Georgia,Talbot,0.620508103607244,2453.4138
Senate,Georgia,State,Georgia,Taliaferro,0.626593917591746,641.9196
Senate,Georgia,State,Georgia,Tattnall,0.276482585234472,6173.1996
Senate,Georgia,State,Georgia,Taylor,0.393555233791965,2886.4548
Senate,Georgia,State,Georgia,Telfair,0.363703618563065,3059.6712
Senate,Georgia,State,Georgia,Terrell,0.571527017066421,3149.9184
Senate,Georgia,State,Georgia,Thomas,0.428426605193708,16023.9726
Senate,Georgia,State,Georgia,Tift,0.361621108075784,12324.5652
Senate,Georgia,State,Georgia,Toombs,0.293196458591438,7919.9196
Senate,Georgia,State,Georgia,Towns,0.218670436536756,6407.5512
Senate,Georgia,State,Georgia,Treutlen,0.328681018030055,2266.3692
Senate,Georgia,State,Georgia,Troup,0.42491144160601,22670.2422
Senate,Georgia,State,Georgia,Turner,0.406588299949595,2781.6516
Senate,Georgia,State,Georgia,Twiggs,0.489634528495341,3234.3432
Senate,Georgia,State,Georgia,Union,0.211331503170901,12944.6508
Senate,Georgia,State,Georgia,Upson,0.351092938334843,9917.0028
Senate,Georgia,State,Georgia,Walker,0.230824982704422,23215.3644
Senate,Georgia,State,Georgia,Walton,0.297557996658107,42221.1336
Senate,Georgia,State,Georgia,Ware,0.326203761675674,10441.7466
Senate,Georgia,State,Georgia,Warren,0.581835978855994,1882.0908
Senate,Georgia,State,Georgia,Washington,0.539327541201404,6890.0826
Senate,Georgia,State,Georgia,Wayne,0.239890216992293,9839.1282
Senate,Georgia,State,Georgia,Webster,0.478056523550548,970.8852
Senate,Georgia,State,Georgia,Wheeler,0.324479704081093,1652.106
Senate,Georgia,State,Georgia,White,0.184336436798852,12187.011
Senate,Georgia,State,Georgia,Whitfield,0.322293515834217,28826.7024
Senate,Georgia,State,Georgia,Wilcox,0.29201956585262,2430.852
Senate,Georgia,State,Georgia,Wilkes,0.466370348958817,3699.4074
Senate,Georgia,State,Georgia,Wilkinson,0.469440128321673,3566.22
Senate,Georgia,State,Georgia,Worth,0.289872188245779,6761.9898
Senate,Idaho,State,Idaho,Ada,0.483190873839432,189137.025
Senate,Idaho,State,Idaho,Adams,0.25248469675226,1902.4692
Senate,Idaho,State,Idaho,Bannock,0.410980764926002,28118.553
Senate,Idaho,State,Idaho,Bear Lake,0.118851650840142,2368.2612
Senate,Idaho,State,Idaho,Benewah,0.220697853863616,3660.1062
Senate,Idaho,State,Idaho,Bingham,0.223557874108119,14604.0348
Senate,Idaho,State,Idaho,Blaine,0.688238687765234,9246.699
Senate,Idaho,State,Idaho,Boise,0.261144870874529,3487.6176
Senate,Idaho,State,Idaho,Bonner,0.302894324631373,21107.6556
Senate,Idaho,State,Idaho,Bonneville,0.289183191306014,39673.1058
Senate,Idaho,State,Idaho,Boundary,0.194537140547847,5050.2042
Senate,Idaho,State,Idaho,Butte,0.154854689767163,1057.4934
Senate,Idaho,State,Idaho,Camas,0.245775784896792,509.46
Senate,Idaho,State,Idaho,Canyon,0.301204738469302,71632.9872
Senate,Idaho,State,Idaho,Caribou,0.149802144879645,2438.8578
Senate,Idaho,State,Idaho,Cassia,0.16718671509182,6781.6404
Senate,Idaho,State,Idaho,Clark,0.16050855238423,240.174
Senate,Idaho,State,Idaho,Clearwater,0.206302559625431,3147.0072
Senate,Idaho,State,Idaho,Custer,0.247245606308316,1880.6352
Senate,Idaho,State,Idaho,Elmore,0.287560494923016,7570.5756
Senate,Idaho,State,Idaho,Franklin,0.106919236108781,5081.4996
Senate,Idaho,State,Idaho,Fremont,0.162274399208706,4802.7522
Senate,Idaho,State,Idaho,Gem,0.195270066271289,7573.4868
Senate,Idaho,State,Idaho,Gooding,0.223294808229704,4203.7728
Senate,Idaho,State,Idaho,Idaho,0.171549751273881,6992.7024
Senate,Idaho,State,Idaho,Jefferson,0.134213325088858,11187.7416
Senate,Idaho,State,Idaho,Jerome,0.259847158968196,5643.3612
Senate,Idaho,State,Idaho,Kootenai,0.268793215287814,68538.3816
Senate,Idaho,State,Idaho,Latah,0.509601126281708,14343.4824
Senate,Idaho,State,Idaho,Lemhi,0.238633963765875,3459.9612
Senate,Idaho,State,Idaho,Lewis,0.196598289662811,1315.8624
Senate,Idaho,State,Idaho,Lincoln,0.246578850476543,1352.2524
Senate,Idaho,State,Idaho,Madison,0.170874224063796,12148.4376
Senate,Idaho,State,Idaho,Minidoka,0.206002670254547,5657.9172
Senate,Idaho,State,Idaho,Nez Perce,0.332773555238344,14290.353
Senate,Idaho,State,Idaho,Oneida,0.11802682959173,1726.3416
Senate,Idaho,State,Idaho,Owyhee,0.187800289381794,3534.9246
Senate,Idaho,State,Idaho,Payette,0.208741470138146,8385.7116
Senate,Idaho,State,Idaho,Power,0.300625230680971,2133.1818
Senate,Idaho,State,Idaho,Shoshone,0.291750035485363,4346.4216
Senate,Idaho,State,Idaho,Teton,0.558118236295823,4707.4104
Senate,Idaho,State,Idaho,Twin Falls,0.283739595993361,26468.6304
Senate,Idaho,State,Idaho,Valley,0.44152003124767,5155.0074
Senate,Idaho,State,Idaho,Washington,0.215859606418009,3958.5042
Senate,Illinois,State,Illinois,Adams,0.292801836284074,22759.7616
Senate,Illinois,State,Illinois,Alexander,0.443515215607336,1633.911
Senate,Illinois,State,Illinois,Bond,0.305418214450714,5683.3902
Senate,Illinois,State,Illinois,Boone,0.467637986769907,17344.9296
Senate,Illinois,State,Illinois,Brown,0.221723848222891,1750.359
Senate,Illinois,State,Illinois,Bureau,0.416207362318851,11414.8152
Senate,Illinois,State,Illinois,Calhoun,0.243312243926921,1906.1082
Senate,Illinois,State,Illinois,Carroll,0.376892363471531,5590.9596
Senate,Illinois,State,Illinois,Cass,0.31412944847334,3748.17
Senate,Illinois,State,Illinois,Champaign,0.660779403853597,63521.6562
Senate,Illinois,State,Illinois,Christian,0.296786651149982,11138.2512
Senate,Illinois,State,Illinois,Clark,0.270952263290911,5863.8846
Senate,Illinois,State,Illinois,Clay,0.181751685102015,4850.0592
Senate,Illinois,State,Illinois,Clinton,0.267361508141473,13721.9412
Senate,Illinois,State,Illinois,Coles,0.394403139041267,15357.3078
Senate,Illinois,State,Illinois,Cook,0.745660653568598,1478651.6094
Senate,Illinois,State,Illinois,Crawford,0.264670747839186,6386.445
Senate,Illinois,State,Illinois,Cumberland,0.212964169855796,4138.2708
Senate,Illinois,State,Illinois,DeKalb,0.5517249939992,33743.7192
Senate,Illinois,State,Illinois,DeWitt,0.305585692964758,5521.8186
Senate,Illinois,State,Illinois,Douglas,0.299566095881365,6021.8172
Senate,Illinois,State,Illinois,DuPage,0.60825785002918,321983.8146
Senate,Illinois,State,Illinois,Edgar,0.264996017637951,5655.7338
Senate,Illinois,State,Illinois,Edwards,0.162042009969859,2366.0778
Senate,Illinois,State,Illinois,Effingham,0.220422812289421,13639.6998
Senate,Illinois,State,Illinois,Fayette,0.197357717198831,6898.8162
Senate,Illinois,State,Illinois,Ford,0.289037261998014,4673.2038
Senate,Illinois,State,Illinois,Franklin,0.276034408475007,12705.2046
Senate,Illinois,State,Illinois,Fulton,0.418415984063831,11504.3346
Senate,Illinois,State,Illinois,Gallatin,0.2564529103306,1807.8552
Senate,Illinois,State,Illinois,Greene,0.234098384134911,4322.4042
Senate,Illinois,State,Illinois,Grundy,0.388739326465962,19024.692
Senate,Illinois,State,Illinois,Hamilton,0.20515563188876,3001.4472
Senate,Illinois,State,Illinois,Hancock,0.277846892106421,6470.8698
Senate,Illinois,State,Illinois,Hardin,0.214458567118424,1385.0034
Senate,Illinois,State,Illinois,Henderson,0.338638734531204,2470.881
Senate,Illinois,State,Illinois,Henry,0.415264914899647,17892.963
Senate,Illinois,State,Illinois,Iroquois,0.238385350107501,9550.9194
Senate,Illinois,State,Illinois,Jackson,0.559306208914096,16017.4224
Senate,Illinois,State,Illinois,Jasper,0.1950756544608,3901.7358
Senate,Illinois,State,Illinois,Jefferson,0.29141186598286,11957.0262
Senate,Illinois,State,Illinois,Jersey,0.277132339663679,8369.7
Senate,Illinois,State,Illinois,Jo Daviess,0.455584297538163,8869.6986
Senate,Illinois,State,Illinois,Johnson,0.234181658880129,4395.1842
Senate,Illinois,State,Illinois,Kane,0.588513665522907,159633.4686
Senate,Illinois,State,Illinois,Kankakee,0.434724307258613,33976.6152
Senate,Illinois,State,Illinois,Kendall,0.549449373644926,47268.4266
Senate,Illinois,State,Illinois,Knox,0.493930370571513,15833.289
Senate,Illinois,State,Illinois,Lake,0.644515328266465,222011.0232
Senate,Illinois,State,Illinois,LaSalle,0.447326166679276,37660.7388
Senate,Illinois,State,Illinois,Lawrence,0.243402671113639,4365.3444
Senate,Illinois,State,Illinois,Lee,0.427142334366757,11488.323
Senate,Illinois,State,Illinois,Livingston,0.298636366446381,11849.3118
Senate,Illinois,State,Illinois,Logan,0.323562939945724,8951.94
Senate,Illinois,State,Illinois,Macon,0.444930266428195,32438.7738
Senate,Illinois,State,Illinois,Macoupin,0.336518494439776,16708.1046
Senate,Illinois,State,Illinois,Madison,0.473974853326087,94807.5948
Senate,Illinois,State,Illinois,Marion,0.281687503277855,12026.895
Senate,Illinois,State,Illinois,Marshall,0.354457196880976,4390.0896
Senate,Illinois,State,Illinois,Mason,0.319528733494409,4539.2886
Senate,Illinois,State,Illinois,Massac,0.287173566951801,4819.4916
Senate,Illinois,State,Illinois,McDonough,0.444868922572724,8531.9994
Senate,Illinois,State,Illinois,McHenry,0.51495160593904,115940.7234
Senate,Illinois,State,Illinois,McLean,0.566284380769676,61706.523
Senate,Illinois,State,Illinois,Menard,0.325211850208979,4609.1574
Senate,Illinois,State,Illinois,Mercer,0.400759838257894,5942.487
Senate,Illinois,State,Illinois,Monroe,0.352537307310295,14940.2784
Senate,Illinois,State,Illinois,Montgomery,0.310554736318057,9425.7378
Senate,Illinois,State,Illinois,Morgan,0.373672898941228,10520.349
Senate,Illinois,State,Illinois,Moultrie,0.283904637424556,4680.4818
Senate,Illinois,State,Illinois,Ogle,0.389657450242334,18437.3574
Senate,Illinois,State,Illinois,Peoria,0.565179882254171,56375.388
Senate,Illinois,State,Illinois,Perry,0.267457963888634,6619.341
Senate,Illinois,State,Illinois,Piatt,0.382934679440985,6774.3624
Senate,Illinois,State,Illinois,Pike,0.201868688697649,5376.9864
Senate,Illinois,State,Illinois,Pope,0.224594893762945,1538.5692
Senate,Illinois,State,Illinois,Pulaski,0.364808889951158,1711.7856
Senate,Illinois,State,Illinois,Putnam,0.424005777549325,2378.4504
Senate,Illinois,State,Illinois,Randolph,0.278056163918157,10251.063
Senate,Illinois,State,Illinois,Richland,0.25965694109125,5557.4808
Senate,Illinois,State,Illinois,Rock Island,0.58979370910514,45259.6986
Senate,Illinois,State,Illinois,Saline,0.284545445290323,7615.6992
Senate,Illinois,State,Illinois,Sangamon,0.516561144601434,70635.1734
Senate,Illinois,State,Illinois,Schuyler,0.294634823395111,2679.0318
Senate,Illinois,State,Illinois,Scott,0.217884443726196,1862.4402
Senate,Illinois,State,Illinois,Shelby,0.222259027996642,8374.7946
Senate,Illinois,State,Illinois,St. Clair,0.581283661743405,85483.0212
Senate,Illinois,State,Illinois,Stark,0.30179586533485,1970.8824
Senate,Illinois,State,Illinois,Stephenson,0.442165538257631,15010.875
Senate,Illinois,State,Illinois,Tazewell,0.403858848547792,48599.5728
Senate,Illinois,State,Illinois,Union,0.316388877730801,5911.1916
Senate,Illinois,State,Illinois,Vermilion,0.356169224607844,21128.7618
Senate,Illinois,State,Illinois,Wabash,0.257307284333594,3853.701
Senate,Illinois,State,Illinois,Warren,0.411751549850544,5305.662
Senate,Illinois,State,Illinois,Washington,0.238864481549547,5426.4768
Senate,Illinois,State,Illinois,Wayne,0.1628618779188,5949.0372
Senate,Illinois,State,Illinois,White,0.22731654996462,5077.1328
Senate,Illinois,State,Illinois,Whiteside,0.466349050086061,18857.298
Senate,Illinois,State,Illinois,Will,0.549807704280006,233293.3788
Senate,Illinois,State,Illinois,Williamson,0.340113145377747,23708.8128
Senate,Illinois,State,Illinois,Winnebago,0.54461286882301,86753.0322
Senate,Illinois,State,Illinois,Woodford,0.321921485289718,15134.601
Senate,Iowa,State,Iowa,Adair,0.315365647202839,2912.6556
Senate,Iowa,State,Iowa,Adams,0.319553850420622,1523.2854
Senate,Iowa,State,Iowa,Allamakee,0.37438600477379,5245.2546
Senate,Iowa,State,Iowa,Appanoose,0.307146251544344,4650.642
Senate,Iowa,State,Iowa,Audubon,0.351443400283145,2317.3152
Senate,Iowa,State,Iowa,Benton,0.380352843746592,10398.8064
Senate,Iowa,State,Iowa,Black Hawk,0.558742724818022,45029.7138
Senate,Iowa,State,Iowa,Boone,0.442152493258998,10985.4132
Senate,Iowa,State,Iowa,Bremer,0.439176694105743,10458.486
Senate,Iowa,State,Iowa,Buchanan,0.406880088139659,7682.6568
Senate,Iowa,State,Iowa,Buena Vista,0.380299919013747,5403.1872
Senate,Iowa,State,Iowa,Butler,0.314349455949686,5769.9984
Senate,Iowa,State,Iowa,Calhoun,0.306983638369141,3665.2008
Senate,Iowa,State,Iowa,Carroll,0.332921017288707,7981.7826
Senate,Iowa,State,Iowa,Cass,0.339089812814548,5155.7352
Senate,Iowa,State,Iowa,Cedar,0.440950823698098,7616.427
Senate,Iowa,State,Iowa,Cerro Gordo,0.493699582967305,16435.1796
Senate,Iowa,State,Iowa,Cherokee,0.311796177822131,4373.3502
Senate,Iowa,State,Iowa,Chickasaw,0.359212554429689,4478.1534
Senate,Iowa,State,Iowa,Clarke,0.332568426853823,3205.959
Senate,Iowa,State,Iowa,Clay,0.326209479516728,6123.7092
Senate,Iowa,State,Iowa,Clayton,0.373657265667422,6748.1616
Senate,Iowa,State,Iowa,Clinton,0.456216658745741,17056.7208
Senate,Iowa,State,Iowa,Crawford,0.325174625918952,4703.7714
Senate,Iowa,State,Iowa,Dallas,0.529033927528524,44960.5728
Senate,Iowa,State,Iowa,Davis,0.264031039102471,2842.059
Senate,Iowa,State,Iowa,Decatur,0.303917898898527,2669.5704
Senate,Iowa,State,Iowa,Delaware,0.345289389717423,7250.3436
Senate,Iowa,State,Iowa,Des Moines,0.476231021304652,13630.9662
Senate,Iowa,State,Iowa,Dickinson,0.344040186555469,8058.2016
Senate,Iowa,State,Iowa,Dubuque,0.509517039262059,37793.9262
Senate,Iowa,State,Iowa,Emmet,0.322167399467432,3447.5886
Senate,Iowa,State,Iowa,Fayette,0.394657094329521,7029.8202
Senate,Iowa,State,Iowa,Floyd,0.420395234450315,5477.4228
Senate,Iowa,State,Iowa,Franklin,0.334292810756068,3510.9072
Senate,Iowa,State,Iowa,Fremont,0.318208157131003,2717.6052
Senate,Iowa,State,Iowa,Greene,0.381745482564966,3503.6292
Senate,Iowa,State,Iowa,Grundy,0.333171381083526,5106.9726
Senate,Iowa,State,Iowa,Guthrie,0.354484766634735,4672.476
Senate,Iowa,State,Iowa,Hamilton,0.380220253752623,5448.3108
Senate,Iowa,State,Iowa,Hancock,0.30286102348264,4264.1802
Senate,Iowa,State,Iowa,Hardin,0.352902830978698,6072.0354
Senate,Iowa,State,Iowa,Harrison,0.332830296179045,5684.8458
Senate,Iowa,State,Iowa,Henry,0.365198901543269,6866.0652
Senate,Iowa,State,Iowa,Howard,0.388112286264259,3475.9728
Senate,Iowa,State,Iowa,Humboldt,0.288509263409588,3643.3668
Senate,Iowa,State,Iowa,Ida,0.269372350692864,2617.8966
Senate,Iowa,State,Iowa,Iowa,0.409340062420468,6890.8104
Senate,Iowa,State,Iowa,Jackson,0.38410944658993,7744.5198
Senate,Iowa,State,Iowa,Jasper,0.410168592632117,14441.0076
Senate,Iowa,State,Iowa,Jefferson,0.518374809249744,5925.0198
Senate,Iowa,State,Iowa,Johnson,0.736148650544167,61814.2374
Senate,Iowa,State,Iowa,Jones,0.416875809646414,7832.5836
Senate,Iowa,State,Iowa,Keokuk,0.280414641195256,3703.0464
Senate,Iowa,State,Iowa,Kossuth,0.32072665814122,6016.7226
Senate,Iowa,State,Iowa,Lee,0.408090667788677,11507.2458
Senate,Iowa,State,Iowa,Linn,0.602109009363228,87769.041
Senate,Iowa,State,Iowa,Louisa,0.338076459855809,3685.5792
Senate,Iowa,State,Iowa,Lucas,0.2983709550699,3325.3182
Senate,Iowa,State,Iowa,Lyon,0.17661031026169,5037.8316
Senate,Iowa,State,Iowa,Madison,0.35149926492388,7184.8416
Senate,Iowa,State,Iowa,Mahaska,0.279729841099739,7848.5952
Senate,Iowa,State,Iowa,Marion,0.355559407160114,13986.1326
Senate,Iowa,State,Iowa,Marshall,0.473405047682093,12335.4822
Senate,Iowa,State,Iowa,Mills,0.34881047178301,5914.8306
Senate,Iowa,State,Iowa,Mitchell,0.391449612618661,4133.1762
Senate,Iowa,State,Iowa,Monona,0.314571507222771,3323.8626
Senate,Iowa,State,Iowa,Monroe,0.285338224382818,2988.3468
Senate,Iowa,State,Iowa,Montgomery,0.348551752255087,3634.6332
Senate,Iowa,State,Iowa,Muscatine,0.476651265068517,14093.1192
Senate,Iowa,State,Iowa,O'Brien,0.227480667502597,5404.6428
Senate,Iowa,State,Iowa,Osceola,0.207420213153964,2312.9484
Senate,Iowa,State,Iowa,Page,0.330856531445802,5249.6214
Senate,Iowa,State,Iowa,Palo Alto,0.316368910838517,3576.4092
Senate,Iowa,State,Iowa,Plymouth,0.264766236917154,10018.167
Senate,Iowa,State,Iowa,Pocahontas,0.2652614539159,2564.0394
Senate,Iowa,State,Iowa,Polk,0.606851806400717,183634.857
Senate,Iowa,State,Iowa,Pottawattamie,0.450668814400653,31879.8234
Senate,Iowa,State,Iowa,Poweshiek,0.46627002518565,7150.635
Senate,Iowa,State,Iowa,Ringgold,0.281410308541115,1930.8534
Senate,Iowa,State,Iowa,Sac,0.279980001297412,3922.1142
Senate,Iowa,State,Iowa,Scott,0.533313014280526,64377.549
Senate,Iowa,State,Iowa,Shelby,0.327477176689283,4665.9258
Senate,Iowa,State,Iowa,Sioux,0.168278887825908,13594.5762
Senate,Iowa,State,Iowa,Story,0.604429604302279,35247.354
Senate,Iowa,State,Iowa,Tama,0.41380310006835,6149.1822
Senate,Iowa,State,Iowa,Taylor,0.257036897801998,2217.6066
Senate,Iowa,State,Iowa,Union,0.364334592957493,4307.1204
Senate,Iowa,State,Iowa,Van Buren,0.256790538793611,2593.1514
Senate,Iowa,State,Iowa,Wapello,0.389812402780567,10462.125
Senate,Iowa,State,Iowa,Warren,0.446557327005355,23433.7044
Senate,Iowa,State,Iowa,Washington,0.42744315299445,8308.5648
Senate,Iowa,State,Iowa,Wayne,0.246885068978418,2233.6182
Senate,Iowa,State,Iowa,Webster,0.391373058300241,12002.1498
Senate,Iowa,State,Iowa,Winnebago,0.393709672748728,4035.651
Senate,Iowa,State,Iowa,Winneshiek,0.505927929245288,8550.1944
Senate,Iowa,State,Iowa,Woodbury,0.43469182924112,30650.5692
Senate,Iowa,State,Iowa,Worth,0.407225192424571,3073.4994
Senate,Iowa,State,Iowa,Wright,0.362319008970399,4092.4194
Senate,Kansas,State,Kansas,Allen,0.294148540309866,3983.9772
Senate,Kansas,State,Kansas,Anderson,0.225790533342868,2714.694
Senate,Kansas,State,Kansas,Atchison,0.341542736529154,5176.1136
Senate,Kansas,State,Kansas,Barber,0.147847689806954,1558.9476
Senate,Kansas,State,Kansas,Barton,0.231434090015992,7577.8536
Senate,Kansas,State,Kansas,Bourbon,0.253903560360215,4692.1266
Senate,Kansas,State,Kansas,Brown,0.280410645259611,3035.6538
Senate,Kansas,State,Kansas,Butler,0.310959241793207,22981.0128
Senate,Kansas,State,Kansas,Chase,0.267858351385468,1046.5764
Senate,Kansas,State,Kansas,Chautauqua,0.148786867099536,1098.978
Senate,Kansas,State,Kansas,Cherokee,0.260951496974712,6225.6012
Senate,Kansas,State,Kansas,Cheyenne,0.165885760304281,1012.3698
Senate,Kansas,State,Kansas,Clark,0.151828981516032,724.8888
Senate,Kansas,State,Kansas,Clay,0.235710734714036,2923.5726
Senate,Kansas,State,Kansas,Cloud,0.221746831275114,2900.283
Senate,Kansas,State,Kansas,Coffey,0.238025171731891,3133.179
Senate,Kansas,State,Kansas,Comanche,0.170252310909345,623.7246
Senate,Kansas,State,Kansas,Cowley,0.327085493111445,9664.4562
Senate,Kansas,State,Kansas,Crawford,0.405124067433679,11673.912
Senate,Kansas,State,Kansas,Decatur,0.164221744815831,1042.2096
Senate,Kansas,State,Kansas,Dickinson,0.246013676929214,6552.3834
Senate,Kansas,State,Kansas,Doniphan,0.194519935900222,2565.495
Senate,Kansas,State,Kansas,Douglas,0.712152311830253,41561.019
Senate,Kansas,State,Kansas,Edwards,0.189928213482784,913.389
Senate,Kansas,State,Kansas,Elk,0.168500331306405,956.3292
Senate,Kansas,State,Kansas,Ellis,0.290212211048541,9646.2612
Senate,Kansas,State,Kansas,Ellsworth,0.258304398269675,1975.2492
Senate,Kansas,State,Kansas,Finney,0.362921012686306,7708.1298
Senate,Kansas,State,Kansas,Ford,0.338412587762848,5878.4406
Senate,Kansas,State,Kansas,Franklin,0.31945248819971,9060.3822
Senate,Kansas,State,Kansas,Geary,0.441143766595547,6522.5436
Senate,Kansas,State,Kansas,Gove,0.132446528897031,1002.1806
Senate,Kansas,State,Kansas,Graham,0.190139681665124,920.667
Senate,Kansas,State,Kansas,Grant,0.210031241239938,1592.4264
Senate,Kansas,State,Kansas,Gray,0.163917138002489,1572.7758
Senate,Kansas,State,Kansas,Greeley,0.14965879519839,425.763
Senate,Kansas,State,Kansas,Greenwood,0.216191705125776,2066.952
Senate,Kansas,State,Kansas,Hamilton,0.184394576757659,583.6956
Senate,Kansas,State,Kansas,Harper,0.201562654097849,1826.0502
Senate,Kansas,State,Kansas,Harvey,0.419482182449634,11494.1454
Senate,Kansas,State,Kansas,Haskell,0.200281675532583,921.3948
Senate,Kansas,State,Kansas,Hodgeman,0.165648035204768,693.5934
Senate,Kansas,State,Kansas,Jackson,0.315563969009001,4625.8968
Senate,Kansas,State,Kansas,Jefferson,0.34652992042837,7077.1272
Senate,Kansas,State,Kansas,Jewell,0.137647630036567,1125.1788
Senate,Kansas,State,Kansas,Johnson,0.557124647549032,245776.6044
Senate,Kansas,State,Kansas,Kearny,0.180497613757219,927.2172
Senate,Kansas,State,Kansas,Kingman,0.217702664268244,2818.0416
Senate,Kansas,State,Kansas,Kiowa,0.147924380937941,794.7576
Senate,Kansas,State,Kansas,Labette,0.336690882884041,5673.201
Senate,Kansas,State,Kansas,Lane,0.153553184255077,596.796
Senate,Kansas,State,Kansas,Leavenworth,0.409075220358076,26045.7786
Senate,Kansas,State,Kansas,Lincoln,0.189735423992822,1079.3274
Senate,Kansas,State,Kansas,Linn,0.198927978013188,3600.4266
Senate,Kansas,State,Kansas,Logan,0.151364219065375,996.3582
Senate,Kansas,State,Kansas,Lyon,0.459347429779858,9444.6606
Senate,Kansas,State,Kansas,Marion,0.270754391259632,4178.2998
Senate,Kansas,State,Kansas,Marshall,0.27326184799477,3529.1022
Senate,Kansas,State,Kansas,McPherson,0.314766236024041,10070.5686
Senate,Kansas,State,Kansas,Meade,0.16433010873338,1218.3372
Senate,Kansas,State,Kansas,Miami,0.319933496945009,13337.6628
Senate,Kansas,State,Kansas,Mitchell,0.18947978628647,2282.3808
Senate,Kansas,State,Kansas,Montgomery,0.257730590734707,8894.4438
Senate,Kansas,State,Kansas,Morris,0.292479526211324,1995.6276
Senate,Kansas,State,Kansas,Morton,0.142225596480914,756.912
Senate,Kansas,State,Kansas,Nemaha,0.183392509213143,4034.1954
Senate,Kansas,State,Kansas,Neosho,0.285146683154442,4844.9646
Senate,Kansas,State,Kansas,Ness,0.111572251236636,970.8852
Senate,Kansas,State,Kansas,Norton,0.167916261785305,1621.5384
Senate,Kansas,State,Kansas,Osage,0.288125337359134,5590.9596
Senate,Kansas,State,Kansas,Osborne,0.171619548049754,1264.9164
Senate,Kansas,State,Kansas,Ottawa,0.181341026909678,2147.7378
Senate,Kansas,State,Kansas,Pawnee,0.259119279527363,1912.6584
Senate,Kansas,State,Kansas,Phillips,0.137484018506302,1955.5986
Senate,Kansas,State,Kansas,Pottawatomie,0.276753902810437,9610.599
Senate,Kansas,State,Kansas,Pratt,0.257451721017653,2917.0224
Senate,Kansas,State,Kansas,Rawlins,0.148506860383515,997.086
Senate,Kansas,State,Kansas,Reno,0.347613065115219,19214.6478
Senate,Kansas,State,Kansas,Republic,0.176508052247927,1744.5366
Senate,Kansas,State,Kansas,Rice,0.241257395966437,2836.9644
Senate,Kansas,State,Kansas,Riley,0.533142821973738,17243.7654
Senate,Kansas,State,Kansas,Rooks,0.150888613551624,1820.9556
Senate,Kansas,State,Kansas,Rush,0.189445637888979,1149.1962
Senate,Kansas,State,Kansas,Russell,0.204289101951704,2358.072
Senate,Kansas,State,Kansas,Saline,0.366859018944936,16596.0234
Senate,Kansas,State,Kansas,Scott,0.136512672201492,1521.8298
Senate,Kansas,State,Kansas,Sedgwick,0.455243992507072,153292.1472
Senate,Kansas,State,Kansas,Seward,0.343870397895795,3265.6386
Senate,Kansas,State,Kansas,Shawnee,0.530646855484415,58376.1102
Senate,Kansas,State,Kansas,Sheridan,0.111696920452223,986.169
Senate,Kansas,State,Kansas,Sherman,0.163489581612392,1848.612
Senate,Kansas,State,Kansas,Smith,0.172054253445172,1437.405
Senate,Kansas,State,Kansas,Stafford,0.192328867249957,1363.8972
Senate,Kansas,State,Kansas,Stanton,0.191173521202805,474.5256
Senate,Kansas,State,Kansas,Stevens,0.133563333674734,1313.679
Senate,Kansas,State,Kansas,Sumner,0.269248203215038,7523.2686
Senate,Kansas,State,Kansas,Thomas,0.184062668437223,2622.9912
Senate,Kansas,State,Kansas,Trego,0.169415770661529,1134.6402
Senate,Kansas,State,Kansas,Wabaunsee,0.274805597018599,2736.528
Senate,Kansas,State,Kansas,Wallace,0.0735947691942425,537.1164
Senate,Kansas,State,Kansas,Washington,0.171663093311331,1935.2202
Senate,Kansas,State,Kansas,Wichita,0.150358294687172,616.4466
Senate,Kansas,State,Kansas,Wilson,0.211000220721989,2577.1398
Senate,Kansas,State,Kansas,Woodson,0.22250737062199,1082.2386
Senate,Kansas,State,Kansas,Wyandotte,0.660429569943699,36248.079
Senate,Kentucky,State,Kentucky,Adair,0.176290979976202,6477.42
Senate,Kentucky,State,Kentucky,Allen,0.200203626792461,6789.6462
Senate,Kentucky,State,Kentucky,Anderson,0.303151767472497,9371.1528
Senate,Kentucky,State,Kentucky,Ballard,0.214020051490381,2931.5784
Senate,Kentucky,State,Kentucky,Barren,0.283428794349394,14253.2352
Senate,Kentucky,State,Kentucky,Bath,0.291560945651186,3871.1682
Senate,Kentucky,State,Kentucky,Bell,0.190809786388137,6732.15
Senate,Kentucky,State,Kentucky,Boone,0.369984541018196,48217.4778
Senate,Kentucky,State,Kentucky,Bourbon,0.390049956616108,6820.9416
Senate,Kentucky,State,Kentucky,Boyd,0.363049082926741,15031.9812
Senate,Kentucky,State,Kentucky,Boyle,0.414857519954422,10297.6422
Senate,Kentucky,State,Kentucky,Bracken,0.211831243185858,2984.7078
Senate,Kentucky,State,Kentucky,Breathitt,0.244184124823476,3666.6564
Senate,Kentucky,State,Kentucky,Breckinridge,0.251762946360851,7219.776
Senate,Kentucky,State,Kentucky,Bullitt,0.292876325888814,30988.9962
Senate,Kentucky,State,Kentucky,Butler,0.203834057509629,4272.186
Senate,Kentucky,State,Kentucky,Caldwell,0.251669969316841,4451.2248
Senate,Kentucky,State,Kentucky,Calloway,0.365642483402899,12117.87
Senate,Kentucky,State,Kentucky,Campbell,0.464346156164757,34499.1756
Senate,Kentucky,State,Kentucky,Carlisle,0.195706346953168,1885.002
Senate,Kentucky,State,Kentucky,Carroll,0.293677623110829,2894.4606
Senate,Kentucky,State,Kentucky,Carter,0.250368165348006,8213.9508
Senate,Kentucky,State,Kentucky,Casey,0.144068463143045,5109.156
Senate,Kentucky,State,Kentucky,Christian,0.39046040085464,15565.4586
Senate,Kentucky,State,Kentucky,Clark,0.380448813731562,12801.2742
Senate,Kentucky,State,Kentucky,Clay,0.118030437229508,5401.0038
Senate,Kentucky,State,Kentucky,Clinton,0.143159305982269,3511.635
Senate,Kentucky,State,Kentucky,Crittenden,0.191102645396256,2879.9046
Senate,Kentucky,State,Kentucky,Cumberland,0.177026278359703,2478.159
Senate,Kentucky,State,Kentucky,Daviess,0.399126705004448,33753.9084
Senate,Kentucky,State,Kentucky,Edmonson,0.223728356160565,4487.6148
Senate,Kentucky,State,Kentucky,Elliott,0.228686501811361,2086.6026
Senate,Kentucky,State,Kentucky,Estill,0.221639727424032,4515.999
Senate,Kentucky,State,Kentucky,Fayette,0.654245289120083,102426.2052
Senate,Kentucky,State,Kentucky,Fleming,0.237349254047808,5030.5536
Senate,Kentucky,State,Kentucky,Floyd,0.244237079806651,11198.6586
Senate,Kentucky,State,Kentucky,Franklin,0.540972542586917,18371.1276
Senate,Kentucky,State,Kentucky,Fulton,0.356950888228544,1548.0306
Senate,Kentucky,State,Kentucky,Gallatin,0.241578982007517,2816.586
Senate,Kentucky,State,Kentucky,Garrard,0.239942017136038,6408.279
Senate,Kentucky,State,Kentucky,Grant,0.212554127857743,8235.7848
Senate,Kentucky,State,Kentucky,Graves,0.231970667375392,11996.3274
Senate,Kentucky,State,Kentucky,Grayson,0.230492176654141,8693.571
Senate,Kentucky,State,Kentucky,Green,0.16818634099017,4232.157
Senate,Kentucky,State,Kentucky,Greenup,0.29566781089777,12475.9476
Senate,Kentucky,State,Kentucky,Hancock,0.311428389566774,3310.0344
Senate,Kentucky,State,Kentucky,Hardin,0.412835743315394,34384.1832
Senate,Kentucky,State,Kentucky,Harlan,0.14624085047422,7502.1624
Senate,Kentucky,State,Kentucky,Harrison,0.307463250394155,6480.3312
Senate,Kentucky,State,Kentucky,Hart,0.242051032995415,6064.7574
Senate,Kentucky,State,Kentucky,Henderson,0.414029602444383,14140.4262
Senate,Kentucky,State,Kentucky,Henry,0.283981393419913,5786.01
Senate,Kentucky,State,Kentucky,Hickman,0.236416289340676,1491.99
Senate,Kentucky,State,Kentucky,Hopkins,0.294016540508731,14757.6006
Senate,Kentucky,State,Kentucky,Jackson,0.109444434539079,4267.8192
Senate,Kentucky,State,Kentucky,Jefferson,0.646407589246159,253000.0194
Senate,Kentucky,State,Kentucky,Jessamine,0.377016795580132,19037.0646
Senate,Kentucky,State,Kentucky,Johnson,0.177331497537476,6914.1
Senate,Kentucky,State,Kentucky,Kenton,0.453237266230211,57716.7234
Senate,Kentucky,State,Kentucky,Knott,0.245158000295159,4303.4814
Senate,Kentucky,State,Kentucky,Knox,0.174915774263057,9460.6722
Senate,Kentucky,State,Kentucky,LaRue,0.238444412167834,5212.5036
Senate,Kentucky,State,Kentucky,Laurel,0.182604815030709,20053.0734
Senate,Kentucky,State,Kentucky,Lawrence,0.199129997050708,4736.5224
Senate,Kentucky,State,Kentucky,Lee,0.191750360181304,1916.2974
Senate,Kentucky,State,Kentucky,Leslie,0.112847499641787,3122.262
Senate,Kentucky,State,Kentucky,Letcher,0.216836774565152,6044.379
Senate,Kentucky,State,Kentucky,Lewis,0.147804880459355,4121.5314
Senate,Kentucky,State,Kentucky,Lincoln,0.234558824803672,7942.4814
Senate,Kentucky,State,Kentucky,Livingston,0.222840714074369,3571.3146
Senate,Kentucky,State,Kentucky,Logan,0.26998519885084,8991.2412
Senate,Kentucky,State,Kentucky,Lyon,0.279490061682924,3010.9086
Senate,Kentucky,State,Kentucky,McCracken,0.38316896886368,22954.812
Senate,Kentucky,State,Kentucky,McCreary,0.131049209553467,4491.9816
Senate,Kentucky,State,Kentucky,McLean,0.264543814934756,3323.8626
Senate,Kentucky,State,Kentucky,Madison,0.404100373722178,32248.818
Senate,Kentucky,State,Kentucky,Magoffin,0.216216984757529,3782.3766
Senate,Kentucky,State,Kentucky,Marion,0.33564076897674,6540.0108
Senate,Kentucky,State,Kentucky,Marshall,0.260378560140154,12646.9806
Senate,Kentucky,State,Kentucky,Martin,0.100492814401596,2641.914
Senate,Kentucky,State,Kentucky,Mason,0.334388748209777,5670.2898
Senate,Kentucky,State,Kentucky,Meade,0.286435216547074,10122.9702
Senate,Kentucky,State,Kentucky,Menifee,0.252132567636001,2348.6106
Senate,Kentucky,State,Kentucky,Mercer,0.295000201669219,8489.0592
Senate,Kentucky,State,Kentucky,Metcalfe,0.215128017217127,3697.9518
Senate,Kentucky,State,Kentucky,Monroe,0.138077388467936,3824.589
Senate,Kentucky,State,Kentucky,Montgomery,0.317740165118162,9192.8418
Senate,Kentucky,State,Kentucky,Morgan,0.219184643488494,3851.5176
Senate,Kentucky,State,Kentucky,Muhlenberg,0.274352366654947,9853.6842
Senate,Kentucky,State,Kentucky,Nelson,0.345620662745416,16424.2626
Senate,Kentucky,State,Kentucky,Nicholas,0.304343289975296,2383.545
Senate,Kentucky,State,Kentucky,Ohio,0.23894916107808,7840.5894
Senate,Kentucky,State,Kentucky,Oldham,0.448722750970536,27239.3706
Senate,Kentucky,State,Kentucky,Owen,0.224785380456374,3946.1316
Senate,Kentucky,State,Kentucky,Owsley,0.139833173514576,1330.4184
Senate,Kentucky,State,Kentucky,Pendleton,0.219683008281463,4951.2234
Senate,Kentucky,State,Kentucky,Perry,0.244322596815521,7189.9362
Senate,Kentucky,State,Kentucky,Pike,0.210170107662614,17255.4102
Senate,Kentucky,State,Kentucky,Powell,0.271854029433692,3832.5948
Senate,Kentucky,State,Kentucky,Pulaski,0.210919493159622,22854.3756
Senate,Kentucky,State,Kentucky,Robertson,0.234171377981586,822.414
Senate,Kentucky,State,Kentucky,Rockcastle,0.162046845138473,5546.5638
Senate,Kentucky,State,Kentucky,Rowan,0.421443405466186,7065.4824
Senate,Kentucky,State,Kentucky,Russell,0.170041046176348,6420.6516
Senate,Kentucky,State,Kentucky,Scott,0.421606408492133,21286.6944
Senate,Kentucky,State,Kentucky,Shelby,0.383605223118674,17596.7484
Senate,Kentucky,State,Kentucky,Simpson,0.333374366606215,6299.8368
Senate,Kentucky,State,Kentucky,Spencer,0.260378880818737,8254.7076
Senate,Kentucky,State,Kentucky,Taylor,0.260361353977215,8805.6522
Senate,Kentucky,State,Kentucky,Todd,0.254373928414467,3682.668
Senate,Kentucky,State,Kentucky,Trigg,0.285235688740428,5169.5634
Senate,Kentucky,State,Kentucky,Trimble,0.267860876394369,3061.1268
Senate,Kentucky,State,Kentucky,Union,0.250958704860415,4354.4274
Senate,Kentucky,State,Kentucky,Warren,0.440186877459338,40703.6706
Senate,Kentucky,State,Kentucky,Washington,0.297088411506402,4550.9334
Senate,Kentucky,State,Kentucky,Wayne,0.206902300948746,6293.2866
Senate,Kentucky,State,Kentucky,Webster,0.256947329623136,3997.0776
Senate,Kentucky,State,Kentucky,Whitley,0.18662950726648,10861.6872
Senate,Kentucky,State,Kentucky,Wolfe,0.293047389538378,2075.6856
Senate,Kentucky,State,Kentucky,Woodford,0.492645080572606,10699.3878
Senate,Louisiana,State,Louisiana,Acadia,0.214290106222534,19270.6884
Senate,Louisiana,State,Louisiana,Allen,0.230845365678201,6305.6592
Senate,Louisiana,State,Louisiana,Ascension,0.381170918918103,44710.2096
Senate,Louisiana,State,Louisiana,Assumption,0.372962473373257,7449.7608
Senate,Louisiana,State,Louisiana,Avoyelles,0.331536043072114,11527.6242
Senate,Louisiana,State,Louisiana,Beauregard,0.170399761275697,11423.5488
Senate,Louisiana,State,Louisiana,Bienville,0.466680993808443,4505.8098
Senate,Louisiana,State,Louisiana,Bossier,0.330371190703039,37534.1016
Senate,Louisiana,State,Louisiana,Caddo,0.581656809836445,67929.213
Senate,Louisiana,State,Louisiana,Calcasieu,0.350580680019741,58210.8996
Senate,Louisiana,State,Louisiana,Caldwell,0.164633233488657,3132.4512
Senate,Louisiana,State,Louisiana,Cameron,0.0815746771311288,2430.1242
Senate,Louisiana,State,Louisiana,Catahoula,0.291632255058543,3142.6404
Senate,Louisiana,State,Louisiana,Claiborne,0.445807504912996,4192.8558
Senate,Louisiana,State,Louisiana,Concordia,0.407010248644734,5583.6816
Senate,Louisiana,State,Louisiana,DeSoto,0.374381045939751,10032.723
Senate,Louisiana,State,Louisiana,East Baton Rouge,0.613624161945034,135763.812
Senate,Louisiana,State,Louisiana,East Carroll,0.64520931803719,1651.3782
Senate,Louisiana,State,Louisiana,East Feliciana,0.444641445021042,7153.5462
Senate,Louisiana,State,Louisiana,Evangeline,0.298549208861936,10195.7502
Senate,Louisiana,State,Louisiana,Franklin,0.298704337629634,6346.416
Senate,Louisiana,State,Louisiana,Grant,0.137210381397076,6492.7038
Senate,Louisiana,State,Louisiana,Iberia,0.381333789236716,21117.117
Senate,Louisiana,State,Louisiana,Iberville,0.554884573026496,11003.6082
Senate,Louisiana,State,Louisiana,Jackson,0.306960847000774,5198.6754
Senate,Louisiana,State,Louisiana,Jefferson,0.492341501795997,127030.9398
Senate,Louisiana,State,Louisiana,Jefferson Davis,0.229316261398378,10318.0206
Senate,Louisiana,State,Louisiana,Lafayette,0.395109020465291,79459.0206
Senate,Louisiana,State,Louisiana,Lafourche,0.224060572862056,30804.135
Senate,Louisiana,State,Louisiana,LaSalle,0.102905793245956,4780.9182
Senate,Louisiana,State,Louisiana,Lincoln,0.427107271858403,13009.425
Senate,Louisiana,State,Louisiana,Livingston,0.186227155184503,47355.0348
Senate,Louisiana,State,Louisiana,Madison,0.589386507564719,2867.532
Senate,Louisiana,State,Louisiana,Morehouse,0.459694880258162,7255.4382
Senate,Louisiana,State,Louisiana,Natchitoches,0.443877402393712,10800.552
Senate,Louisiana,State,Louisiana,Orleans,0.872767644879192,112712.9304
Senate,Louisiana,State,Louisiana,Ouachita,0.414651004829234,46326.6534
Senate,Louisiana,State,Louisiana,Plaquemines,0.359913606117661,7151.3628
Senate,Louisiana,State,Louisiana,Pointe Coupee,0.416699459795261,8334.0378
Senate,Louisiana,State,Louisiana,Rapides,0.366495105201475,38360.8824
Senate,Louisiana,State,Louisiana,Red River,0.416999215252345,2662.2924
Senate,Louisiana,State,Louisiana,Richland,0.352361334885515,6612.7908
Senate,Louisiana,State,Louisiana,Sabine,0.179393068384315,7351.5078
Senate,Louisiana,State,Louisiana,St. Bernard,0.406302576855179,12372.6
Senate,Louisiana,State,Louisiana,St. Charles,0.389967423052854,19108.389
Senate,Louisiana,State,Louisiana,St. Helena,0.562409049924131,4113.5256
Senate,Louisiana,State,Louisiana,St. James,0.553929698916648,8510.8932
Senate,Louisiana,State,Louisiana,St. John the Baptist,0.699165086306207,13537.08
Senate,Louisiana,State,Louisiana,St. Landry,0.462512725998699,26670.231
Senate,Louisiana,State,Louisiana,St. Martin,0.34542714632683,18013.05
Senate,Louisiana,State,Louisiana,St. Mary,0.39354821976564,15052.3596
Senate,Louisiana,State,Louisiana,St. Tammany,0.327011754364602,99092.8812
Senate,Louisiana,State,Louisiana,Tangipahoa,0.362973548074362,39582.1308
Senate,Louisiana,State,Louisiana,Tensas,0.537043656975238,1524.741
Senate,Louisiana,State,Louisiana,Terrebonne,0.282928136940105,29706.6126
Senate,Louisiana,State,Louisiana,Union,0.25452030600111,7556.0196
Senate,Louisiana,State,Louisiana,Vermilion,0.214320649850885,19029.7866
Senate,Louisiana,State,Louisiana,Vernon,0.190940622705377,11635.3386
Senate,Louisiana,State,Louisiana,Washington,0.347686577169021,13287.4446
Senate,Louisiana,State,Louisiana,Webster,0.368338471853305,11657.9004
Senate,Louisiana,State,Louisiana,West Baton Rouge,0.499193042901629,9923.553
Senate,Louisiana,State,Louisiana,West Carroll,0.155041486392747,3321.6792
Senate,Louisiana,State,Louisiana,West Feliciana,0.39261421841137,4313.6706
Senate,Louisiana,State,Louisiana,Winn,0.269253710498441,4169.5662
Senate,Maine,State,Maine,Androscoggin,0.458641687968325,41938.7472
Senate,Maine,State,Maine,Aroostook,0.349118420505384,25579.2588
Senate,Maine,State,Maine,Cumberland,0.658277266020684,136779.093
Senate,Maine,State,Maine,Franklin,0.446997082936578,12699.3822
Senate,Maine,State,Maine,Hancock,0.540257724299159,25740.8304
Senate,Maine,State,Maine,Kennebec,0.472689741128557,51800.4372
Senate,Maine,State,Maine,Knox,0.577453974115492,18440.9964
Senate,Maine,State,Maine,Lincoln,0.532517502366822,17117.1282
Senate,Maine,State,Maine,Oxford,0.426635394919374,24740.1054
Senate,Maine,State,Maine,Penobscot,0.426594075060598,62141.7474
Senate,Maine,State,Maine,Piscataquis,0.339369861417352,7275.8166
Senate,Maine,State,Maine,Sagadahoc,0.560091117705233,17393.6922
Senate,Maine,State,Maine,Somerset,0.348017028825042,20349.288
Senate,Maine,State,Maine,Waldo,0.501933051940964,17813.6328
Senate,Maine,State,Maine,Washington,0.371210452142312,12928.6392
Senate,Maine,State,Maine,York,0.538091629492244,94517.2026
Senate,Massachusetts,State,Massachusetts,Barnstable,0.638159601121677,105953.124
Senate,Massachusetts,State,Massachusetts,Berkshire,0.747578896923486,48689.0922
Senate,Massachusetts,State,Massachusetts,Bristol,0.570861712353143,197948.4996
Senate,Massachusetts,State,Massachusetts,Dukes,0.79532885826412,8647.7196
Senate,Massachusetts,State,Massachusetts,Essex,0.65542001865298,285268.488
Senate,Massachusetts,State,Massachusetts,Franklin,0.735897243057764,29645.4774
Senate,Massachusetts,State,Massachusetts,Hampden,0.597883327438772,148042.5258
Senate,Massachusetts,State,Massachusetts,Hampshire,0.751040237364635,59587.1694
Senate,Massachusetts,State,Massachusetts,Middlesex,0.738719907232577,574662.8742
Senate,Massachusetts,State,Massachusetts,Nantucket,0.727757934324629,5061.849
Senate,Massachusetts,State,Massachusetts,Norfolk,0.6849280046027,273077.1102
Senate,Massachusetts,State,Massachusetts,Plymouth,0.592568205243925,213613.6668
Senate,Massachusetts,State,Massachusetts,Suffolk,0.8128363556245,210159.528
Senate,Massachusetts,State,Massachusetts,Worcester,0.601077560539685,298020.9996
Senate,Michigan,State,Michigan,Alcona,0.329385863553719,5383.5366
Senate,Michigan,State,Michigan,Alger,0.445517604724937,3778.0098
Senate,Michigan,State,Michigan,Allegan,0.406271009792823,51559.5354
Senate,Michigan,State,Michigan,Alpena,0.39914539062165,12376.239
Senate,Michigan,State,Michigan,Antrim,0.424818002509902,12133.1538
Senate,Michigan,State,Michigan,Arenac,0.334891642767685,6580.0398
Senate,Michigan,State,Michigan,Baraga,0.392487625653583,3105.5226
Senate,Michigan,State,Michigan,Barry,0.3682381822686,27686.2398
Senate,Michigan,State,Michigan,Bay,0.471904079305154,44074.8402
Senate,Michigan,State,Michigan,Benzie,0.50284943195609,9224.865
Senate,Michigan,State,Michigan,Berrien,0.506933090124244,60624.2844
Senate,Michigan,State,Michigan,Branch,0.324479866132771,15108.4002
Senate,Michigan,State,Michigan,Calhoun,0.475336264737492,49194.9132
Senate,Michigan,State,Michigan,Cass,0.371103539318196,20054.529
Senate,Michigan,State,Michigan,Charlevoix,0.460267771613847,12649.164
Senate,Michigan,State,Michigan,Cheboygan,0.385678332602111,11787.4488
Senate,Michigan,State,Michigan,Chippewa,0.421613246514798,13133.151
Senate,Michigan,State,Michigan,Clare,0.350843473287461,12405.351
Senate,Michigan,State,Michigan,Clinton,0.503127318754132,35808.4878
Senate,Michigan,State,Michigan,Crawford,0.371691580018165,6088.047
Senate,Michigan,State,Michigan,Delta,0.389551290374932,15699.3738
Senate,Michigan,State,Michigan,Dickinson,0.357598446865852,10980.3186
Senate,Michigan,State,Michigan,Eaton,0.530957600858833,46694.1924
Senate,Michigan,State,Michigan,Emmet,0.491988418450504,16353.666
Senate,Michigan,State,Michigan,Genesee,0.567831020926067,160096.3494
Senate,Michigan,State,Michigan,Gladwin,0.334413835940194,11142.618
Senate,Michigan,State,Michigan,Gogebic,0.459564464621326,5959.2264
Senate,Michigan,State,Michigan,Grand Traverse,0.53809716293078,44950.3836
Senate,Michigan,State,Michigan,Gratiot,0.384721796303382,14247.4128
Senate,Michigan,State,Michigan,Hillsdale,0.275612591094366,17835.4668
Senate,Michigan,State,Michigan,Houghton,0.459595685876909,13873.3236
Senate,Michigan,State,Michigan,Huron,0.335034295210084,13643.3388
Senate,Michigan,State,Michigan,Ingham,0.692875047337606,105608.1468
Senate,Michigan,State,Michigan,Ionia,0.381497886184889,24393.6726
Senate,Michigan,State,Michigan,Iosco,0.388362387390917,11280.1722
Senate,Michigan,State,Michigan,Iron,0.395535805077438,5052.3876
Senate,Michigan,State,Michigan,Isabella,0.50880960462972,22074.9018
Senate,Michigan,State,Michigan,Jackson,0.437416870575883,60077.7066
Senate,Michigan,State,Michigan,Kalamazoo,0.6347405665475,104200.5816
Senate,Michigan,State,Michigan,Kalkaska,0.321894181766063,8264.169
Senate,Michigan,State,Michigan,Kent,0.573730352148393,265929.3864
Senate,Michigan,State,Michigan,Keweenaw,0.481643719712618,1154.2908
Senate,Michigan,State,Michigan,Lake,0.380047732312678,4964.3238
Senate,Michigan,State,Michigan,Lapeer,0.339231449385835,39836.8608
Senate,Michigan,State,Michigan,Leelanau,0.585485015199279,12693.5598
Senate,Michigan,State,Michigan,Lenawee,0.428414748236787,39483.15
Senate,Michigan,State,Michigan,Livingston,0.423773760525323,95138.016
Senate,Michigan,State,Michigan,Luce,0.299516606116958,2139.0042
Senate,Michigan,State,Michigan,Mackinac,0.418973247899729,5204.4978
Senate,Michigan,State,Michigan,Macomb,0.476773288745457,363635.8086
Senate,Michigan,State,Michigan,Manistee,0.465291602016891,10958.4846
Senate,Michigan,State,Michigan,Marquette,0.590505733895294,27892.935
Senate,Michigan,State,Michigan,Mason,0.437212237872573,12957.0234
Senate,Michigan,State,Michigan,Mecosta,0.391050893228284,16108.3974
Senate,Michigan,State,Michigan,Menominee,0.37259692113011,9390.8034
Senate,Michigan,State,Michigan,Midland,0.469137003705061,36023.9166
Senate,Michigan,State,Michigan,Missaukee,0.249320067076452,6558.2058
Senate,Michigan,State,Michigan,Monroe,0.406765281620045,65521.6506
Senate,Michigan,State,Michigan,Montcalm,0.343150346358507,24973.7292
Senate,Michigan,State,Michigan,Montmorency,0.308691415410859,4585.8678
Senate,Michigan,State,Michigan,Muskegon,0.537782241568235,68239.2558
Senate,Michigan,State,Michigan,Newaygo,0.322289121168606,20932.2558
Senate,Michigan,State,Michigan,Oakland,0.599761662960314,551170.218
Senate,Michigan,State,Michigan,Oceana,0.391230868362502,10649.1696
Senate,Michigan,State,Michigan,Ogemaw,0.327152062044913,9066.2046
Senate,Michigan,State,Michigan,Ontonagon,0.389895861933031,2759.8176
Senate,Michigan,State,Michigan,Osceola,0.293954164045873,9435.927
Senate,Michigan,State,Michigan,Oscoda,0.314657369296846,3733.614
Senate,Michigan,State,Michigan,Otsego,0.36308148599078,11459.211
Senate,Michigan,State,Michigan,Ottawa,0.441919230042763,127937.0508
Senate,Michigan,State,Michigan,Presque Isle,0.396826821260289,6261.9912
Senate,Michigan,State,Michigan,Roscommon,0.376238339035999,11551.6416
Senate,Michigan,State,Michigan,Saginaw,0.53032179122174,74546.3706
Senate,Michigan,State,Michigan,St. Clair,0.366684027575587,69229.0638
Senate,Michigan,State,Michigan,St. Joseph,0.370187935478749,21000.669
Senate,Michigan,State,Michigan,Sanilac,0.296180991028405,16766.3286
Senate,Michigan,State,Michigan,Schoolcraft,0.381091951539562,3513.0906
Senate,Michigan,State,Michigan,Shiawassee,0.42810100183278,29150.5734
Senate,Michigan,State,Michigan,Tuscola,0.321882775793263,22071.2628
Senate,Michigan,State,Michigan,Van Buren,0.469590177784323,29535.5796
Senate,Michigan,State,Michigan,Washtenaw,0.763165674508261,157201.8888
Senate,Michigan,State,Michigan,Wayne,0.691663153346385,601084.1976
Senate,Michigan,State,Michigan,Wexford,0.366727601258817,13967.9376
Senate,Minnesota,State,Minnesota,Aitkin,0.384406112356494,7470.867
Senate,Minnesota,State,Minnesota,Anoka,0.521661831570558,148937.7198
Senate,Minnesota,State,Minnesota,Becker,0.372275003643515,14116.4088
Senate,Minnesota,State,Minnesota,Beltrami,0.515592335814117,17751.7698
Senate,Minnesota,State,Minnesota,Benton,0.356709972410096,16261.9632
Senate,Minnesota,State,Minnesota,Big Stone,0.390668691635584,2008.728
Senate,Minnesota,State,Minnesota,Blue Earth,0.538127353759996,25879.8402
Senate,Minnesota,State,Minnesota,Brown,0.36060208801557,10384.2504
Senate,Minnesota,State,Minnesota,Carlton,0.531358242953666,14803.452
Senate,Minnesota,State,Minnesota,Carver,0.516844904491594,49093.749
Senate,Minnesota,State,Minnesota,Cass,0.370991972844955,13871.1402
Senate,Minnesota,State,Minnesota,Chippewa,0.366949195201768,4513.0878
Senate,Minnesota,State,Minnesota,Chisago,0.381360436589681,25430.0598
Senate,Minnesota,State,Minnesota,Clay,0.546725172047245,23352.1908
Senate,Minnesota,State,Minnesota,Clearwater,0.280881594834284,3452.6832
Senate,Minnesota,State,Minnesota,Cook,0.716477599293706,2589.5124
Senate,Minnesota,State,Minnesota,Cottonwood,0.328824854964148,4266.3636
Senate,Minnesota,State,Minnesota,Crow Wing,0.381704522964535,30273.5688
Senate,Minnesota,State,Minnesota,Dakota,0.608735199429142,184324.0836
Senate,Minnesota,State,Minnesota,Dodge,0.377402821749054,8881.3434
Senate,Minnesota,State,Minnesota,Douglas,0.361795561931022,17950.4592
Senate,Minnesota,State,Minnesota,Faribault,0.348720811628728,5530.5522
Senate,Minnesota,State,Minnesota,Fillmore,0.412573510755294,8827.4862
Senate,Minnesota,State,Minnesota,Freeborn,0.435021710965575,11973.0378
Senate,Minnesota,State,Minnesota,Goodhue,0.459827936316187,20518.1376
Senate,Minnesota,State,Minnesota,Grant,0.384885304419747,2513.0934
Senate,Minnesota,State,Minnesota,Hennepin,0.752743002698914,509426.5212
Senate,Minnesota,State,Minnesota,Houston,0.459894647045198,8161.5492
Senate,Minnesota,State,Minnesota,Hubbard,0.380835213388586,9712.491
Senate,Minnesota,State,Minnesota,Isanti,0.328532144895761,18494.1258
Senate,Minnesota,State,Minnesota,Itasca,0.440769856181033,19162.974
Senate,Minnesota,State,Minnesota,Jackson,0.3235114214585,4024.734
Senate,Minnesota,State,Minnesota,Kanabec,0.322578714678644,6940.3008
Senate,Minnesota,State,Minnesota,Kandiyohi,0.383352545593242,16614.2184
Senate,Minnesota,State,Minnesota,Kittson,0.414833525109681,1780.1988
Senate,Minnesota,State,Minnesota,Koochiching,0.411898893816671,4853.6982
Senate,Minnesota,State,Minnesota,Lac qui Parle,0.376434008103246,2848.6092
Senate,Minnesota,State,Minnesota,Lake,0.563872686859184,4948.3122
Senate,Minnesota,State,Minnesota,Lake of the Woods,0.296723213595118,1684.1292
Senate,Minnesota,State,Minnesota,Le Sueur,0.369186202358155,12473.7642
Senate,Minnesota,State,Minnesota,Lincoln,0.346473365756758,2301.3036
Senate,Minnesota,State,Minnesota,Lyon,0.378570330125029,9231.4152
Senate,Minnesota,State,Minnesota,Mahnomen,0.499921195996973,1557.492
Senate,Minnesota,State,Minnesota,Marshall,0.271417440703759,3603.3378
Senate,Minnesota,State,Minnesota,Martin,0.337295686277278,7724.1414
Senate,Minnesota,State,Minnesota,McLeod,0.345956558896624,15114.9504
Senate,Minnesota,State,Minnesota,Meeker,0.320126891320288,9786.7266
Senate,Minnesota,State,Minnesota,Mille Lacs,0.330789110240788,10876.2432
Senate,Minnesota,State,Minnesota,Morrison,0.247170632418178,14535.6216
Senate,Minnesota,State,Minnesota,Mower,0.490893842530115,13543.6302
Senate,Minnesota,State,Minnesota,Murray,0.321777488747681,3402.465
Senate,Minnesota,State,Minnesota,Nicollet,0.541725756762383,13814.3718
Senate,Minnesota,State,Minnesota,Nobles,0.359088028300313,5924.292
Senate,Minnesota,State,Minnesota,Norman,0.428664996918115,2326.0488
Senate,Minnesota,State,Minnesota,Olmsted,0.597857383012599,64474.3464
Senate,Minnesota,State,Minnesota,Otter Tail,0.366388651970736,26221.1784
Senate,Minnesota,State,Minnesota,Pennington,0.379871145794467,5236.521
Senate,Minnesota,State,Minnesota,Pine,0.361297480370116,12090.9414
Senate,Minnesota,State,Minnesota,Pipestone,0.290942461999588,3458.5056
Senate,Minnesota,State,Minnesota,Polk,0.368626060272285,11010.8862
Senate,Minnesota,State,Minnesota,Pope,0.37982333526503,5149.185
Senate,Minnesota,State,Minnesota,Ramsey,0.755897354295945,196834.9656
Senate,Minnesota,State,Minnesota,Red Lake,0.349868993702234,1504.3626
Senate,Minnesota,State,Minnesota,Redwood,0.317892990631458,5964.321
Senate,Minnesota,State,Minnesota,Renville,0.326809350528586,5742.342
Senate,Minnesota,State,Minnesota,Rice,0.531597130693754,25922.0526
Senate,Minnesota,State,Minnesota,Rock,0.339097562035083,3839.145
Senate,Minnesota,State,Minnesota,Roseau,0.284776868555394,6093.1416
Senate,Minnesota,State,Minnesota,St. Louis,0.612805200172371,84715.92
Senate,Minnesota,State,Minnesota,Scott,0.501034867033452,64083.5178
Senate,Minnesota,State,Minnesota,Sherburne,0.362572460022491,41353.596
Senate,Minnesota,State,Minnesota,Sibley,0.31831512580254,6088.047
Senate,Minnesota,State,Minnesota,Stearns,0.405754434267276,61689.0558
Senate,Minnesota,State,Minnesota,Steele,0.417638710687374,14841.2976
Senate,Minnesota,State,Minnesota,Stevens,0.404486397243688,3668.112
Senate,Minnesota,State,Minnesota,Swift,0.36654763699752,3608.4324
Senate,Minnesota,State,Minnesota,Todd,0.260960216526535,9799.0992
Senate,Minnesota,State,Minnesota,Traverse,0.379696747629075,1282.3836
Senate,Minnesota,State,Minnesota,Wabasha,0.398187227807919,9638.9832
Senate,Minnesota,State,Minnesota,Wadena,0.273310475279771,5768.5428
Senate,Minnesota,State,Minnesota,Waseca,0.375096499449869,7403.1816
Senate,Minnesota,State,Minnesota,Washington,0.589048168318803,120520.041
Senate,Minnesota,State,Minnesota,Watonwan,0.400013439864339,3500.718
Senate,Minnesota,State,Minnesota,Wilkin,0.339633685242051,2384.2728
Senate,Minnesota,State,Minnesota,Winona,0.519434330447668,19808.5326
Senate,Minnesota,State,Minnesota,Wright,0.392022976847422,64114.8132
Senate,Minnesota,State,Minnesota,Yellow Medicine,0.330956251729419,3847.1508
Senate,Mississippi,State,Mississippi,Adams,0.602843380882846,8605.5072
Senate,Mississippi,State,Mississippi,Alcorn,0.200892979562483,10906.083
Senate,Mississippi,State,Mississippi,Amite,0.374819335221683,4898.094
Senate,Mississippi,State,Mississippi,Attala,0.425947472472392,5569.8534
Senate,Mississippi,State,Mississippi,Benton,0.404650458465761,2804.2134
Senate,Mississippi,State,Mississippi,Bolivar,0.665608980328757,7541.4636
Senate,Mississippi,State,Mississippi,Calhoun,0.304391480882293,4359.522
Senate,Mississippi,State,Mississippi,Carroll,0.320810314821104,3756.1758
Senate,Mississippi,State,Mississippi,Chickasaw,0.486176711313118,5217.5982
Senate,Mississippi,State,Mississippi,Choctaw,0.295441526026968,2799.1188
Senate,Mississippi,State,Mississippi,Claiborne,0.866173553357136,2553.1224
Senate,Mississippi,State,Mississippi,Clarke,0.361531365046474,5475.2394
Senate,Mississippi,State,Mississippi,Clay,0.595067099209885,6533.4606
Senate,Mississippi,State,Mississippi,Coahoma,0.737523542610304,4890.0882
Senate,Mississippi,State,Mississippi,Copiah,0.51354409214152,8413.368
Senate,Mississippi,State,Mississippi,Covington,0.376525850368917,6397.362
Senate,Mississippi,State,Mississippi,DeSoto,0.413656679589025,56103.9186
Senate,Mississippi,State,Mississippi,Forrest,0.459080372060048,20417.7012
Senate,Mississippi,State,Mississippi,Franklin,0.341286063590103,2943.2232
Senate,Mississippi,State,Mississippi,George,0.139876346792447,8002.8888
Senate,Mississippi,State,Mississippi,Greene,0.18651036370811,4083.6858
Senate,Mississippi,State,Mississippi,Grenada,0.462100012567187,7067.6658
Senate,Mississippi,State,Mississippi,Hancock,0.248995555520841,15244.4988
Senate,Mississippi,State,Mississippi,Harrison,0.397626218538512,54622.8456
Senate,Mississippi,State,Mississippi,Hinds,0.760152314772981,62340.4368
Senate,Mississippi,State,Mississippi,Holmes,0.83932461778351,4849.3314
Senate,Mississippi,State,Mississippi,Humphreys,0.745550615065178,2498.5374
Senate,Mississippi,State,Mississippi,Issaquena,0.533798898827808,424.3074
Senate,Mississippi,State,Mississippi,Itawamba,0.130490250366397,7678.29
Senate,Mississippi,State,Mississippi,Jackson,0.343927802225862,37732.791
Senate,Mississippi,State,Mississippi,Jasper,0.516643369168328,5705.952
Senate,Mississippi,State,Mississippi,Jefferson,0.743038812210366,2378.4504
Senate,Mississippi,State,Mississippi,Jefferson Davis,0.726996881502157,3888.6354
Senate,Mississippi,State,Mississippi,Jones,0.304337921454217,20041.4286
Senate,Mississippi,State,Mississippi,Kemper,0.624331432437176,2963.6016
Senate,Mississippi,State,Mississippi,Lafayette,0.443515227553442,16743.7668
Senate,Mississippi,State,Mississippi,Lamar,0.286191109896257,20242.3014
Senate,Mississippi,State,Mississippi,Lauderdale,0.433314489046702,19769.9592
Senate,Mississippi,State,Mississippi,Lawrence,0.350112805894027,4375.5336
Senate,Mississippi,State,Mississippi,Leake,0.431301143450645,6058.935
Senate,Mississippi,State,Mississippi,Lee,0.349340625892484,25440.249
Senate,Mississippi,State,Mississippi,Leflore,0.726317486724411,6790.374
Senate,Mississippi,State,Mississippi,Lincoln,0.306848159461289,11422.0932
Senate,Mississippi,State,Mississippi,Lowndes,0.502945546875253,17600.3874
Senate,Mississippi,State,Mississippi,Madison,0.45143317166782,40053.0174
Senate,Mississippi,State,Mississippi,Marion,0.33159990273446,8070.5742
Senate,Mississippi,State,Mississippi,Marshall,0.522402926440338,10818.747
Senate,Mississippi,State,Mississippi,Monroe,0.362740012645933,11609.1378
Senate,Mississippi,State,Mississippi,Montgomery,0.439065843294573,3198.681
Senate,Mississippi,State,Mississippi,Neshoba,0.289204693676192,7842.7728
Senate,Mississippi,State,Mississippi,Newton,0.319172166796781,6727.7832
Senate,Mississippi,State,Mississippi,Noxubee,0.770958138537734,3216.876
Senate,Mississippi,State,Mississippi,Oktibbeha,0.544147739940568,12919.9056
Senate,Mississippi,State,Mississippi,Panola,0.484138946527696,10380.6114
Senate,Mississippi,State,Mississippi,Pearl River,0.198708248082211,17772.876
Senate,Mississippi,State,Mississippi,Perry,0.240050674597409,4005.0834
Senate,Mississippi,State,Mississippi,Pike,0.522333239422762,11168.091
Senate,Mississippi,State,Mississippi,Pontotoc,0.198106128491265,10155.7212
Senate,Mississippi,State,Mississippi,Prentiss,0.218358706620283,7502.1624
Senate,Mississippi,State,Mississippi,Quitman,0.70304549573592,1911.9306
Senate,Mississippi,State,Mississippi,Rankin,0.292223727090499,50186.1768
Senate,Mississippi,State,Mississippi,Scott,0.424110068507879,7152.0906
Senate,Mississippi,State,Mississippi,Sharkey,0.705498143598726,1275.1056
Senate,Mississippi,State,Mississippi,Simpson,0.355620947880178,8028.3618
Senate,Mississippi,State,Mississippi,Smith,0.227670026898722,5554.5696
Senate,Mississippi,State,Mississippi,Stone,0.246104259293589,5701.5852
Senate,Mississippi,State,Mississippi,Sunflower,0.716746445236216,5696.4906
Senate,Mississippi,State,Mississippi,Tallahatchie,0.575186194161344,3612.0714
Senate,Mississippi,State,Mississippi,Tate,0.333082946841025,9272.172
Senate,Mississippi,State,Mississippi,Tippah,0.209068031793643,6936.6618
Senate,Mississippi,State,Mississippi,Tishomingo,0.14239545779862,6539.283
Senate,Mississippi,State,Mississippi,Tunica,0.744981188492971,1918.4808
Senate,Mississippi,State,Mississippi,Union,0.186190071455343,8999.9748
Senate,Mississippi,State,Mississippi,Walthall,0.410005893180229,4708.1382
Senate,Mississippi,State,Mississippi,Warren,0.518078112544229,13165.902
Senate,Mississippi,State,Mississippi,Washington,0.716206468108116,10468.6752
Senate,Mississippi,State,Mississippi,Wayne,0.379913481756789,6580.0398
Senate,Mississippi,State,Mississippi,Webster,0.207264758042005,3687.7626
Senate,Mississippi,State,Mississippi,Wilkinson,0.666889680018176,2104.7976
Senate,Mississippi,State,Mississippi,Winston,0.454115125244909,6050.9292
Senate,Mississippi,State,Mississippi,Yalobusha,0.445054014679508,4226.3346
Senate,Mississippi,State,Mississippi,Yazoo,0.538964839949023,6477.42
Senate,Montana,State,Montana,Beaverhead,0.323760668669953,4076.4078
Senate,Montana,State,Montana,Big Horn,0.548612616449311,3129.54
Senate,Montana,State,Montana,Blaine,0.526572754686515,2091.6972
Senate,Montana,State,Montana,Broadwater,0.228143566853085,3387.909
Senate,Montana,State,Montana,Carbon,0.385685054229126,5147.0016
Senate,Montana,State,Montana,Carter,0.110522888500368,607.713
Senate,Montana,State,Montana,Cascade,0.440549207406721,26521.032
Senate,Montana,State,Montana,Chouteau,0.38570935862462,2056.035
Senate,Montana,State,Montana,Custer,0.292997908024332,4070.5854
Senate,Montana,State,Montana,Daniels,0.199510788646455,678.3096
Senate,Montana,State,Montana,Dawson,0.23684844390556,3290.3838
Senate,Montana,State,Montana,Deer Lodge,0.562274605208971,3424.299
Senate,Montana,State,Montana,Fallon,0.136077887140497,1066.9548
Senate,Montana,State,Montana,Fergus,0.278489041166046,4721.2386
Senate,Montana,State,Montana,Flathead,0.379000524768642,44724.7656
Senate,Montana,State,Montana,Gallatin,0.573653236249677,49223.2974
Senate,Montana,State,Montana,Garfield,0.0609931878826695,578.601
Senate,Montana,State,Montana,Glacier,0.655718646632765,3545.8416
Senate,Montana,State,Montana,Golden Valley,0.1608843268245,368.9946
Senate,Montana,State,Montana,Granite,0.321722726429703,1540.0248
Senate,Montana,State,Montana,Hill,0.461429261311194,4734.339
Senate,Montana,State,Montana,Jefferson,0.363633828595499,5866.068
Senate,Montana,State,Montana,Judith Basin,0.240973748278896,957.7848
Senate,Montana,State,Montana,Lake,0.453446755719658,11928.642
Senate,Montana,State,Montana,Lewis and Clark,0.528032112500615,29522.4792
Senate,Montana,State,Montana,Liberty,0.263794067296797,703.0548
Senate,Montana,State,Montana,Lincoln,0.269850988958689,8387.1672
Senate,Montana,State,Montana,Madison,0.315451176283829,4588.0512
Senate,Montana,State,Montana,McCone,0.14854892284302,771.468
Senate,Montana,State,Montana,Meagher,0.266319854347909,832.6032
Senate,Montana,State,Montana,Mineral,0.297454959444068,1992.7164
Senate,Montana,State,Montana,Missoula,0.664241687064951,51098.1102
Senate,Montana,State,Montana,Musselshell,0.163554479610361,2144.0988
Senate,Montana,State,Montana,Park,0.517696140542156,8261.9856
Senate,Montana,State,Montana,Petroleum,0.140923940636633,233.6238
Senate,Montana,State,Montana,Phillips,0.216628799571765,1556.0364
Senate,Montana,State,Montana,Pondera,0.333026196602127,2004.3612
Senate,Montana,State,Montana,Powder River,0.146235518757614,796.2132
Senate,Montana,State,Montana,Powell,0.266067205710979,2311.4928
Senate,Montana,State,Montana,Prairie,0.219569179301346,486.1704
Senate,Montana,State,Montana,Ravalli,0.341324604179882,21180.4356
Senate,Montana,State,Montana,Richland,0.182536634823972,3759.087
Senate,Montana,State,Montana,Roosevelt,0.507233776627419,2718.333
Senate,Montana,State,Montana,Rosebud,0.358605029031815,2591.6958
Senate,Montana,State,Montana,Sanders,0.258751498859475,5716.869
Senate,Montana,State,Montana,Sheridan,0.326671750048734,1331.874
Senate,Montana,State,Montana,Silver Bow,0.593038450455303,12733.5888
Senate,Montana,State,Montana,Stillwater,0.220553740987077,4188.489
Senate,Montana,State,Montana,Sweet Grass,0.269808448696951,1684.1292
Senate,Montana,State,Montana,Teton,0.315444513589356,2518.188
Senate,Montana,State,Montana,Toole,0.249595659027637,1445.4108
Senate,Montana,State,Montana,Treasure,0.163571423088268,308.5872
Senate,Montana,State,Montana,Valley,0.280554006311518,2877.7212
Senate,Montana,State,Montana,Wheatland,0.237902508784057,765.6456
Senate,Montana,State,Montana,Wibaux,0.161836313565768,388.6452
Senate,Montana,State,Montana,Yellowstone,0.414679325237224,57388.4856
Senate,Nebraska,State,Nebraska,Adams,0.311160917233228,10318.0206
Senate,Nebraska,State,Nebraska,Antelope,0.143272509319553,2494.8984
Senate,Nebraska,State,Nebraska,Arthur,0.0897062368941956,204.5118
Senate,Nebraska,State,Nebraska,Banner,0.12149570453185,278.0196
Senate,Nebraska,State,Nebraska,Blaine,0.164858741604515,208.8786
Senate,Nebraska,State,Nebraska,Boone,0.18736077631229,2179.761
Senate,Nebraska,State,Nebraska,Box Butte,0.240444162091604,3544.386
Senate,Nebraska,State,Nebraska,Boyd,0.131471786744091,778.746
Senate,Nebraska,State,Nebraska,Brown,0.131199432296897,1185.5862
Senate,Nebraska,State,Nebraska,Buffalo,0.289896722423804,17066.91
Senate,Nebraska,State,Nebraska,Burt,0.291806323634171,2630.997
Senate,Nebraska,State,Nebraska,Butler,0.214918959219433,3310.0344
Senate,Nebraska,State,Nebraska,Cass,0.327095748159648,11287.4502
Senate,Nebraska,State,Nebraska,Cedar,0.167837920158407,3524.7354
Senate,Nebraska,State,Nebraska,Chase,0.128658895474277,1347.8856
Senate,Nebraska,State,Nebraska,Cherry,0.142495839256368,2209.6008
Senate,Nebraska,State,Nebraska,Cheyenne,0.210107117966906,3259.8162
Senate,Nebraska,State,Nebraska,Clay,0.199906485917517,2368.2612
Senate,Nebraska,State,Nebraska,Colfax,0.281339401563711,2533.4718
Senate,Nebraska,State,Nebraska,Cuming,0.202923550588951,3204.5034
Senate,Nebraska,State,Nebraska,Custer,0.1471119934226,4241.6184
Senate,Nebraska,State,Nebraska,Dakota,0.410377650078798,4398.0954
Senate,Nebraska,State,Nebraska,Dawes,0.291305348729221,2768.5512
Senate,Nebraska,State,Nebraska,Dawson,0.285004096780704,6122.9814
Senate,Nebraska,State,Nebraska,Deuel,0.162439139743187,723.4332
Senate,Nebraska,State,Nebraska,Dixon,0.238881615175501,2069.8632
Senate,Nebraska,State,Nebraska,Dodge,0.348105503254684,11811.4662
Senate,Nebraska,State,Nebraska,Douglas,0.564430625238046,196252.7256
Senate,Nebraska,State,Nebraska,Dundy,0.120350395698781,673.215
Senate,Nebraska,State,Nebraska,Fillmore,0.23645773877601,2166.6606
Senate,Nebraska,State,Nebraska,Franklin,0.169827033695587,1155.0186
Senate,Nebraska,State,Nebraska,Frontier,0.146106108874316,1017.4644
Senate,Nebraska,State,Nebraska,Furnas,0.166070688772885,1747.4478
Senate,Nebraska,State,Nebraska,Gage,0.323902969064422,7834.767
Senate,Nebraska,State,Nebraska,Garden,0.1616815109896,808.5858
Senate,Nebraska,State,Nebraska,Garfield,0.132966288344942,734.3502
Senate,Nebraska,State,Nebraska,Gosper,0.186140866435043,807.858
Senate,Nebraska,State,Nebraska,Grant,0.0587863222904266,266.3748
Senate,Nebraska,State,Nebraska,Greeley,0.190123785316315,889.3716
Senate,Nebraska,State,Nebraska,Hall,0.335876201513172,16391.5116
Senate,Nebraska,State,Nebraska,Hamilton,0.214624220886789,3990.5274
Senate,Nebraska,State,Nebraska,Harlan,0.174657544296347,1299.8508
Senate,Nebraska,State,Nebraska,Hayes,0.0650993426463072,357.3498
Senate,Nebraska,State,Nebraska,Hitchcock,0.135997497501101,1034.2038
Senate,Nebraska,State,Nebraska,Holt,0.160277429972825,3922.1142
Senate,Nebraska,State,Nebraska,Hooker,0.157744462042939,308.5872
Senate,Nebraska,State,Nebraska,Howard,0.205161018414732,2554.578
Senate,Nebraska,State,Nebraska,Jefferson,0.282029152204517,2606.9796
Senate,Nebraska,State,Nebraska,Johnson,0.307335135896975,1543.6638
Senate,Nebraska,State,Nebraska,Kearney,0.2133050912564,2593.8792
Senate,Nebraska,State,Nebraska,Keith,0.200523695486114,3018.1866
Senate,Nebraska,State,Nebraska,Keya Paha,0.105016836485464,395.9232
Senate,Nebraska,State,Nebraska,Kimball,0.186316683349156,1234.3488
Senate,Nebraska,State,Nebraska,Knox,0.215134538585701,3187.0362
Senate,Nebraska,State,Nebraska,Lancaster,0.544466633892666,112974.2106
Senate,Nebraska,State,Nebraska,Lincoln,0.243935811315367,11834.028
Senate,Nebraska,State,Nebraska,Logan,0.0920852181969223,315.8652
Senate,Nebraska,State,Nebraska,Loup,0.170944092802017,310.7706
Senate,Nebraska,State,Nebraska,Madison,0.243748991808092,11284.539
Senate,Nebraska,State,Nebraska,McPherson,0.0587436004059963,203.0562
Senate,Nebraska,State,Nebraska,Merrick,0.191076430755443,3115.7118
Senate,Nebraska,State,Nebraska,Morrill,0.184924668415854,1740.8976
Senate,Nebraska,State,Nebraska,Nance,0.216576010326043,1320.2292
Senate,Nebraska,State,Nebraska,Nemaha,0.278370778950729,2443.9524
Senate,Nebraska,State,Nebraska,Nuckolls,0.187858739270266,1626.633
Senate,Nebraska,State,Nebraska,Otoe,0.310979330127117,5905.3692
Senate,Nebraska,State,Nebraska,Pawnee,0.2353349607958,996.3582
Senate,Nebraska,State,Nebraska,Perkins,0.144938329686575,1026.9258
Senate,Nebraska,State,Nebraska,Phelps,0.168176196857689,3577.8648
Senate,Nebraska,State,Nebraska,Pierce,0.136421359915972,2813.6748
Senate,Nebraska,State,Nebraska,Platte,0.223080034488701,11293.2726
Senate,Nebraska,State,Nebraska,Polk,0.197196141874341,2035.6566
Senate,Nebraska,State,Nebraska,Red Willow,0.174975006698342,3836.9616
Senate,Nebraska,State,Nebraska,Richardson,0.257944834596329,2835.5088
Senate,Nebraska,State,Nebraska,Rock,0.0984464388312564,604.074
Senate,Nebraska,State,Nebraska,Saline,0.36346567194151,4067.6742
Senate,Nebraska,State,Nebraska,Sarpy,0.449859491610414,72337.4976
Senate,Nebraska,State,Nebraska,Saunders,0.280289937264414,9761.2536
Senate,Nebraska,State,Nebraska,Scotts Bluff,0.291547469962101,10836.2142
Senate,Nebraska,State,Nebraska,Seward,0.279507584864102,6590.229
Senate,Nebraska,State,Nebraska,Sheridan,0.167652019253877,1793.2992
Senate,Nebraska,State,Nebraska,Sherman,0.223077169900997,1216.8816
Senate,Nebraska,State,Nebraska,Sioux,0.123402675906565,490.5372
Senate,Nebraska,State,Nebraska,Stanton,0.191668993506031,2203.7784
Senate,Nebraska,State,Nebraska,Thayer,0.205956619746632,2053.8516
Senate,Nebraska,State,Nebraska,Thomas,0.134927399952139,285.2976
Senate,Nebraska,State,Nebraska,Thurston,0.506211968653389,1530.5634
Senate,Nebraska,State,Nebraska,Valley,0.194838343805172,1655.745
Senate,Nebraska,State,Nebraska,Washington,0.298950674974907,9019.6254
Senate,Nebraska,State,Nebraska,Wayne,0.270515805956641,2923.5726
Senate,Nebraska,State,Nebraska,Webster,0.19506329664508,1270.011
Senate,Nebraska,State,Nebraska,Wheeler,0.144558449443964,350.0718
Senate,Nebraska,State,Nebraska,York,0.247827945145439,5008.7196
Senate,New Hampshire,State,New Hampshire,Belknap,0.478883112385226,29282.3052
Senate,New Hampshire,State,New Hampshire,Carroll,0.536187309443027,24925.6944
Senate,New Hampshire,State,New Hampshire,Cheshire,0.594427062944119,32505.0036
Senate,New Hampshire,State,New Hampshire,Coos,0.475435845753331,12446.1078
Senate,New Hampshire,State,New Hampshire,Grafton,0.643290909005492,39957.6756
Senate,New Hampshire,State,New Hampshire,Hillsborough,0.559346493063354,168000.2574
Senate,New Hampshire,State,New Hampshire,Merrimack,0.570921959093018,66626.451
Senate,New Hampshire,State,New Hampshire,Rockingham,0.532709602585539,145669.17
Senate,New Hampshire,State,New Hampshire,Strafford,0.604771180764897,54974.373
Senate,New Hampshire,State,New Hampshire,Sullivan,0.541606356431583,18050.1678
Senate,New Jersey,State,New Jersey,Atlantic,0.546520951511433,92937.1488
Senate,New Jersey,State,New Jersey,Bergen,0.587241728089236,327332.4168
Senate,New Jersey,State,New Jersey,Burlington,0.626391758853892,164767.3698
Senate,New Jersey,State,New Jersey,Camden,0.687436848953126,177065.7342
Senate,New Jersey,State,New Jersey,Cape May,0.44987457296553,39154.9122
Senate,New Jersey,State,New Jersey,Cumberland,0.548257189774139,40212.4056
Senate,New Jersey,State,New Jersey,Essex,0.783255123572067,224529.2112
Senate,New Jersey,State,New Jersey,Gloucester,0.537118230247969,117928.3452
Senate,New Jersey,State,New Jersey,Hudson,0.726599001963015,163520.6484
Senate,New Jersey,State,New Jersey,Hunterdon,0.500691269537537,57777.1308
Senate,New Jersey,State,New Jersey,Mercer,0.714673688070998,116325.7296
Senate,New Jersey,State,New Jersey,Middlesex,0.614082535357379,257831.1558
Senate,New Jersey,State,New Jersey,Monmouth,0.495606299213033,257489.0898
Senate,New Jersey,State,New Jersey,Morris,0.535000911228049,203136.9858
Senate,New Jersey,State,New Jersey,Ocean,0.370912389992262,242372.6838
Senate,New Jersey,State,New Jersey,Passaic,0.581872782961096,142728.858
Senate,New Jersey,State,New Jersey,Salem,0.460618034305182,22200.8112
Senate,New Jersey,State,New Jersey,Somerset,0.61418869800214,125830.0698
Senate,New Jersey,State,New Jersey,Sussex,0.424628092127393,60510.7476
Senate,New Jersey,State,New Jersey,Union,0.685537089487248,172044.642
Senate,New Jersey,State,New Jersey,Warren,0.442207025972456,43005.702
Senate,New Mexico,State,New Mexico,Bernalillo,0.637096781695653,220435.3362
Senate,New Mexico,State,New Mexico,Catron,0.277152688489594,1690.6794
Senate,New Mexico,State,New Mexico,Chaves,0.311636197946774,15891.513
Senate,New Mexico,State,New Mexico,Cibola,0.553957146829889,6376.2558
Senate,New Mexico,State,New Mexico,Colfax,0.473065806713808,4139.7264
Senate,New Mexico,State,New Mexico,Curry,0.325054226700485,10876.2432
Senate,New Mexico,State,New Mexico,De Baca,0.281648563833409,622.269
Senate,New Mexico,State,New Mexico,Doña Ana,0.611083582642008,60793.8618
Senate,New Mexico,State,New Mexico,Eddy,0.256647379530834,16865.3094
Senate,New Mexico,State,New Mexico,Grant,0.568597153372761,10102.5918
Senate,New Mexico,State,New Mexico,Guadalupe,0.578210533865142,1385.7312
Senate,New Mexico,State,New Mexico,Harding,0.344482320750403,309.315
Senate,New Mexico,State,New Mexico,Hidalgo,0.441346702895847,1342.791
Senate,New Mexico,State,New Mexico,Lea,0.2214438927579,15230.6706
Senate,New Mexico,State,New Mexico,Lincoln,0.335104817952153,7259.805
Senate,New Mexico,State,New Mexico,Los Alamos,0.666410740639732,8568.3894
Senate,New Mexico,State,New Mexico,Luna,0.461916370705494,5730.6972
Senate,New Mexico,State,New Mexico,McKinley,0.684220274632785,18249.585
Senate,New Mexico,State,New Mexico,Mora,0.648099597534473,1782.3822
Senate,New Mexico,State,New Mexico,Otero,0.398131759155013,17248.1322
Senate,New Mexico,State,New Mexico,Quay,0.341928494808788,2638.275
Senate,New Mexico,State,New Mexico,Rio Arriba,0.660522827361745,11383.5198
Senate,New Mexico,State,New Mexico,Roosevelt,0.316423377414141,4735.7946
Senate,New Mexico,State,New Mexico,San Juan,0.451291667741237,37647.6384
Senate,New Mexico,State,New Mexico,San Miguel,0.551360446183232,7912.6416
Senate,New Mexico,State,New Mexico,Sandoval,0.63701697484549,56630.118
Senate,New Mexico,State,New Mexico,Santa Fe,0.781715426757315,59579.1636
Senate,New Mexico,State,New Mexico,Sierra,0.428053315271787,4224.879
Senate,New Mexico,State,New Mexico,Socorro,0.536055894576621,5120.073
Senate,New Mexico,State,New Mexico,Taos,0.787108049612203,11773.6206
Senate,New Mexico,State,New Mexico,Torrance,0.343451676041011,5112.0672
Senate,New Mexico,State,New Mexico,Union,0.263831077649657,1182.675
Senate,New Mexico,State,New Mexico,Valencia,0.462030138485232,23774.3148
Senate,North Carolina,State,North Carolina,Alamance,0.506398249753248,64454.6958
Senate,North Carolina,State,North Carolina,Alexander,0.230548048874301,14893.6992
Senate,North Carolina,State,North Carolina,Alleghany,0.274704021478452,4681.9374
Senate,North Carolina,State,North Carolina,Anson,0.535101939871158,7844.2284
Senate,North Carolina,State,North Carolina,Ashe,0.315667672831134,11688.468
Senate,North Carolina,State,North Carolina,Avery,0.272334884676345,6842.0478
Senate,North Carolina,State,North Carolina,Beaufort,0.38776944494665,19173.891
Senate,North Carolina,State,North Carolina,Bertie,0.62466284149902,6636.8082
Senate,North Carolina,State,North Carolina,Bladen,0.444020524241834,12121.509
Senate,North Carolina,State,North Carolina,Brunswick,0.420521198343185,78758.877
Senate,North Carolina,State,North Carolina,Buncombe,0.669298566507628,114758.0484
Senate,North Carolina,State,North Carolina,Burke,0.333363685199358,33043.5756
Senate,North Carolina,State,North Carolina,Cabarrus,0.508575955585664,86055.072
Senate,North Carolina,State,North Carolina,Caldwell,0.271193101543775,31408.209
Senate,North Carolina,State,North Carolina,Camden,0.280938177203251,4540.0164
Senate,North Carolina,State,North Carolina,Carteret,0.323025374512246,32984.6238
Senate,North Carolina,State,North Carolina,Caswell,0.422163319689611,8688.4764
Senate,North Carolina,State,North Carolina,Catawba,0.350600327000574,62697.0588
Senate,North Carolina,State,North Carolina,Chatham,0.609467663634928,37496.9838
Senate,North Carolina,State,North Carolina,Cherokee,0.243239514252024,12786.7182
Senate,North Carolina,State,North Carolina,Chowan,0.433123616771676,5445.3996
Senate,North Carolina,State,North Carolina,Clay,0.285230881005282,5574.948
Senate,North Carolina,State,North Carolina,Cleveland,0.367093356118896,37304.8446
Senate,North Carolina,State,North Carolina,Columbus,0.373087698326073,19097.472
Senate,North Carolina,State,North Carolina,Craven,0.443197948344493,40384.1664
Senate,North Carolina,State,North Carolina,Cumberland,0.614013545006538,100779.1938
Senate,North Carolina,State,North Carolina,Currituck,0.296334060543395,12983.2242
Senate,North Carolina,State,North Carolina,Dare,0.451897822550577,18097.4748
Senate,North Carolina,State,North Carolina,Davidson,0.300798748638017,67036.9302
Senate,North Carolina,State,North Carolina,Davie,0.303676247393948,19203.7308
Senate,North Carolina,State,North Carolina,Duplin,0.399243702447166,16545.8052
Senate,North Carolina,State,North Carolina,Durham,0.841844072655714,129041.1234
Senate,North Carolina,State,North Carolina,Edgecombe,0.658490202238323,17652.789
Senate,North Carolina,State,North Carolina,Forsyth,0.612856115816191,146605.8486
Senate,North Carolina,State,North Carolina,Franklin,0.478828323692389,30644.019
Senate,North Carolina,State,North Carolina,Gaston,0.419453479857742,85800.342
Senate,North Carolina,State,North Carolina,Gates,0.436952330387994,4225.6068
Senate,North Carolina,State,North Carolina,Graham,0.207340791663634,3436.6716
Senate,North Carolina,State,North Carolina,Granville,0.500106248813339,23106.1944
Senate,North Carolina,State,North Carolina,Greene,0.455941744676961,6114.9756
Senate,North Carolina,State,North Carolina,Guilford,0.655074912176489,203925.921
Senate,North Carolina,State,North Carolina,Halifax,0.634377978499165,17315.8176
Senate,North Carolina,State,North Carolina,Harnett,0.418764016261079,45787.3536
Senate,North Carolina,State,North Carolina,Haywood,0.418608036385456,27151.3068
Senate,North Carolina,State,North Carolina,Henderson,0.473665781524404,50114.8524
Senate,North Carolina,State,North Carolina,Hertford,0.67790884581979,7097.5056
Senate,North Carolina,State,North Carolina,Hoke,0.577247391138658,16334.0154
Senate,North Carolina,State,North Carolina,Hyde,0.434816040436388,1743.8088
Senate,North Carolina,State,North Carolina,Iredell,0.379241759384913,79723.212
Senate,North Carolina,State,North Carolina,Jackson,0.500054868358827,15678.2676
Senate,North Carolina,State,North Carolina,Johnston,0.437547272216177,89515.0332
Senate,North Carolina,State,North Carolina,Jones,0.416136254073294,3941.7648
Senate,North Carolina,State,North Carolina,Lee,0.458761043950619,21640.4052
Senate,North Carolina,State,North Carolina,Lenoir,0.513539759752598,19842.7392
Senate,North Carolina,State,North Carolina,Lincoln,0.308986878509194,40047.195
Senate,North Carolina,State,North Carolina,Macon,0.350397933784665,15761.2368
Senate,North Carolina,State,North Carolina,Madison,0.426819841981889,9727.047
Senate,North Carolina,State,North Carolina,Martin,0.495716565379481,8705.2158
Senate,North Carolina,State,North Carolina,McDowell,0.289995676810214,17053.0818
Senate,North Carolina,State,North Carolina,Mecklenburg,0.708208920829088,410642.2272
Senate,North Carolina,State,North Carolina,Mitchell,0.253054831547385,6374.0724
Senate,North Carolina,State,North Carolina,Montgomery,0.351824767818572,9533.4522
Senate,North Carolina,State,North Carolina,Moore,0.395783903037638,44434.3734
Senate,North Carolina,State,North Carolina,Nash,0.538816134359887,37801.2042
Senate,North Carolina,State,North Carolina,New Hanover,0.550767653366383,99536.1114
Senate,North Carolina,State,North Carolina,Northampton,0.618926882388881,6655.0032
Senate,North Carolina,State,North Carolina,Onslow,0.361325805256971,58692.7032
Senate,North Carolina,State,North Carolina,Orange,0.792008750035517,62772.75
Senate,North Carolina,State,North Carolina,Pamlico,0.382541694320048,5753.259
Senate,North Carolina,State,North Carolina,Pasquotank,0.523150082451979,14618.5908
Senate,North Carolina,State,North Carolina,Pender,0.366778052300072,28021.7556
Senate,North Carolina,State,North Carolina,Perquimans,0.342294673980112,5492.7066
Senate,North Carolina,State,North Carolina,Person,0.426393697120844,15868.9512
Senate,North Carolina,State,North Carolina,Pitt,0.577377521628215,62589.3444
Senate,North Carolina,State,North Carolina,Polk,0.418878316485085,9413.3652
Senate,North Carolina,State,North Carolina,Randolph,0.245469033799154,54809.1624
Senate,North Carolina,State,North Carolina,Richmond,0.441380472394991,14350.7604
Senate,North Carolina,State,North Carolina,Robeson,0.40584860665479,33751.725
Senate,North Carolina,State,North Carolina,Rockingham,0.361996737838489,35751.7194
Senate,North Carolina,State,North Carolina,Rowan,0.361760810670892,54290.241
Senate,North Carolina,State,North Carolina,Rutherford,0.297714430128188,25014.486
Senate,North Carolina,State,North Carolina,Sampson,0.394839864032994,20360.205
Senate,North Carolina,State,North Carolina,Scotland,0.512840664068805,10568.3838
Senate,North Carolina,State,North Carolina,Stanly,0.280940106523395,26491.1922
Senate,North Carolina,State,North Carolina,Stokes,0.232103491960079,19598.1984
Senate,North Carolina,State,North Carolina,Surry,0.267413263093646,27058.1484
Senate,North Carolina,State,North Carolina,Swain,0.426014135962406,5061.1212
Senate,North Carolina,State,North Carolina,Transylvania,0.485898864193637,14893.6992
Senate,North Carolina,State,North Carolina,Tyrrell,0.437829857325958,1264.1886
Senate,North Carolina,State,North Carolina,Union,0.417935014446684,100028.1042
Senate,North Carolina,State,North Carolina,Vance,0.613447915219724,14487.5868
Senate,North Carolina,State,North Carolina,Wake,0.673284564689958,465587.4882
Senate,North Carolina,State,North Carolina,Warren,0.641307140433612,7167.3744
Senate,North Carolina,State,North Carolina,Washington,0.578491433305536,4298.3868
Senate,North Carolina,State,North Carolina,Watauga,0.577530273849917,23638.2162
Senate,North Carolina,State,North Carolina,Wayne,0.464396623352279,39445.3044
Senate,North Carolina,State,North Carolina,Wilkes,0.232112405237179,26205.1668
Senate,North Carolina,State,North Carolina,Wilson,0.549621475309513,28863.8202
Senate,North Carolina,State,North Carolina,Yadkin,0.215900995605296,14685.5484
Senate,North Carolina,State,North Carolina,Yancey,0.369498193287021,8110.6032
Senate,Oklahoma,State,Oklahoma,Adair,0.22507471925964,5203.0422
Senate,Oklahoma,State,Oklahoma,Alfalfa,0.14147648343908,1548.0306
Senate,Oklahoma,State,Oklahoma,Atoka,0.175511880874868,4083.6858
Senate,Oklahoma,State,Oklahoma,Beaver,0.0971879148815614,1525.4688
Senate,Oklahoma,State,Oklahoma,Beckham,0.1822884614356,5507.2626
Senate,Oklahoma,State,Oklahoma,Blaine,0.224873250866419,2711.055
Senate,Oklahoma,State,Oklahoma,Bryan,0.251853404039872,12785.9904
Senate,Oklahoma,State,Oklahoma,Caddo,0.316423613540578,6768.54
Senate,Oklahoma,State,Oklahoma,Canadian,0.354640322339749,52102.4742
Senate,Oklahoma,State,Oklahoma,Carter,0.274247857732283,13989.7716
Senate,Oklahoma,State,Oklahoma,Cherokee,0.397974871676279,12709.5714
Senate,Oklahoma,State,Oklahoma,Choctaw,0.212004476377528,4058.9406
Senate,Oklahoma,State,Oklahoma,Cimarron,0.092010597414198,673.9428
Senate,Oklahoma,State,Oklahoma,Cleveland,0.492625906002025,84902.9646
Senate,Oklahoma,State,Oklahoma,Coal,0.174501676134695,1819.5
Senate,Oklahoma,State,Oklahoma,Comanche,0.44846639685484,24487.5588
Senate,Oklahoma,State,Oklahoma,Cotton,0.200264345421652,1789.6602
Senate,Oklahoma,State,Oklahoma,Craig,0.252406867853582,4331.8656
Senate,Oklahoma,State,Oklahoma,Creek,0.266859221716725,22373.2998
Senate,Oklahoma,State,Oklahoma,Custer,0.281178094105295,7257.6216
Senate,Oklahoma,State,Oklahoma,Delaware,0.241555379818805,13014.5196
Senate,Oklahoma,State,Oklahoma,Dewey,0.122111252828288,1596.0654
Senate,Oklahoma,State,Oklahoma,Ellis,0.14097841477559,1296.9396
Senate,Oklahoma,State,Oklahoma,Garfield,0.278430600776014,15605.4876
Senate,Oklahoma,State,Oklahoma,Garvin,0.207945474323147,7907.547
Senate,Oklahoma,State,Oklahoma,Grady,0.227152241258961,18132.4092
Senate,Oklahoma,State,Oklahoma,Grant,0.178392151382269,1520.3742
Senate,Oklahoma,State,Oklahoma,Greer,0.209896306985527,1320.957
Senate,Oklahoma,State,Oklahoma,Harmon,0.235059145125992,636.0972
Senate,Oklahoma,State,Oklahoma,Harper,0.1313181209143,1041.4818
Senate,Oklahoma,State,Oklahoma,Haskell,0.185746321239263,3547.2972
Senate,Oklahoma,State,Oklahoma,Hughes,0.226648844365724,3329.685
Senate,Oklahoma,State,Oklahoma,Jackson,0.251513948477383,5747.4366
Senate,Oklahoma,State,Oklahoma,Jefferson,0.172542667816214,1702.3242
Senate,Oklahoma,State,Oklahoma,Johnston,0.206903054395187,3017.4588
Senate,Oklahoma,State,Oklahoma,Kay,0.304345431805513,12095.3082
Senate,Oklahoma,State,Oklahoma,Kingfisher,0.175013016679898,4852.9704
Senate,Oklahoma,State,Oklahoma,Kiowa,0.252727445555276,2348.6106
Senate,Oklahoma,State,Oklahoma,Latimer,0.211318837974149,2938.1286
Senate,Oklahoma,State,Oklahoma,LeFlore,0.215189981514086,13476.6726
Senate,Oklahoma,State,Oklahoma,Lincoln,0.222753200876473,11067.6546
Senate,Oklahoma,State,Oklahoma,Logan,0.305084322364897,17211.7422
Senate,Oklahoma,State,Oklahoma,Love,0.205840725547476,3056.0322
Senate,Oklahoma,State,Oklahoma,McClain,0.238386802896554,15310.0008
Senate,Oklahoma,State,Oklahoma,McCurtain,0.19100542715921,8137.5318
Senate,Oklahoma,State,Oklahoma,McIntosh,0.28594191993663,6058.2072
Senate,Oklahoma,State,Oklahoma,Major,0.122706513015484,2484.7092
Senate,Oklahoma,State,Oklahoma,Marshall,0.22397934884373,4743.0726
Senate,Oklahoma,State,Oklahoma,Mayes,0.256400303131385,12403.8954
Senate,Oklahoma,State,Oklahoma,Murray,0.233203568733822,4198.6782
Senate,Oklahoma,State,Oklahoma,Muskogee,0.371226804830774,17430.81
Senate,Oklahoma,State,Oklahoma,Noble,0.256938200724571,3538.5636
Senate,Oklahoma,State,Oklahoma,Nowata,0.201219343004961,3270.7332
Senate,Oklahoma,State,Oklahoma,Okfuskee,0.267997753951706,2863.1652
Senate,Oklahoma,State,Oklahoma,Oklahoma,0.560601207992645,205521.2586
Senate,Oklahoma,State,Oklahoma,Okmulgee,0.342188605446257,10246.6962
Senate,Oklahoma,State,Oklahoma,Osage,0.349732823810355,14753.2338
Senate,Oklahoma,State,Oklahoma,Ottawa,0.280847984204585,8006.5278
Senate,Oklahoma,State,Oklahoma,Pawnee,0.248696896715745,4919.928
Senate,Oklahoma,State,Oklahoma,Payne,0.437027062520492,20758.3116
Senate,Oklahoma,State,Oklahoma,Pittsburg,0.24886632470192,12601.1292
Senate,Oklahoma,State,Oklahoma,Pontotoc,0.319243969515387,10816.5636
Senate,Oklahoma,State,Oklahoma,Pottawatomie,0.314468190886721,20510.1318
Senate,Oklahoma,State,Oklahoma,Pushmataha,0.168109603769884,3377.7198
Senate,Oklahoma,State,Oklahoma,Roger Mills,0.120088058724078,1243.0824
Senate,Oklahoma,State,Oklahoma,Rogers,0.271529114711969,33542.8464
Senate,Oklahoma,State,Oklahoma,Seminole,0.302110378727112,5751.0756
Senate,Oklahoma,State,Oklahoma,Sequoyah,0.235063332702131,11206.6644
Senate,Oklahoma,State,Oklahoma,Stephens,0.220650756617054,13339.1184
Senate,Oklahoma,State,Oklahoma,Texas,0.195131180864104,3720.5136
Senate,Oklahoma,State,Oklahoma,Tillman,0.247620937470596,1823.8668
Senate,Oklahoma,State,Oklahoma,Tulsa,0.490996832649405,182929.6188
Senate,Oklahoma,State,Oklahoma,Wagoner,0.301900504511356,27523.2126
Senate,Oklahoma,State,Oklahoma,Washington,0.31240051474006,16469.3862
Senate,Oklahoma,State,Oklahoma,Washita,0.1529254517262,3334.0518
Senate,Oklahoma,State,Oklahoma,Woods,0.215293034884359,2597.5182
Senate,Oklahoma,State,Oklahoma,Woodward,0.170068069882251,5238.7044
Senate,Oregon,State,Oregon,Baker,0.290735292029703,6843.5034
Senate,Oregon,State,Oregon,Benton,0.733929892994386,35004.2688
Senate,Oregon,State,Oregon,Clackamas,0.590263071329152,172464.5826
Senate,Oregon,State,Oregon,Clatsop,0.6018244006828,16336.1988
Senate,Oregon,State,Oregon,Columbia,0.484715763240591,21922.7916
Senate,Oregon,State,Oregon,Coos,0.445790500381277,25167.324
Senate,Oregon,State,Oregon,Crook,0.287568822482224,11534.1744
Senate,Oregon,State,Oregon,Curry,0.461951181358563,9997.7886
Senate,Oregon,State,Oregon,Deschutes,0.588723149954339,89488.8324
Senate,Oregon,State,Oregon,Douglas,0.354445970366268,43629.4266
Senate,Oregon,State,Oregon,Gilliam,0.323519642648419,797.6688
Senate,Oregon,State,Oregon,Grant,0.243330423160558,3133.9068
Senate,Oregon,State,Oregon,Harney,0.242825231565453,2986.8912
Senate,Oregon,State,Oregon,Hood River,0.719040284899241,8892.2604
Senate,Oregon,State,Oregon,Jackson,0.514737482691468,84285.0624
Senate,Oregon,State,Oregon,Jefferson,0.405304571582375,8293.281
Senate,Oregon,State,Oregon,Josephine,0.401949094661841,34975.8846
Senate,Oregon,State,Oregon,Klamath,0.333432636976241,25131.6618
Senate,Oregon,State,Oregon,Lake,0.211549814296738,2985.4356
Senate,Oregon,State,Oregon,Lane,0.661178902974604,147853.2978
Senate,Oregon,State,Oregon,Lincoln,0.632516341547941,20929.3446
Senate,Oregon,State,Oregon,Linn,0.420270296451082,50092.2906
Senate,Oregon,State,Oregon,Malheur,0.314455108615031,7710.3132
Senate,Oregon,State,Oregon,Marion,0.536771573138905,109940.7402
Senate,Oregon,State,Oregon,Morrow,0.310319959620091,3308.5788
Senate,Oregon,State,Oregon,Multnomah,0.841382292864937,288708.0708
Senate,Oregon,State,Oregon,Polk,0.526090088823854,33334.6956
Senate,Oregon,State,Oregon,Sherman,0.258492635506388,817.3194
Senate,Oregon,State,Oregon,Tillamook,0.54040054572647,11439.5604
Senate,Oregon,State,Oregon,Umatilla,0.363243832517865,21997.0272
Senate,Oregon,State,Oregon,Union,0.336235932999874,10224.8622
Senate,Oregon,State,Oregon,Wallowa,0.362271295808056,3594.6042
Senate,Oregon,State,Oregon,Wasco,0.522440693923112,9392.9868
Senate,Oregon,State,Oregon,Washington,0.706562675070752,207861.8634
Senate,Oregon,State,Oregon,Wheeler,0.298575290889284,602.6184
Senate,Oregon,State,Oregon,Yamhill,0.513961770858384,40427.1066
Senate,Rhode Island,State,Rhode Island,Bristol,0.695982842222046,20018.8668
Senate,Rhode Island,State,Rhode Island,Kent,0.589438555789016,66080.601
Senate,Rhode Island,State,Rhode Island,Newport,0.691100373364209,31556.6802
Senate,Rhode Island,State,Rhode Island,Providence,0.655712297216509,191080.251
Senate,Rhode Island,State,Rhode Island,Washington,0.641061880135027,53737.8408
Senate,South Carolina,State,South Carolina,Abbeville,0.333222790938179,8666.6424
Senate,South Carolina,State,South Carolina,Aiken,0.422175981320647,61782.942
Senate,South Carolina,State,South Carolina,Allendale,0.769136712052203,2167.3884
Senate,South Carolina,State,South Carolina,Anderson,0.305716377624548,70675.9302
Senate,South Carolina,State,South Carolina,Bamberg,0.630810500952633,4090.9638
Senate,South Carolina,State,South Carolina,Barnwell,0.476748408017339,7050.1986
Senate,South Carolina,State,South Carolina,Beaufort,0.482160965382526,75054.375
Senate,South Carolina,State,South Carolina,Berkeley,0.472700206282095,80926.2654
Senate,South Carolina,State,South Carolina,Calhoun,0.482853474124959,5686.3014
Senate,South Carolina,State,South Carolina,Charleston,0.584087310783083,153341.6376
Senate,South Carolina,State,South Carolina,Cherokee,0.284382870949504,17930.0808
Senate,South Carolina,State,South Carolina,Chester,0.468136556228296,11195.7474
Senate,South Carolina,State,South Carolina,Chesterfield,0.411158968774179,13247.4156
Senate,South Carolina,State,South Carolina,Clarendon,0.4936476199781,11738.6862
Senate,South Carolina,State,South Carolina,Colleton,0.463156934683193,13152.8016
Senate,South Carolina,State,South Carolina,Darlington,0.488243219676368,21829.6332
Senate,South Carolina,State,South Carolina,Dillon,0.501179151616331,8564.0226
Senate,South Carolina,State,South Carolina,Dorchester,0.481103063011461,55551.5184
Senate,South Carolina,State,South Carolina,Edgefield,0.390646481077378,10007.9778
Senate,South Carolina,State,South Carolina,Fairfield,0.621034812557864,8056.0182
Senate,South Carolina,State,South Carolina,Florence,0.515214098075208,43901.6238
Senate,South Carolina,State,South Carolina,Georgetown,0.456103482692023,27140.3898
Senate,South Carolina,State,South Carolina,Greenville,0.441246476485105,188219.997
Senate,South Carolina,State,South Carolina,Greenwood,0.405888564436443,22184.0718
Senate,South Carolina,State,South Carolina,Hampton,0.587548420610866,5916.2862
Senate,South Carolina,State,South Carolina,Horry,0.354919273607249,148503.2232
Senate,South Carolina,State,South Carolina,Jasper,0.507185804269515,13132.4232
Senate,South Carolina,State,South Carolina,Kershaw,0.410017867038264,24101.097
Senate,South Carolina,State,South Carolina,Lancaster,0.428443098749352,39133.0782
Senate,South Carolina,State,South Carolina,Laurens,0.341970431054577,21745.9362
Senate,South Carolina,State,South Carolina,Lee,0.6467779977453,5518.9074
Senate,South Carolina,State,South Carolina,Lexington,0.381541091432214,105370.884
Senate,South Carolina,State,South Carolina,Marion,0.607804642197183,9622.9716
Senate,South Carolina,State,South Carolina,Marlboro,0.567595911204827,7302.0174
Senate,South Carolina,State,South Carolina,McCormick,0.468619225301959,4423.5684
Senate,South Carolina,State,South Carolina,Newberry,0.377170857124654,13033.4424
Senate,South Carolina,State,South Carolina,Oconee,0.282255157440369,30392.2002
Senate,South Carolina,State,South Carolina,Orangeburg,0.675051599622894,26624.3796
Senate,South Carolina,State,South Carolina,Pickens,0.275384840555326,43390.7082
Senate,South Carolina,State,South Carolina,Richland,0.723107223905913,130370.0862
Senate,South Carolina,State,South Carolina,Saluda,0.322420057478659,6481.7868
Senate,South Carolina,State,South Carolina,Spartanburg,0.381091486484804,111893.4276
Senate,South Carolina,State,South Carolina,Sumter,0.580078059805161,32488.992
Senate,South Carolina,State,South Carolina,Union,0.386740191167647,8868.9708
Senate,South Carolina,State,South Carolina,Williamsburg,0.661638426445,10304.1924
Senate,South Carolina,State,South Carolina,York,0.458000457450592,107597.2242
Senate,South Dakota,State,South Dakota,Aurora,0.266905954946004,988.3524
Senate,South Dakota,State,South Dakota,Beadle,0.30629614502932,4980.3354
Senate,South Dakota,State,South Dakota,Bennett,0.389592534966996,775.107
Senate,South Dakota,State,South Dakota,Bon Homme,0.272311915608189,2134.6374
Senate,South Dakota,State,South Dakota,Brookings,0.424851582275924,10591.6734
Senate,South Dakota,State,South Dakota,Brown,0.381943454256711,12168.816
Senate,South Dakota,State,South Dakota,Brule,0.309512659757936,1717.608
Senate,South Dakota,State,South Dakota,Buffalo,0.638619561955247,331.149
Senate,South Dakota,State,South Dakota,Butte,0.20867634491096,3614.2548
Senate,South Dakota,State,South Dakota,Campbell,0.154145734442103,601.1628
Senate,South Dakota,State,South Dakota,Charles Mix,0.32160333690197,2584.4178
Senate,South Dakota,State,South Dakota,Clark,0.252342087247778,1307.8566
Senate,South Dakota,State,South Dakota,Clay,0.53851137295658,4016.0004
Senate,South Dakota,State,South Dakota,Codington,0.302644816009715,9598.9542
Senate,South Dakota,State,South Dakota,Corson,0.470243752129233,819.5028
Senate,South Dakota,State,South Dakota,Custer,0.286020961654183,4279.464
Senate,South Dakota,State,South Dakota,Davison,0.32262478643275,6514.5378
Senate,South Dakota,State,South Dakota,Day,0.373174346764606,2093.1528
Senate,South Dakota,State,South Dakota,Deuel,0.26598680184526,1633.911
Senate,South Dakota,State,South Dakota,Dewey,0.578014586505306,1328.235
Senate,South Dakota,State,South Dakota,Douglas,0.145937660612943,1192.1364
Senate,South Dakota,State,South Dakota,Edmunds,0.220949625499844,1457.0556
Senate,South Dakota,State,South Dakota,Fall River,0.264002943189188,3031.287
Senate,South Dakota,State,South Dakota,Faulk,0.184346328080454,802.7634
Senate,South Dakota,State,South Dakota,Grant,0.287294944265645,2576.412
Senate,South Dakota,State,South Dakota,Gregory,0.217095973161117,1612.8048
Senate,South Dakota,State,South Dakota,Haakon,0.10158368492669,807.1302
Senate,South Dakota,State,South Dakota,Hamlin,0.21606242584776,2307.126
Senate,South Dakota,State,South Dakota,Hand,0.221381226524631,1267.0998
Senate,South Dakota,State,South Dakota,Hanson,0.23109136173955,1462.878
Senate,South Dakota,State,South Dakota,Harding,0.0797628895101776,583.6956
Senate,South Dakota,State,South Dakota,Hughes,0.34044367322825,5980.3326
Senate,South Dakota,State,South Dakota,Hutchinson,0.219977224171896,2673.2094
Senate,South Dakota,State,South Dakota,Hyde,0.225408847687902,493.4484
Senate,South Dakota,State,South Dakota,Jackson,0.340237936165946,807.858
Senate,South Dakota,State,South Dakota,Jerauld,0.296934009650595,716.1552
Senate,South Dakota,State,South Dakota,Jones,0.145954068012562,390.8286
Senate,South Dakota,State,South Dakota,Kingsbury,0.300580337887937,2000.7222
Senate,South Dakota,State,South Dakota,Lake,0.365370542523228,4219.0566
Senate,South Dakota,State,South Dakota,Lawrence,0.348556555814759,10900.9884
Senate,South Dakota,State,South Dakota,Lincoln,0.374502992218387,25911.1356
Senate,South Dakota,State,South Dakota,Lyman,0.332248109959401,1029.837
Senate,South Dakota,State,South Dakota,Marshall,0.403558676226861,1506.546
Senate,South Dakota,State,South Dakota,McCook,0.281938424590496,2154.288
Senate,South Dakota,State,South Dakota,McPherson,0.172727415653496,927.945
Senate,South Dakota,State,South Dakota,Meade,0.253068061373256,10413.3624
Senate,South Dakota,State,South Dakota,Mellette,0.415587942285468,523.2882
Senate,South Dakota,State,South Dakota,Miner,0.292108185664439,825.3252
Senate,South Dakota,State,South Dakota,Minnehaha,0.451276422344311,66786.567
Senate,South Dakota,State,South Dakota,Moody,0.391964420796466,2270.736
Senate,South Dakota,State,South Dakota,Oglala Lakota,0.864146456305758,2163.7494
Senate,South Dakota,State,South Dakota,Pennington,0.372292310827667,40072.668
Senate,South Dakota,State,South Dakota,Perkins,0.159124235330784,1142.646
Senate,South Dakota,State,South Dakota,Potter,0.177559756485807,926.4894
Senate,South Dakota,State,South Dakota,Roberts,0.415886354018215,2965.0572
Senate,South Dakota,State,South Dakota,Sanborn,0.242309916960284,864.6264
Senate,South Dakota,State,South Dakota,Spink,0.323786311213082,2231.4348
Senate,South Dakota,State,South Dakota,Stanley,0.263728377790952,1242.3546
Senate,South Dakota,State,South Dakota,Sully,0.199545792621785,643.3752
Senate,South Dakota,State,South Dakota,Todd,0.75780217215037,1504.3626
Senate,South Dakota,State,South Dakota,Tripp,0.195727047288456,1906.836
Senate,South Dakota,State,South Dakota,Turner,0.257444595024936,3215.4204
Senate,South Dakota,State,South Dakota,Union,0.302469081326537,6337.6824
Senate,South Dakota,State,South Dakota,Walworth,0.215469681355787,1762.0038
Senate,South Dakota,State,South Dakota,Yankton,0.382738905975944,7665.9174
Senate,South Dakota,State,South Dakota,Ziebach,0.51502450010673,548.7612
Senate,Tennessee,State,Tennessee,Anderson,0.335425970533471,26278.6746
Senate,Tennessee,State,Tennessee,Bedford,0.222656703985904,14478.8532
Senate,Tennessee,State,Tennessee,Benton,0.200019271863929,5242.3434
Senate,Tennessee,State,Tennessee,Bledsoe,0.164176068766674,4472.331
Senate,Tennessee,State,Tennessee,Blount,0.26956429069446,49754.5914
Senate,Tennessee,State,Tennessee,Bradley,0.214454188619438,35435.1264
Senate,Tennessee,State,Tennessee,Campbell,0.162517615094476,11222.676
Senate,Tennessee,State,Tennessee,Cannon,0.184218880577139,4959.2292
Senate,Tennessee,State,Tennessee,Carroll,0.207434755190624,8573.484
Senate,Tennessee,State,Tennessee,Carter,0.192181398623056,17919.1638
Senate,Tennessee,State,Tennessee,Cheatham,0.2785070359254,14884.2378
Senate,Tennessee,State,Tennessee,Chester,0.185785867711856,5452.6776
Senate,Tennessee,State,Tennessee,Claiborne,0.16294828363119,9777.2652
Senate,Tennessee,State,Tennessee,Clay,0.188660621420176,2715.4218
Senate,Tennessee,State,Tennessee,Cocke,0.169412662191244,11295.456
Senate,Tennessee,State,Tennessee,Coffee,0.236986951827384,17914.0692
Senate,Tennessee,State,Tennessee,Crockett,0.218821089171714,4272.186
Senate,Tennessee,State,Tennessee,Cumberland,0.21158664042017,25032.681
Senate,Tennessee,State,Tennessee,Davidson,0.653952304506387,206781.0804
Senate,Tennessee,State,Tennessee,Decatur,0.167722198638429,3941.037
Senate,Tennessee,State,Tennessee,DeKalb,0.20099157435771,6772.179
Senate,Tennessee,State,Tennessee,Dickson,0.253570322850437,18133.137
Senate,Tennessee,State,Tennessee,Dyer,0.203370794129946,10414.818
Senate,Tennessee,State,Tennessee,Fayette,0.295850009592349,17085.8328
Senate,Tennessee,State,Tennessee,Fentress,0.131305680281337,7062.5712
Senate,Tennessee,State,Tennessee,Franklin,0.250772844458203,14224.851
Senate,Tennessee,State,Tennessee,Gibson,0.25121687408349,15608.3988
Senate,Tennessee,State,Tennessee,Giles,0.239806427357231,9729.2304
Senate,Tennessee,State,Tennessee,Grainger,0.140356457725792,8050.9236
Senate,Tennessee,State,Tennessee,Greene,0.183229783233473,22366.0218
Senate,Tennessee,State,Tennessee,Grundy,0.168302449159092,4572.0396
Senate,Tennessee,State,Tennessee,Hamblen,0.21768127041981,18403.1508
Senate,Tennessee,State,Tennessee,Hamilton,0.448148569582223,124913.7696
Senate,Tennessee,State,Tennessee,Hancock,0.126127344054355,2104.7976
Senate,Tennessee,State,Tennessee,Hardeman,0.400974283558416,6783.096
Senate,Tennessee,State,Tennessee,Hardin,0.153614377933738,8731.4166
Senate,Tennessee,State,Tennessee,Hawkins,0.165821669047999,18961.3734
Senate,Tennessee,State,Tennessee,Haywood,0.53136518650871,4801.2966
Senate,Tennessee,State,Tennessee,Henderson,0.168093242186169,8722.683
Senate,Tennessee,State,Tennessee,Henry,0.232438933436608,10855.137
Senate,Tennessee,State,Tennessee,Hickman,0.211112912038961,7447.5774
Senate,Tennessee,State,Tennessee,Houston,0.232048305056553,2737.9836
Senate,Tennessee,State,Tennessee,Humphreys,0.23785196087969,5943.9426
Senate,Tennessee,State,Tennessee,Jackson,0.204763203844491,4094.6028
Senate,Tennessee,State,Tennessee,Jefferson,0.189834226705973,18610.5738
Senate,Tennessee,State,Tennessee,Johnson,0.162298230054125,5852.2398
Senate,Tennessee,State,Tennessee,Knox,0.416749220156965,158901.3018
Senate,Tennessee,State,Tennessee,Lake,0.25472697100563,1398.8316
Senate,Tennessee,State,Tennessee,Lauderdale,0.33415108835027,5970.8712
Senate,Tennessee,State,Tennessee,Lawrence,0.166017637491565,14096.0304
Senate,Tennessee,State,Tennessee,Lewis,0.188737169374566,4252.5354
Senate,Tennessee,State,Tennessee,Lincoln,0.187406271092489,11637.522
Senate,Tennessee,State,Tennessee,Loudon,0.238507045777549,23908.9578
Senate,Tennessee,State,Tennessee,Macon,0.134303836143253,7449.033
Senate,Tennessee,State,Tennessee,Madison,0.426711495513432,28748.1
Senate,Tennessee,State,Tennessee,Marion,0.23954038165108,10053.8292
Senate,Tennessee,State,Tennessee,Marshall,0.232970238917218,11510.8848
Senate,Tennessee,State,Tennessee,Maury,0.300631353191835,37496.9838
Senate,Tennessee,State,Tennessee,McMinn,0.18868760322192,17379.864
Senate,Tennessee,State,Tennessee,McNairy,0.169537680296426,8125.1592
Senate,Tennessee,State,Tennessee,Meigs,0.17591826081567,4405.3734
Senate,Tennessee,State,Tennessee,Monroe,0.178030361964192,16109.1252
Senate,Tennessee,State,Tennessee,Montgomery,0.425295924118719,58610.4618
Senate,Tennessee,State,Tennessee,Moore,0.16244108074848,2621.5356
Senate,Tennessee,State,Tennessee,Morgan,0.138973039046681,6172.4718
Senate,Tennessee,State,Tennessee,Obion,0.186845071557319,9328.2126
Senate,Tennessee,State,Tennessee,Overton,0.192082975431292,7986.1494
Senate,Tennessee,State,Tennessee,Perry,0.166629494186998,2690.6766
Senate,Tennessee,State,Tennessee,Pickett,0.17971881169816,2130.9984
Senate,Tennessee,State,Tennessee,Polk,0.174371621318713,6301.2924
Senate,Tennessee,State,Tennessee,Putnam,0.276104894401655,25141.851
Senate,Tennessee,State,Tennessee,Rhea,0.173311762437472,10397.3508
Senate,Tennessee,State,Tennessee,Roane,0.236411184755121,19711.7352
Senate,Tennessee,State,Tennessee,Robertson,0.255073763812132,25245.9264
Senate,Tennessee,State,Tennessee,Rutherford,0.411383290484983,105870.8826
Senate,Tennessee,State,Tennessee,Scott,0.107386222425497,6950.49
Senate,Tennessee,State,Tennessee,Sequatchie,0.17796193780637,5687.0292
Senate,Tennessee,State,Tennessee,Sevier,0.20267048360186,31680.4062
Senate,Tennessee,State,Tennessee,Shelby,0.645380169139149,233387.9928
Senate,Tennessee,State,Tennessee,Smith,0.188201841310824,6732.15
Senate,Tennessee,State,Tennessee,Stewart,0.191923565825588,4766.3622
Senate,Tennessee,State,Tennessee,Sullivan,0.234286933907508,54423.4284
Senate,Tennessee,State,Tennessee,Sumner,0.297458041354244,70335.3198
Senate,Tennessee,State,Tennessee,Tipton,0.244247471782215,19272.8718
Senate,Tennessee,State,Tennessee,Trousdale,0.226032178434189,3067.677
Senate,Tennessee,State,Tennessee,Unicoi,0.198371470992612,6152.8212
Senate,Tennessee,State,Tennessee,Union,0.152377105474772,6259.08
Senate,Tennessee,State,Tennessee,Van Buren,0.179073961928602,2359.5276
Senate,Tennessee,State,Tennessee,Warren,0.237916082754699,12255.4242
Senate,Tennessee,State,Tennessee,Washington,0.315839004570712,43980.954
Senate,Tennessee,State,Tennessee,Wayne,0.119531094003399,4933.0284
Senate,Tennessee,State,Tennessee,Weakley,0.219277070586542,9654.9948
Senate,Tennessee,State,Tennessee,White,0.178541360291465,9331.8516
Senate,Tennessee,State,Tennessee,Williamson,0.346031816804255,103534.6446
Senate,Tennessee,State,Tennessee,Wilson,0.306621987602902,58427.784
Senate,Texas,State,Texas,Anderson,0.223904695851347,13997.0496
Senate,Texas,State,Texas,Andrews,0.160855484028775,4374.8058
Senate,Texas,State,Texas,Angelina,0.279078384557168,24887.121
Senate,Texas,State,Texas,Aransas,0.257787462905813,9403.9038
Senate,Texas,State,Texas,Archer,0.122945552419141,3720.5136
Senate,Texas,State,Texas,Armstrong,0.0847786141966074,804.9468
Senate,Texas,State,Texas,Atascosa,0.326772413783947,13315.101
Senate,Texas,State,Texas,Austin,0.218650048789037,11115.6894
Senate,Texas,State,Texas,Bailey,0.227567086824915,1256.9106
Senate,Texas,State,Texas,Bandera,0.222715678020707,9804.1938
Senate,Texas,State,Texas,Bastrop,0.45929512227442,28595.262
Senate,Texas,State,Texas,Baylor,0.134080995234615,1204.509
Senate,Texas,State,Texas,Bee,0.345504441454907,6344.2326
Senate,Texas,State,Texas,Bell,0.470600473807051,93983.7252
Senate,Texas,State,Texas,Bexar,0.601388778157316,545074.1652
Senate,Texas,State,Texas,Blanco,0.274751952102113,6128.076
Senate,Texas,State,Texas,Borden,0.0508107796892701,280.9308
Senate,Texas,State,Texas,Bosque,0.191420579655136,6909.0054
Senate,Texas,State,Texas,Bowie,0.297578933896836,26494.8312
Senate,Texas,State,Texas,Brazoria,0.452384936356297,116333.7354
Senate,Texas,State,Texas,Brazos,0.425047564152081,65876.817
Senate,Texas,State,Texas,Brewster,0.489204127121089,3285.2892
Senate,Texas,State,Texas,Briscoe,0.118031072956457,537.1164
Senate,Texas,State,Texas,Brooks,0.600544530496515,1735.803
Senate,Texas,State,Texas,Brown,0.153155050506547,12172.455
Senate,Texas,State,Texas,Burleson,0.217575445681053,6764.901
Senate,Texas,State,Texas,Burnet,0.257752157026794,20312.1702
Senate,Texas,State,Texas,Caldwell,0.479862473505515,11279.4444
Senate,Texas,State,Texas,Calhoun,0.278619401528623,5671.0176
Senate,Texas,State,Texas,Callahan,0.132271121573007,5051.6598
Senate,Texas,State,Texas,Cameron,0.524091026684967,83878.2222
Senate,Texas,State,Texas,Camp,0.270424206834698,3793.2936
Senate,Texas,State,Texas,Carson,0.111315176352361,2296.9368
Senate,Texas,State,Texas,Cass,0.203006243801447,10261.2522
Senate,Texas,State,Texas,Castro,0.245065442301058,1464.3336
Senate,Texas,State,Texas,Chambers,0.201475919494686,18019.6002
Senate,Texas,State,Texas,Cherokee,0.2183322633353,14801.2686
Senate,Texas,State,Texas,Childress,0.140538612579581,1640.4612
Senate,Texas,State,Texas,Clay,0.120269584649221,4273.6416
Senate,Texas,State,Texas,Cochran,0.199528542568328,642.6474
Senate,Texas,State,Texas,Coke,0.120126677299814,1311.4956
Senate,Texas,State,Texas,Coleman,0.124903989096915,3013.092
Senate,Texas,State,Texas,Collin,0.495871589062037,365100.1422
Senate,Texas,State,Texas,Collingsworth,0.135523486444287,874.0878
Senate,Texas,State,Texas,Colorado,0.250107008913179,7228.5096
Senate,Texas,State,Texas,Comal,0.314297321324156,74552.9208
Senate,Texas,State,Texas,Comanche,0.153828671936726,4740.1614
Senate,Texas,State,Texas,Concho,0.154308799413755,866.8098
Senate,Texas,State,Texas,Cooke,0.194445516315304,14763.423
Senate,Texas,State,Texas,Coryell,0.340461237644003,17210.2866
Senate,Texas,State,Texas,Cottle,0.163177322551094,475.9812
Senate,Texas,State,Texas,Crane,0.161550015232554,1005.0918
Senate,Texas,State,Texas,Crockett,0.26891981078517,1026.198
Senate,Texas,State,Texas,Crosby,0.282780837393185,1358.8026
Senate,Texas,State,Texas,Culberson,0.466833376681482,560.406
Senate,Texas,State,Texas,Dallam,0.127725712549664,1045.8486
Senate,Texas,State,Texas,Dallas,0.662330722095206,606757.3986
Senate,Texas,State,Texas,Dawson,0.227104239809341,2530.5606
Senate,Texas,State,Texas,Deaf Smith,0.280663241215337,3094.6056
Senate,Texas,State,Texas,Delta,0.1792650815002,1926.4866
Senate,Texas,State,Texas,Denton,0.486197350502438,321705.0672
Senate,Texas,State,Texas,DeWitt,0.194399026751041,5665.923
Senate,Texas,State,Texas,Dickens,0.176370887875817,720.522
Senate,Texas,State,Texas,Dimmit,0.569294550191717,2487.6204
Senate,Texas,State,Texas,Donley,0.124693147808116,1227.0708
Senate,Texas,State,Texas,Duval,0.504118052791629,3232.8876
Senate,Texas,State,Texas,Eastland,0.133169840332719,6051.657
Senate,Texas,State,Texas,Ector,0.273880103287338,30793.218
Senate,Texas,State,Texas,Edwards,0.159282096630849,729.2556
Senate,Texas,State,Texas,Ellis,0.392842179183164,71770.5414
Senate,Texas,State,Texas,El Paso,0.627664155678798,180698.184
Senate,Texas,State,Texas,Erath,0.188012685939721,13260.516
Senate,Texas,State,Texas,Falls,0.319330310399636,4536.3774
Senate,Texas,State,Texas,Fannin,0.191239198381057,11830.389
Senate,Texas,State,Texas,Fayette,0.225401280840373,9617.1492
Senate,Texas,State,Texas,Fisher,0.215513020729121,1322.4126
Senate,Texas,State,Texas,Floyd,0.205344321138771,1508.7294
Senate,Texas,State,Texas,Foard,0.202686094692604,393.012
Senate,Texas,State,Texas,Fort Bend,0.56114815281071,256842.0756
Senate,Texas,State,Texas,Franklin,0.183671374631834,3847.1508
Senate,Texas,State,Texas,Freestone,0.198341859182098,6549.4722
Senate,Texas,State,Texas,Frio,0.427784453004827,3572.0424
Senate,Texas,State,Texas,Gaines,0.102365532951615,4641.9084
Senate,Texas,State,Texas,Galveston,0.411840320627922,114284.2506
Senate,Texas,State,Texas,Garza,0.16100427942935,1155.0186
Senate,Texas,State,Texas,Gillespie,0.228573838054912,11908.2636
Senate,Texas,State,Texas,Glasscock,0.0702049272366652,481.0758
Senate,Texas,State,Texas,Goliad,0.232568186346326,2879.1768
Senate,Texas,State,Texas,Gonzales,0.263543850543592,5611.338
Senate,Texas,State,Texas,Gray,0.135197165566102,5484.7008
Senate,Texas,State,Texas,Grayson,0.265994711655577,47566.0968
Senate,Texas,State,Texas,Gregg,0.332573656558529,33711.696
Senate,Texas,State,Texas,Grimes,0.232104580936077,10138.9818
Senate,Texas,State,Texas,Guadalupe,0.400970561044426,61327.3392
Senate,Texas,State,Texas,Hale,0.244401713285003,6685.5708
Senate,Texas,State,Texas,Hall,0.156782933905687,830.4198
Senate,Texas,State,Texas,Hamilton,0.168828089421199,3227.0652
Senate,Texas,State,Texas,Hansford,0.0893509308151989,1446.8664
Senate,Texas,State,Texas,Hardeman,0.16130920742963,1017.4644
Senate,Texas,State,Texas,Hardin,0.143691786906964,20406.0564
Senate,Texas,State,Texas,Harris,0.580771963377471,1114600.9548
Senate,Texas,State,Texas,Harrison,0.287037422773739,21853.6506
Senate,Texas,State,Texas,Hartley,0.0986793732389391,1459.9668
Senate,Texas,State,Texas,Haskell,0.168062634932632,1623.7218
Senate,Texas,State,Texas,Hays,0.581254610318643,90222.4548
Senate,Texas,State,Texas,Hemphill,0.142788067332244,1165.9356
Senate,Texas,State,Texas,Henderson,0.214425492570402,27873.2844
Senate,Texas,State,Texas,Hidalgo,0.538771678786556,156678.6006
Senate,Texas,State,Texas,Hill,0.209080845663618,12072.7464
Senate,Texas,State,Texas,Hockley,0.198423874044382,5778.0042
Senate,Texas,State,Texas,Hood,0.199374652649535,26378.3832
Senate,Texas,State,Texas,Hopkins,0.207944647264558,12133.1538
Senate,Texas,State,Texas,Houston,0.260756042538031,6777.2736
Senate,Texas,State,Texas,Howard,0.217866877422178,6969.4128
Senate,Texas,State,Texas,Hudspeth,0.309637185770265,752.5452
Senate,Texas,State,Texas,Hunt,0.25915998470474,33732.8022
Senate,Texas,State,Texas,Hutchinson,0.134496456782978,5957.7708
Senate,Texas,State,Texas,Irion,0.145883609880433,630.2748
Senate,Texas,State,Texas,Jack,0.10527632130395,3043.6596
Senate,Texas,State,Texas,Jackson,0.172501526465717,4580.0454
Senate,Texas,State,Texas,Jasper,0.197395117846609,11482.5006
Senate,Texas,State,Texas,Jeff Davis,0.443495275039518,836.2422
Senate,Texas,State,Texas,Jefferson,0.508453998796223,62250.1896
Senate,Texas,State,Texas,Jim Hogg,0.593755727726571,1150.6518
Senate,Texas,State,Texas,Jim Wells,0.474819255357401,9616.4214
Senate,Texas,State,Texas,Johnson,0.281702930235434,58223.2722
Senate,Texas,State,Texas,Jones,0.157897500429794,5018.181
Senate,Texas,State,Texas,Karnes,0.245383460842925,3676.8456
Senate,Texas,State,Texas,Kaufman,0.409906851639074,50064.6342
Senate,Texas,State,Texas,Kendall,0.257634903207458,21122.9394
Senate,Texas,State,Texas,Kenedy,0.306199965125692,113.5368
Senate,Texas,State,Texas,Kent,0.136967451627871,320.232
Senate,Texas,State,Texas,Kerr,0.265603375580849,20327.454
Senate,Texas,State,Texas,Kimble,0.13192294227809,1737.2586
Senate,Texas,State,Texas,King,0.054442052799748,98.253
Senate,Texas,State,Texas,Kinney,0.28720513469472,1025.4702
Senate,Texas,State,Texas,Kleberg,0.48898200799677,7241.61
Senate,Texas,State,Texas,Knox,0.186436939082507,997.086
Senate,Texas,State,Texas,Lamar,0.228547377678477,15373.3194
Senate,Texas,State,Texas,Lamb,0.209846001786218,3003.6306
Senate,Texas,State,Texas,Lampasas,0.235669635144994,8146.2654
Senate,Texas,State,Texas,La Salle,0.449058022873118,1710.33
Senate,Texas,State,Texas,Lavaca,0.142296327295189,7605.51
Senate,Texas,State,Texas,Lee,0.231907367441096,6087.3192
Senate,Texas,State,Texas,Leon,0.138082625622069,6561.117
Senate,Texas,State,Texas,Liberty,0.225949129419757,22702.2654
Senate,Texas,State,Texas,Limestone,0.2514009200295,6551.6556
Senate,Texas,State,Texas,Lipscomb,0.119209293906813,908.2944
Senate,Texas,State,Texas,Live Oak,0.179469047062481,3688.4904
Senate,Texas,State,Texas,Llano,0.228811797323284,9836.217
Senate,Texas,State,Texas,Loving,0.125829507003309,69.8688
Senate,Texas,State,Texas,Lubbock,0.346974919169922,90025.221
Senate,Texas,State,Texas,Lynn,0.174341211477087,1852.9788
Senate,Texas,State,Texas,Madison,0.209675554914246,3975.2436
Senate,Texas,State,Texas,Marion,0.275900013349752,3404.6484
Senate,Texas,State,Texas,Martin,0.143498402128391,1508.0016
Senate,Texas,State,Texas,Mason,0.20558620154787,1826.778
Senate,Texas,State,Texas,Matagorda,0.286576542655186,9598.2264
Senate,Texas,State,Texas,Maverick,0.459361036682861,11395.8924
Senate,Texas,State,Texas,McCulloch,0.156619959794102,2538.5664
Senate,Texas,State,Texas,McLennan,0.393512886131972,71665.7382
Senate,Texas,State,Texas,McMullen,0.0927541797737868,352.983
Senate,Texas,State,Texas,Medina,0.330044164995423,17768.5092
Senate,Texas,State,Texas,Menard,0.196410545558634,750.3618
Senate,Texas,State,Texas,Midland,0.230367918130922,42427.101
Senate,Texas,State,Texas,Milam,0.249257540593559,8021.8116
Senate,Texas,State,Texas,Mills,0.136967451627871,1985.4384
Senate,Texas,State,Texas,Mitchell,0.168908506809481,1816.5888
Senate,Texas,State,Texas,Montague,0.132096317162375,8029.8174
Senate,Texas,State,Texas,Montgomery,0.314533517787324,221426.5998
Senate,Texas,State,Texas,Moore,0.192770371431161,3870.4404
Senate,Texas,State,Texas,Morris,0.284130039651596,3933.0312
Senate,Texas,State,Texas,Motley,0.0661142639846267,470.8866
Senate,Texas,State,Texas,Nacogdoches,0.351342797014206,18387.867
Senate,Texas,State,Texas,Navarro,0.28004500323387,14331.1098
Senate,Texas,State,Texas,Newton,0.197748627041884,4172.4774
Senate,Texas,State,Texas,Nolan,0.237758921083285,3688.4904
Senate,Texas,State,Texas,Nueces,0.495171840828628,87662.7822
Senate,Texas,State,Texas,Ochiltree,0.108964370049061,2177.5776
Senate,Texas,State,Texas,Oldham,0.0928481933176517,705.2382
Senate,Texas,State,Texas,Orange,0.195985174851568,26299.7808
Senate,Texas,State,Texas,Palo Pinto,0.192990742841482,9633.1608
Senate,Texas,State,Texas,Panola,0.198866294586999,8300.559
Senate,Texas,State,Texas,Parker,0.196734417592248,65531.112
Senate,Texas,State,Texas,Parmer,0.176667909693841,1812.9498
Senate,Texas,State,Texas,Pecos,0.317654967956432,3046.5708
Senate,Texas,State,Texas,Polk,0.240296494656097,17558.9028
Senate,Texas,State,Texas,Potter,0.320046357960075,23111.289
Senate,Texas,State,Texas,Presidio,0.699340430297726,1437.405
Senate,Texas,State,Texas,Rains,0.15996667573997,4743.8004
Senate,Texas,State,Texas,Randall,0.230969049624713,48216.0222
Senate,Texas,State,Texas,Reagan,0.179102910957852,684.8598
Senate,Texas,State,Texas,Real,0.193523499533968,1411.932
Senate,Texas,State,Texas,Red River,0.225783149008547,4210.323
Senate,Texas,State,Texas,Reeves,0.361449683057265,2481.798
Senate,Texas,State,Texas,Refugio,0.347725374542559,2221.9734
Senate,Texas,State,Texas,Roberts,0.0433014641939417,412.6626
Senate,Texas,State,Texas,Robertson,0.278488257690696,5897.3634
Senate,Texas,State,Texas,Rockwall,0.339652877648855,44857.2252
Senate,Texas,State,Texas,Runnels,0.135167481657745,2934.4896
Senate,Texas,State,Texas,Rusk,0.237526842620489,15699.3738
Senate,Texas,State,Texas,Sabine,0.128080261136563,4048.0236
Senate,Texas,State,Texas,San Augustine,0.255574770366993,2711.7828
Senate,Texas,State,Texas,San Jacinto,0.203718268865044,9242.3322
Senate,Texas,State,Texas,San Patricio,0.364272770408177,18458.4636
Senate,Texas,State,Texas,San Saba,0.124074804746744,1956.3264
Senate,Texas,State,Texas,Schleicher,0.207817864822848,799.1244
Senate,Texas,State,Texas,Scurry,0.155223173785387,4133.1762
Senate,Texas,State,Texas,Shackelford,0.10352847494554,1245.2658
Senate,Texas,State,Texas,Shelby,0.208851876087579,7208.859
Senate,Texas,State,Texas,Sherman,0.0677975825966755,629.547
Senate,Texas,State,Texas,Smith,0.316789813430167,74892.8034
Senate,Texas,State,Texas,Somervell,0.171440041477634,3816.5832
Senate,Texas,State,Texas,Starr,0.472400869027232,11898.8022
Senate,Texas,State,Texas,Stephens,0.123681794795568,2730.7056
Senate,Texas,State,Texas,Sterling,0.0836641462547135,455.6028
Senate,Texas,State,Texas,Stonewall,0.183969884734238,519.6492
Senate,Texas,State,Texas,Sutton,0.194750744329871,1015.281
Senate,Texas,State,Texas,Swisher,0.213296260261238,1632.4554
Senate,Texas,State,Texas,Tarrant,0.527336036099087,590338.2306
Senate,Texas,State,Texas,Taylor,0.290461829619034,39899.4516
Senate,Texas,State,Texas,Terrell,0.264031513890997,294.759
Senate,Texas,State,Texas,Terry,0.20517183900164,2475.9756
Senate,Texas,State,Texas,Throckmorton,0.0989378718931211,652.1088
Senate,Texas,State,Texas,Titus,0.26375950045371,7376.9808
Senate,Texas,State,Texas,Tom Green,0.300398669250968,32739.3552
Senate,Texas,State,Texas,Travis,0.74305562333977,414677.1504
Senate,Texas,State,Texas,Trinity,0.194252394556572,5335.5018
Senate,Texas,State,Texas,Tyler,0.157253179532189,6939.573
Senate,Texas,State,Texas,Upshur,0.170870963431759,14380.6002
Senate,Texas,State,Texas,Upton,0.13591681370392,942.501
Senate,Texas,State,Texas,Uvalde,0.380634867740139,7059.66
Senate,Texas,State,Texas,Val Verde,0.416454543515916,10512.3432
Senate,Texas,State,Texas,Van Zandt,0.149213374360647,20233.5678
Senate,Texas,State,Texas,Victoria,0.331041999254287,25478.8224
Senate,Texas,State,Texas,Walker,0.345257037978908,18177.5328
Senate,Texas,State,Texas,Waller,0.424678105016857,19839.828
Senate,Texas,State,Texas,Ward,0.199467910545443,2723.4276
Senate,Texas,State,Texas,Washington,0.263786519484129,13157.1684
Senate,Texas,State,Texas,Webb,0.542291876892193,47551.5408
Senate,Texas,State,Texas,Wharton,0.280116324009975,11898.8022
Senate,Texas,State,Texas,Wheeler,0.0908714724332643,1646.2836
Senate,Texas,State,Texas,Wichita,0.322533440137019,32063.229
Senate,Texas,State,Texas,Wilbarger,0.229904104268282,3221.2428
Senate,Texas,State,Texas,Willacy,0.536732213381007,4024.0062
Senate,Texas,State,Texas,Williamson,0.540814350853713,220578.7128
Senate,Texas,State,Texas,Wilson,0.270133365485504,19753.2198
Senate,Texas,State,Texas,Winkler,0.175484989597396,1403.9262
Senate,Texas,State,Texas,Wise,0.176444923345393,27649.122
Senate,Texas,State,Texas,Wood,0.178436865851535,17641.1442
Senate,Texas,State,Texas,Yoakum,0.171932973749466,1732.8918
Senate,Texas,State,Texas,Young,0.140284801145831,6011.628
Senate,Texas,State,Texas,Zapata,0.438938170984875,3527.6466
Senate,Texas,State,Texas,Zavala,0.623665813754793,2522.5548
Senate,Virginia,State,Virginia,Accomack,0.489522576776035,12396.6174
Senate,Virginia,State,Virginia,Albemarle,0.707133947983815,47883.4176
Senate,Virginia,State,Virginia,Alexandria,0.819259844494723,57087.1764
Senate,Virginia,State,Virginia,Alleghany,0.332192026904158,5973.0546
Senate,Virginia,State,Virginia,Amelia,0.332509559305454,5815.122
Senate,Virginia,State,Virginia,Amherst,0.376056574680751,12497.0538
Senate,Virginia,State,Virginia,Appomattox,0.300496155261777,6962.8626
Senate,Virginia,State,Virginia,Arlington,0.821541726735203,91461.8982
Senate,Virginia,State,Virginia,Augusta,0.30587194385489,31900.9296
Senate,Virginia,State,Virginia,Bath,0.293263652368375,1866.0792
Senate,Virginia,State,Virginia,Bedford,0.295521235305598,36703.6818
Senate,Virginia,State,Virginia,Bland,0.201148328597055,2563.3116
Senate,Virginia,State,Virginia,Botetourt,0.324073339298954,15801.2658
Senate,Virginia,State,Virginia,Bristol,0.362737541976638,5406.0984
Senate,Virginia,State,Virginia,Brunswick,0.604902656539754,5609.1546
Senate,Virginia,State,Virginia,Buchanan,0.218657457806665,6764.1732
Senate,Virginia,State,Virginia,Buckingham,0.451478909939927,5702.313
Senate,Virginia,State,Virginia,Buena Vista,0.35023709461598,2039.2956
Senate,Virginia,State,Virginia,Campbell,0.312761394455138,22505.0316
Senate,Virginia,State,Virginia,Caroline,0.515570960647792,12713.2104
Senate,Virginia,State,Virginia,Carroll,0.231686859022875,11700.8406
Senate,Virginia,State,Virginia,Charles City,0.618012893431648,3130.2678
Senate,Virginia,State,Virginia,Charlotte,0.405159307301757,4345.6938
Senate,Virginia,State,Virginia,Charlottesville,0.872467209106144,16639.6914
Senate,Virginia,State,Virginia,Chesapeake,0.567367132938721,91665.6822
Senate,Virginia,State,Virginia,Chesterfield,0.58097747759113,150581.0922
Senate,Virginia,State,Virginia,Clarke,0.463517434273501,7011.6252
Senate,Virginia,State,Virginia,Colonial Heights,0.379735268944521,6451.947
Senate,Virginia,State,Virginia,Covington,0.422615406508939,1790.388
Senate,Virginia,State,Virginia,Craig,0.229224373073593,2259.0912
Senate,Virginia,State,Virginia,Culpeper,0.4304854781139,20554.5276
Senate,Virginia,State,Virginia,Cumberland,0.449429139991219,3967.9656
Senate,Virginia,State,Virginia,Danville,0.662663049326919,12743.0502
Senate,Virginia,State,Virginia,Dickenson,0.257388027296137,5106.9726
Senate,Virginia,State,Virginia,Dinwiddie,0.443848687187123,11274.3498
Senate,Virginia,State,Virginia,Emporia,0.706846584805989,1574.2314
Senate,Virginia,State,Virginia,Essex,0.527254125940165,4381.356
Senate,Virginia,State,Virginia,Fairfax ÿ City,0.71296716834458,9533.4522
Senate,Virginia,State,Virginia,Fairfax ÿ County,0.72162221684257,413632.7574
Senate,Virginia,State,Virginia,Falls Church,0.832344724155702,6419.196
Senate,Virginia,State,Virginia,Fauquier,0.438344255197832,32026.839
Senate,Virginia,State,Virginia,Floyd,0.370968802403971,6927.9282
Senate,Virginia,State,Virginia,Fluvanna,0.521024445437222,12014.5224
Senate,Virginia,State,Virginia,Franklin ÿ City,0.66398385528624,2791.113
Senate,Virginia,State,Virginia,Franklin ÿ County,0.333452783422891,22299.792
Senate,Virginia,State,Virginia,Frederick,0.401875776610872,37443.8544
Senate,Virginia,State,Virginia,Fredericksburg,0.701943941332078,9636.072
Senate,Virginia,State,Virginia,Galax,0.345537045254171,1964.3322
Senate,Virginia,State,Virginia,Giles,0.288624272600957,6674.6538
Senate,Virginia,State,Virginia,Gloucester,0.356275216662727,16704.4656
Senate,Virginia,State,Virginia,Goochland,0.443558984622613,14116.4088
Senate,Virginia,State,Virginia,Grayson,0.239117883754948,5856.6066
Senate,Virginia,State,Virginia,Greene,0.425989467681477,8652.0864
Senate,Virginia,State,Virginia,Greensville,0.607625789116072,3107.706
Senate,Virginia,State,Virginia,Halifax,0.459989058410002,12900.255
Senate,Virginia,State,Virginia,Hampton,0.743246340418643,44934.372
Senate,Virginia,State,Virginia,Hanover,0.408026337687203,52621.3956
Senate,Virginia,State,Virginia,Harrisonburg,0.67989259296749,12304.9146
Senate,Virginia,State,Virginia,Henrico,0.683959526260038,129491.6316
Senate,Virginia,State,Virginia,Henry,0.405972158214405,18382.0446
Senate,Virginia,State,Virginia,Highland,0.333045176216934,1099.7058
Senate,Virginia,State,Virginia,Hopewell,0.619510141024018,6489.0648
Senate,Virginia,State,Virginia,Isle of Wight,0.447728055090695,17785.9764
Senate,Virginia,State,Virginia,James City,0.566311221813594,36620.7126
Senate,Virginia,State,Virginia,King and Queen,0.429409746714208,3016.0032
Senate,Virginia,State,Virginia,King George,0.426098994904784,11031.2646
Senate,Virginia,State,Virginia,King William,0.34399442214005,8346.4104
Senate,Virginia,State,Virginia,Lancaster,0.51380319513105,5255.4438
Senate,Virginia,State,Virginia,Lee,0.199331464520341,7325.307
Senate,Virginia,State,Virginia,Lexington,0.687546735451916,2056.035
Senate,Virginia,State,Virginia,Loudoun,0.636525493455787,161125.4586
Senate,Virginia,State,Virginia,Louisa,0.419881567514421,17367.4914
Senate,Virginia,State,Virginia,Lunenburg,0.443025570493406,4255.4466
Senate,Virginia,State,Virginia,Lynchburg,0.525157711035168,26374.0164
Senate,Virginia,State,Virginia,Madison,0.375818296812775,6092.4138
Senate,Virginia,State,Virginia,Manassas,0.636309744408241,11439.5604
Senate,Virginia,State,Virginia,Manassas Park,0.67191509078313,4235.796
Senate,Virginia,State,Virginia,Martinsville,0.677833030700766,4068.402
Senate,Virginia,State,Virginia,Mathews,0.351206043841039,4279.464
Senate,Virginia,State,Virginia,Mecklenburg,0.454077276105006,11786.721
Senate,Virginia,State,Virginia,Middlesex,0.413909074747208,4970.874
Senate,Virginia,State,Virginia,Montgomery,0.571677708307727,33471.522
Senate,Virginia,State,Virginia,Nelson,0.521573629721306,6769.9956
Senate,Virginia,State,Virginia,New Kent,0.374196613908578,12092.397
Senate,Virginia,State,Virginia,Newport News,0.694292705337811,54260.4012
Senate,Virginia,State,Virginia,Norfolk,0.754863940570864,61366.6404
Senate,Virginia,State,Virginia,Northampton,0.591905361230663,4938.8508
Senate,Virginia,State,Virginia,Northumberland,0.45242871828548,5924.292
Senate,Virginia,State,Virginia,Norton,0.355636745942957,1187.7696
Senate,Virginia,State,Virginia,Nottoway,0.452185020085724,4951.9512
Senate,Virginia,State,Virginia,Orange,0.427839741004369,16039.2564
Senate,Virginia,State,Virginia,Page,0.278537150574029,9533.4522
Senate,Virginia,State,Virginia,Patrick,0.247499924422092,7010.1696
Senate,Virginia,State,Virginia,Petersburg,0.89476804981344,9403.9038
Senate,Virginia,State,Virginia,Pittsylvania,0.343537626123712,24678.9702
Senate,Virginia,State,Virginia,Poquoson,0.307104681630219,5763.4482
Senate,Virginia,State,Virginia,Portsmouth,0.738418280394545,29603.9928
Senate,Virginia,State,Virginia,Powhatan,0.315550155752881,15030.5256
Senate,Virginia,State,Virginia,Prince Edward,0.552722269402566,6783.8238
Senate,Virginia,State,Virginia,Prince George,0.44417417940534,12687.0096
Senate,Virginia,State,Virginia,Prince William,0.651376406283863,161084.7018
Senate,Virginia,State,Virginia,Pulaski,0.339895517840601,12781.6236
Senate,Virginia,State,Virginia,Radford,0.570643646785348,4678.2984
Senate,Virginia,State,Virginia,Rappahannock,0.465289383794574,3627.3552
Senate,Virginia,State,Virginia,Richmond ÿ City,0.856960875150484,76965.5778
Senate,Virginia,State,Virginia,Richmond ÿ County,0.415845308258832,3010.1808
Senate,Virginia,State,Virginia,Roanoke ÿ City,0.673918693469282,30221.1672
Senate,Virginia,State,Virginia,Roanoke ÿ County,0.441307344998406,40863.0588
Senate,Virginia,State,Virginia,Rockbridge,0.386838726187516,9190.6584
Senate,Virginia,State,Virginia,Rockingham,0.349609070679315,34983.8904
Senate,Virginia,State,Virginia,Russell,0.223645076368136,9807.105
Senate,Virginia,State,Virginia,Salem,0.45802941579586,9465.7668
Senate,Virginia,State,Virginia,Scott,0.193817277120095,8005.0722
Senate,Virginia,State,Virginia,Shenandoah,0.331063464350205,17561.0862
Senate,Virginia,State,Virginia,Smyth,0.262159628305757,10426.4628
Senate,Virginia,State,Virginia,Southampton,0.434579003716938,7102.6002
Senate,Virginia,State,Virginia,Spotsylvania,0.504539454411667,56970.7284
Senate,Virginia,State,Virginia,Stafford,0.550671645380985,59564.6076
Senate,Virginia,State,Virginia,Staunton,0.606310424412412,9730.686
Senate,Virginia,State,Virginia,Suffolk,0.624559012447366,38361.6102
Senate,Virginia,State,Virginia,Surry,0.561214876468479,3188.4918
Senate,Virginia,State,Virginia,Sussex,0.584940018997975,3537.8358
Senate,Virginia,State,Virginia,Tazewell,0.210654843741504,14367.4998
Senate,Virginia,State,Virginia,Virginia Beach,0.564153378953676,163599.9786
Senate,Virginia,State,Virginia,Warren,0.357290255473925,16237.218
Senate,Virginia,State,Virginia,Washington,0.279855869472505,21271.4106
Senate,Virginia,State,Virginia,Waynesboro,0.522319656443934,8094.5916
Senate,Virginia,State,Virginia,Westmoreland,0.494399910790821,7637.5332
Senate,Virginia,State,Virginia,Williamsburg,0.74731185319337,5627.3496
Senate,Virginia,State,Virginia,Winchester,0.599740561142181,8485.4202
Senate,Virginia,State,Virginia,Wise,0.239890481156539,12147.7098
Senate,Virginia,State,Virginia,Wythe,0.259980511684867,11165.9076
Senate,Virginia,State,Virginia,York,0.508044634040379,28397.3004
Senate,West Virginia,State,West Virginia,Barbour,0.215519206923768,4563.306
Senate,West Virginia,State,West Virginia,Berkeley,0.336539768120512,40087.224
Senate,West Virginia,State,West Virginia,Boone,0.236071954459865,5789.649
Senate,West Virginia,State,West Virginia,Braxton,0.265857861024405,3802.0272
Senate,West Virginia,State,West Virginia,Brooke,0.292231338172446,6991.9746
Senate,West Virginia,State,West Virginia,Cabell,0.401844773940209,25256.8434
Senate,West Virginia,State,West Virginia,Calhoun,0.194967484605101,2095.3362
Senate,West Virginia,State,West Virginia,Clay,0.196059425093264,2312.2206
Senate,West Virginia,State,West Virginia,Doddridge,0.14713761871733,2121.537
Senate,West Virginia,State,West Virginia,Fayette,0.31793484562377,11133.1566
Senate,West Virginia,State,West Virginia,Gilmer,0.238659447690594,1679.7624
Senate,West Virginia,State,West Virginia,Grant,0.112614322857508,4003.6278
Senate,West Virginia,State,West Virginia,Greenbrier,0.304895169533662,10708.1214
Senate,West Virginia,State,West Virginia,Hampshire,0.200043007807665,7535.6412
Senate,West Virginia,State,West Virginia,Hancock,0.284960051373673,9331.8516
Senate,West Virginia,State,West Virginia,Hardy,0.219564006851996,4580.7732
Senate,West Virginia,State,West Virginia,Harrison,0.303194238912952,21020.3196
Senate,West Virginia,State,West Virginia,Jackson,0.230946698942345,9174.6468
Senate,West Virginia,State,West Virginia,Jefferson,0.44275262142694,20771.412
Senate,West Virginia,State,West Virginia,Kanawha,0.413643265127394,53553.7074
Senate,West Virginia,State,West Virginia,Lewis,0.216198411904903,5037.8316
Senate,West Virginia,State,West Virginia,Lincoln,0.217443904986579,5130.2622
Senate,West Virginia,State,West Virginia,Logan,0.189458014237445,8259.0744
Senate,West Virginia,State,West Virginia,Marion,0.352001044536933,17515.2348
Senate,West Virginia,State,West Virginia,Marshall,0.251075165489273,9457.0332
Senate,West Virginia,State,West Virginia,Mason,0.227774792658855,7527.6354
Senate,West Virginia,State,West Virginia,McDowell,0.228150674620784,3890.8188
Senate,West Virginia,State,West Virginia,Mercer,0.231792789032092,16901.6994
Senate,West Virginia,State,West Virginia,Mineral,0.209853990424843,9264.894
Senate,West Virginia,State,West Virginia,Mingo,0.156609269334617,6103.3308
Senate,West Virginia,State,West Virginia,Monongalia,0.490332333416688,29366.0022
Senate,West Virginia,State,West Virginia,Monroe,0.213282205027925,4544.3832
Senate,West Virginia,State,West Virginia,Morgan,0.235455324963899,6518.1768
Senate,West Virginia,State,West Virginia,Nicholas,0.222068801303354,7189.9362
Senate,West Virginia,State,West Virginia,Ohio,0.3645981019285,13333.296
Senate,West Virginia,State,West Virginia,Pendleton,0.215067021892242,2450.5026
Senate,West Virginia,State,West Virginia,Pleasants,0.214487271065827,2393.0064
Senate,West Virginia,State,West Virginia,Pocahontas,0.278252856486902,2777.2848
Senate,West Virginia,State,West Virginia,Preston,0.227983621504788,10283.0862
Senate,West Virginia,State,West Virginia,Putnam,0.276581463421197,19644.7776
Senate,West Virginia,State,West Virginia,Raleigh,0.25801473991335,22168.788
Senate,West Virginia,State,West Virginia,Randolph,0.276310878145858,8270.7192
Senate,West Virginia,State,West Virginia,Ritchie,0.147288599685582,2903.922
Senate,West Virginia,State,West Virginia,Roane,0.248305986017195,3935.2146
Senate,West Virginia,State,West Virginia,Summers,0.275223512407008,3753.2646
Senate,West Virginia,State,West Virginia,Taylor,0.252362380232997,5179.0248
Senate,West Virginia,State,West Virginia,Tucker,0.265661322117831,2590.2402
Senate,West Virginia,State,West Virginia,Tyler,0.174886298435845,2580.051
Senate,West Virginia,State,West Virginia,Upshur,0.223788568721277,7034.9148
Senate,West Virginia,State,West Virginia,Wayne,0.254878951755979,11256.1548
Senate,West Virginia,State,West Virginia,Webster,0.190840504911209,2152.1046
Senate,West Virginia,State,West Virginia,Wetzel,0.240689033054639,4375.5336
Senate,West Virginia,State,West Virginia,Wirt,0.179326710954329,1840.6062
Senate,West Virginia,State,West Virginia,Wood,0.289696367520158,26708.0766
Senate,West Virginia,State,West Virginia,Wyoming,0.168942278016418,5446.1274
Senate,Wyoming,State,Wyoming,Albany,0.567387554408904,12591.6678
Senate,Wyoming,State,Wyoming,Big Horn,0.175803740555091,4082.2302
Senate,Wyoming,State,Wyoming,Campbell,0.149062231296175,13107.678
Senate,Wyoming,State,Wyoming,Carbon,0.264679532857606,4531.2828
Senate,Wyoming,State,Wyoming,Converse,0.170396741645658,4804.2078
Senate,Wyoming,State,Wyoming,Crook,0.140076087820718,3091.6944
Senate,Wyoming,State,Wyoming,Fremont,0.385467899527854,12176.8218
Senate,Wyoming,State,Wyoming,Goshen,0.248431258941275,4402.4622
Senate,Wyoming,State,Wyoming,Hot Springs,0.246953764873558,1870.446
Senate,Wyoming,State,Wyoming,Johnson,0.23140829670808,3481.0674
Senate,Wyoming,State,Wyoming,Laramie,0.413702064624961,30724.8048
Senate,Wyoming,State,Wyoming,Lincoln,0.202245965889531,7700.124
Senate,Wyoming,State,Wyoming,Natrona,0.321021431764901,24023.2224
Senate,Wyoming,State,Wyoming,Niobrara,0.123903886485583,887.916
Senate,Wyoming,State,Wyoming,Park,0.258433513775245,11894.4354
Senate,Wyoming,State,Wyoming,Platte,0.21978742665063,3387.1812
Senate,Wyoming,State,Wyoming,Sheridan,0.31294594613707,11616.4158
Senate,Wyoming,State,Wyoming,Sublette,0.247908914275567,3511.635
Senate,Wyoming,State,Wyoming,Sweetwater,0.293906985894513,11842.7616
Senate,Wyoming,State,Wyoming,Teton,0.747518861364879,9375.5196
Senate,Wyoming,State,Wyoming,Uinta,0.230722591105938,6435.9354
Senate,Wyoming,State,Wyoming,Washakie,0.227025199749279,2751.8118
Senate,Wyoming,State,Wyoming,Weston,0.146994664724301,2508.7266
Senate,Florida Special,State,Florida,Alachua,0.655744633904291,97901.4726
Senate,Florida Special,State,Florida,Baker,0.159337463331583,10850.0424
Senate,Florida Special,State,Florida,Bay,0.303475219171602,70376.8044
Senate,Florida Special,State,Florida,Bradford,0.250081203081718,10091.6748
Senate,Florida Special,State,Florida,Brevard,0.446366252850444,260382.0948
Senate,Florida Special,State,Florida,Broward,0.635975174660736,630478.584
Senate,Florida Special,State,Florida,Calhoun,0.190383818393385,4649.1864
Senate,Florida Special,State,Florida,Charlotte,0.377418287525249,89468.454
Senate,Florida Special,State,Florida,Citrus,0.312800925166126,71056.5696
Senate,Florida Special,State,Florida,Clay,0.348317734579185,91438.6086
Senate,Florida Special,State,Florida,Collier,0.382258743271292,156467.5386
Senate,Florida Special,State,Florida,Columbia,0.288844029735264,24277.9524
Senate,Florida Special,State,Florida,DeSoto,0.328968690502818,9034.1814
Senate,Florida Special,State,Florida,Dixie,0.174452574818392,5897.3634
Senate,Florida Special,State,Florida,Duval,0.545435395127179,338900.07
Senate,Florida Special,State,Florida,Escambia,0.453043649793598,117181.6224
Senate,Florida Special,State,Florida,Flagler,0.407900455827184,57820.071
Senate,Florida Special,State,Florida,Franklin,0.323628406627239,4876.9878
Senate,Florida Special,State,Florida,Gadsden,0.700815764432312,15791.8044
Senate,Florida Special,State,Florida,Gilchrist,0.187012804123349,7709.5854
Senate,Florida Special,State,Florida,Glades,0.272435418161391,3825.3168
Senate,Florida Special,State,Florida,Gulf,0.267035694375956,6298.3812
Senate,Florida Special,State,Florida,Hamilton,0.350031803104604,4141.9098
Senate,Florida Special,State,Florida,Hardee,0.254625639885088,5885.7186
Senate,Florida Special,State,Florida,Hendry,0.353664833617522,9715.4022
Senate,Florida Special,State,Florida,Hernando,0.360662135352963,79968.4806
Senate,Florida Special,State,Florida,Highlands,0.340956288578471,37561.0302
Senate,Florida Special,State,Florida,Hillsborough,0.537421273984008,482874.9216
Senate,Florida Special,State,Florida,Holmes,0.117442514105073,6604.785
Senate,Florida Special,State,Florida,Indian River,0.412625636058971,71608.9698
Senate,Florida Special,State,Florida,Jackson,0.311816818097069,15986.8548
Senate,Florida Special,State,Florida,Jefferson,0.458247847869371,6142.632
Senate,Florida Special,State,Florida,Lafayette,0.141917832465131,2719.7886
Senate,Florida Special,State,Florida,Lake,0.426549469563011,163788.4788
Senate,Florida Special,State,Florida,Lee,0.407107948164815,283769.9478
Senate,Florida Special,State,Florida,Leon,0.659224539504456,112748.5926
Senate,Florida Special,State,Florida,Levy,0.288811415146033,17641.1442
Senate,Florida Special,State,Florida,Liberty,0.194471392871353,2521.0992
Senate,Florida Special,State,Florida,Madison,0.404734616083425,6626.619
Senate,Florida Special,State,Florida,Manatee,0.432665175747924,165327.048
Senate,Florida Special,State,Florida,Marion,0.389787494650743,154736.8302
Senate,Florida Special,State,Florida,Martin,0.392671944438642,71076.948
Senate,Florida Special,State,Florida,Miami-Dade,0.495072815568237,790350.771
Senate,Florida Special,State,Florida,Monroe,0.45960223507551,32021.0166
Senate,Florida Special,State,Florida,Nassau,0.306507926469736,47371.0464
Senate,Florida Special,State,Florida,Okaloosa,0.330512600191455,81792.3474
Senate,Florida Special,State,Florida,Okeechobee,0.269258964369919,11634.6108
Senate,Florida Special,State,Florida,Orange,0.619928401654877,436014.7908
Senate,Florida Special,State,Florida,Osceola,0.545528262656944,124394.1204
Senate,Florida Special,State,Florida,Palm Beach,0.556587220421747,538097.4744
Senate,Florida Special,State,Florida,Pasco,0.423317556590643,229423.6662
Senate,Florida Special,State,Florida,Pinellas,0.526551914642921,372578.2872
Senate,Florida Special,State,Florida,Polk,0.447326407489058,251762.7594
Senate,Florida Special,State,Florida,Putnam,0.302189956668265,26240.1012
Senate,Florida Special,State,Florida,Santa Rosa,0.283849290659763,81039.8022
Senate,Florida Special,State,Florida,Sarasota,0.460413274004737,200790.5586
Senate,Florida Special,State,Florida,Seminole,0.534923902235342,182278.9656
Senate,Florida Special,State,Florida,St. Johns,0.390944629530432,142372.9638
Senate,Florida Special,State,Florida,St. Lucie,0.507230171459404,133776.918
Senate,Florida Special,State,Florida,Sumter,0.358070403406254,76189.743
Senate,Florida Special,State,Florida,Suwannee,0.228890235951475,15850.0284
Senate,Florida Special,State,Florida,Taylor,0.236300601992179,7237.971
Senate,Florida Special,State,Florida,Union,0.186832624431157,4508.721
Senate,Florida Special,State,Florida,Volusia,0.441706924122469,224033.5794
Senate,Florida Special,State,Florida,Wakulla,0.320702581824311,14328.1986
Senate,Florida Special,State,Florida,Walton,0.246021901625626,35849.2446
Senate,Florida Special,State,Florida,Washington,0.203243751070628,9104.778
Senate,Ohio Special,State,Ohio,Adams,0.200897944682212,9000.7026
Senate,Ohio Special,State,Ohio,Allen,0.32097787089682,33446.049
Senate,Ohio Special,State,Ohio,Ashland,0.288463820714119,19219.0146
Senate,Ohio Special,State,Ohio,Ashtabula,0.405741174750096,31296.1278
Senate,Ohio Special,State,Ohio,Athens,0.604714080485808,18561.0834
Senate,Ohio Special,State,Ohio,Auglaize,0.206624644954045,18507.954
Senate,Ohio Special,State,Ohio,Belmont,0.304053028213985,22443.8964
Senate,Ohio Special,State,Ohio,Brown,0.224894616716298,15521.0628
Senate,Ohio Special,State,Ohio,Butler,0.41687670702351,132127.7232
Senate,Ohio Special,State,Ohio,Carroll,0.26219333629099,9974.499
Senate,Ohio Special,State,Ohio,Champaign,0.284053193090034,14758.3284
Senate,Ohio Special,State,Ohio,Clark,0.399538855290799,45305.55
Senate,Ohio Special,State,Ohio,Clermont,0.366151978756527,82309.8132
Senate,Ohio Special,State,Ohio,Clinton,0.262903824148874,15005.0526
Senate,Ohio Special,State,Ohio,Columbiana,0.294243437260241,34694.9538
Senate,Ohio Special,State,Ohio,Coshocton,0.27627708667802,11788.1766
Senate,Ohio Special,State,Ohio,Crawford,0.272276132724569,14617.863
Senate,Ohio Special,State,Ohio,Cuyahoga,0.703541727531173,415974.09
Senate,Ohio Special,State,Ohio,Darke,0.202326710847787,19517.4126
Senate,Ohio Special,State,Ohio,Defiance,0.343936393066245,13805.6382
Senate,Ohio Special,State,Ohio,Delaware,0.51853286360843,96146.019
Senate,Ohio Special,State,Ohio,Erie,0.479972105426438,28649.1192
Senate,Ohio Special,State,Ohio,Fairfield,0.428588580722997,60912.4932
Senate,Ohio Special,State,Ohio,Fayette,0.260116916182603,9082.2162
Senate,Ohio Special,State,Ohio,Franklin,0.689532557404484,430383.0744
Senate,Ohio Special,State,Ohio,Fulton,0.330439479812285,16205.9226
Senate,Ohio Special,State,Ohio,Gallia,0.236201473395544,9392.9868
Senate,Ohio Special,State,Ohio,Geauga,0.42829204389251,39627.2544
Senate,Ohio Special,State,Ohio,Greene,0.450488943119166,64755.2772
Senate,Ohio Special,State,Ohio,Guernsey,0.27742093463345,12713.2104
Senate,Ohio Special,State,Ohio,Hamilton,0.624905282745798,295286.655
Senate,Ohio Special,State,Ohio,Hancock,0.351336945769766,27306.3282
Senate,Ohio Special,State,Ohio,Hardin,0.262247108387899,9296.9172
Senate,Ohio Special,State,Ohio,Harrison,0.259160458369758,5125.8954
Senate,Ohio Special,State,Ohio,Henry,0.306491950219806,10755.4284
Senate,Ohio Special,State,Ohio,Highland,0.214438255221154,14467.2084
Senate,Ohio Special,State,Ohio,Hocking,0.32014799525677,9740.1474
Senate,Ohio Special,State,Ohio,Holmes,0.180129970299792,8906.8164
Senate,Ohio Special,State,Ohio,Huron,0.321307279014196,19636.044
Senate,Ohio Special,State,Ohio,Jackson,0.244160340573188,10336.2156
Senate,Ohio Special,State,Ohio,Jefferson,0.321461448974271,22495.5702
Senate,Ohio Special,State,Ohio,Knox,0.316521217511746,23151.318
Senate,Ohio Special,State,Ohio,Lake,0.478998062181566,92727.5424
Senate,Ohio Special,State,Ohio,Lawrence,0.285982910273112,19306.3506
Senate,Ohio Special,State,Ohio,Licking,0.397023034182615,68552.2098
Senate,Ohio Special,State,Ohio,Logan,0.253855287428275,16891.5102
Senate,Ohio Special,State,Ohio,Lorain,0.522958710170242,114631.4112
Senate,Ohio Special,State,Ohio,Lucas,0.613570508506187,137348.9604
Senate,Ohio Special,State,Ohio,Madison,0.322968381910291,14883.51
Senate,Ohio Special,State,Ohio,Mahoning,0.504292088583782,81429.903
Senate,Ohio Special,State,Ohio,Marion,0.335964532183631,19738.6638
Senate,Ohio Special,State,Ohio,Medina,0.424648586353029,77204.2962
Senate,Ohio Special,State,Ohio,Meigs,0.250045000494455,7517.4462
Senate,Ohio Special,State,Ohio,Mercer,0.19439350447182,17157.885
Senate,Ohio Special,State,Ohio,Miami,0.315278183419119,42682.5588
Senate,Ohio Special,State,Ohio,Monroe,0.233522958442104,4899.5496
Senate,Ohio Special,State,Ohio,Montgomery,0.554031383734316,183647.9574
Senate,Ohio Special,State,Ohio,Morgan,0.270843656239922,4896.6384
Senate,Ohio Special,State,Ohio,Morrow,0.256698922611898,13616.4102
Senate,Ohio Special,State,Ohio,Muskingum,0.322214663393184,28399.4838
Senate,Ohio Special,State,Ohio,Noble,0.20665440149011,4453.4082
Senate,Ohio Special,State,Ohio,Ottawa,0.423162824803959,17276.5164
Senate,Ohio Special,State,Ohio,Paulding,0.253426897730507,6688.482
Senate,Ohio Special,State,Ohio,Perry,0.263617077630403,12272.1636
Senate,Ohio Special,State,Ohio,Pickaway,0.296402254153406,21109.1112
Senate,Ohio Special,State,Ohio,Pike,0.268740841111865,8839.131
Senate,Ohio Special,State,Ohio,Portage,0.472866444697845,59999.832
Senate,Ohio Special,State,Ohio,Preble,0.237624767417803,15639.6942
Senate,Ohio Special,State,Ohio,Putnam,0.181945125104148,14244.5016
Senate,Ohio Special,State,Ohio,Richland,0.330815236287371,42131.6142
Senate,Ohio Special,State,Ohio,Ross,0.346992465674388,23760.4866
Senate,Ohio Special,State,Ohio,Sandusky,0.392496099845712,21433.71
Senate,Ohio Special,State,Ohio,Scioto,0.300478437967035,22561.0722
Senate,Ohio Special,State,Ohio,Seneca,0.356586603507516,18199.3668
Senate,Ohio Special,State,Ohio,Shelby,0.205146274686534,18260.502
Senate,Ohio Special,State,Ohio,Stark,0.439688324688042,132872.9904
Senate,Ohio Special,State,Ohio,Summit,0.586291229550222,197171.937
Senate,Ohio Special,State,Ohio,Trumbull,0.466355048712648,69680.2998
Senate,Ohio Special,State,Ohio,Tuscarawas,0.32570522050892,31065.4152
Senate,Ohio Special,State,Ohio,Union,0.398914391188806,26867.4648
Senate,Ohio Special,State,Ohio,Van Wert,0.241162320743817,10637.5248
Senate,Ohio Special,State,Ohio,Vinton,0.240975192253654,4148.46
Senate,Ohio Special,State,Ohio,Warren,0.388888160732197,100625.628
Senate,Ohio Special,State,Ohio,Washington,0.323196983718402,22387.8558
Senate,Ohio Special,State,Ohio,Wayne,0.347312777894147,38327.4036
Senate,Ohio Special,State,Ohio,Williams,0.298015246164362,13176.819
Senate,Ohio Special,State,Ohio,Wood,0.500399008762236,48684.7254
Senate,Ohio Special,State,Ohio,Wyandot,0.281821143455407,8220.501
Gubernatorial,Alabama,State,Alabama,Autauga,0.319665759655007,20322.3594
Gubernatorial,Alabama,State,Alabama,Baldwin,0.25191779077686,87868.7496
Gubernatorial,Alabama,State,Alabama,Barbour,0.48970049228158,7106.2392
Gubernatorial,Alabama,State,Alabama,Bibb,0.216691971537532,6689.2098
Gubernatorial,Alabama,State,Alabama,Blount,0.116181377290046,20327.454
Gubernatorial,Alabama,State,Alabama,Bullock,0.778045059958198,2972.3352
Gubernatorial,Alabama,State,Alabama,Butler,0.4485088405994,6130.2594
Gubernatorial,Alabama,State,Alabama,Calhoun,0.328391513751298,35011.5468
Gubernatorial,Alabama,State,Alabama,Chambers,0.445304069433128,10273.6248
Gubernatorial,Alabama,State,Alabama,Cherokee,0.150314770998047,9396.6258
Gubernatorial,Alabama,State,Alabama,Chilton,0.171024157959387,14277.9804
Gubernatorial,Alabama,State,Alabama,Choctaw,0.442296692770011,4816.5804
Gubernatorial,Alabama,State,Alabama,Clarke,0.477872482698815,8654.9976
Gubernatorial,Alabama,State,Alabama,Clay,0.183047005489269,4895.9106
Gubernatorial,Alabama,State,Alabama,Cleburne,0.100731616366079,5526.1854
Gubernatorial,Alabama,State,Alabama,Coffee,0.253876719173766,16081.4688
Gubernatorial,Alabama,State,Alabama,Colbert,0.318985680648773,19542.1578
Gubernatorial,Alabama,State,Alabama,Conecuh,0.493718191370788,4368.9834
Gubernatorial,Alabama,State,Alabama,Coosa,0.337244563198463,3810.7608
Gubernatorial,Alabama,State,Alabama,Covington,0.169425460302854,12366.0498
Gubernatorial,Alabama,State,Alabama,Crenshaw,0.27379374967415,4699.4046
Gubernatorial,Alabama,State,Alabama,Cullman,0.11895678370794,31108.3554
Gubernatorial,Alabama,State,Alabama,Dale,0.286104963195863,13799.088
Gubernatorial,Alabama,State,Alabama,Dallas,0.718448091094129,11227.0428
Gubernatorial,Alabama,State,Alabama,DeKalb,0.159440855245642,21390.7698
Gubernatorial,Alabama,State,Alabama,Elmore,0.287275283564512,29947.5144
Gubernatorial,Alabama,State,Alabama,Escambia,0.320289695360858,10806.3744
Gubernatorial,Alabama,State,Alabama,Etowah,0.266793498807753,33245.904
Gubernatorial,Alabama,State,Alabama,Fayette,0.171100176216904,6040.74
Gubernatorial,Alabama,State,Alabama,Franklin,0.163004789946617,8722.683
Gubernatorial,Alabama,State,Alabama,Geneva,0.141389427379507,8966.496
Gubernatorial,Alabama,State,Alabama,Greene,0.820797216498365,2924.3004
Gubernatorial,Alabama,State,Alabama,Hale,0.597659155733215,5267.0886
Gubernatorial,Alabama,State,Alabama,Henry,0.295244581896441,6733.6056
Gubernatorial,Alabama,State,Alabama,Houston,0.311462155362972,31892.9238
Gubernatorial,Alabama,State,Alabama,Jackson,0.174343252092675,16993.4022
Gubernatorial,Alabama,State,Alabama,Jefferson,0.615324830225312,213416.433
Gubernatorial,Alabama,State,Alabama,Lamar,0.147377881946092,4977.4242
Gubernatorial,Alabama,State,Alabama,Lauderdale,0.290005917832314,31320.1452
Gubernatorial,Alabama,State,Alabama,Lawrence,0.2285944266859,11649.8946
Gubernatorial,Alabama,State,Alabama,Lee,0.420388270137583,52269.1404
Gubernatorial,Alabama,State,Alabama,Limestone,0.332413491995085,38186.2104
Gubernatorial,Alabama,State,Alabama,Lowndes,0.739987120938614,4093.875
Gubernatorial,Alabama,State,Alabama,Macon,0.823940776239116,5652.0948
Gubernatorial,Alabama,State,Alabama,Madison,0.518713003043141,140650.2612
Gubernatorial,Alabama,State,Alabama,Marengo,0.545358658442422,7005.8028
Gubernatorial,Alabama,State,Alabama,Marion,0.11227608953491,9783.0876
Gubernatorial,Alabama,State,Alabama,Marshall,0.172629242607741,29102.5386
Gubernatorial,Alabama,State,Alabama,Mobile,0.480584166207798,125774.0292
Gubernatorial,Alabama,State,Alabama,Monroe,0.446149563394431,7093.8666
Gubernatorial,Alabama,State,Alabama,Montgomery,0.710977993486949,64354.2594
Gubernatorial,Alabama,State,Alabama,Morgan,0.283860631277828,38457.6798
Gubernatorial,Alabama,State,Alabama,Perry,0.763932713500607,3233.6154
Gubernatorial,Alabama,State,Alabama,Pickens,0.445091108615474,6443.2134
Gubernatorial,Alabama,State,Alabama,Pike,0.435258941156184,9550.9194
Gubernatorial,Alabama,State,Alabama,Randolph,0.214405852788508,8021.8116
Gubernatorial,Alabama,State,Alabama,Russell,0.572280960481152,14919.9
Gubernatorial,Alabama,State,Alabama,Shelby,0.34953062489372,82061.6334
Gubernatorial,Alabama,State,Alabama,St. Clair,0.21779478587773,31398.0198
Gubernatorial,Alabama,State,Alabama,Sumter,0.757603616433788,3833.3226
Gubernatorial,Alabama,State,Alabama,Talladega,0.389503688074107,24015.9444
Gubernatorial,Alabama,State,Alabama,Tallapoosa,0.301900945516625,14453.3802
Gubernatorial,Alabama,State,Alabama,Tuscaloosa,0.460017100405988,61224.7194
Gubernatorial,Alabama,State,Alabama,Walker,0.172474342516041,21518.1348
Gubernatorial,Alabama,State,Alabama,Washington,0.269486027041696,6111.3366
Gubernatorial,Alabama,State,Alabama,Wilcox,0.713367036921036,3815.1276
Gubernatorial,Alabama,State,Alabama,Winston,0.100905492757606,8060.385
Gubernatorial,Alaska,State,Alaska,Aleutians East,0.348933266575974,300.5814
Gubernatorial,Alaska,State,Alaska,Aleutians West,0.555154603273548,686.3154
Gubernatorial,Alaska,State,Alaska,Anchorage,0.559709730197985,92944.4268
Gubernatorial,Alaska,State,Alaska,Bethel,0.624112048375688,2767.8234
Gubernatorial,Alaska,State,Alaska,Bristol Bay,0.403249158189184,286.0254
Gubernatorial,Alaska,State,Alaska,Chugach,0.4598828434281,2221.9734
Gubernatorial,Alaska,State,Alaska,Copper River,0.308209149545505,985.4412
Gubernatorial,Alaska,State,Alaska,Denali,0.442162022949172,901.0164
Gubernatorial,Alaska,State,Alaska,Dillingham,0.520222704325515,1042.9374
Gubernatorial,Alaska,State,Alaska,Fairbanks North Star,0.458387311023831,30490.4532
Gubernatorial,Alaska,State,Alaska,Haines,0.58634151652687,1236.5322
Gubernatorial,Alaska,State,Alaska,Hoonah-Angoon,0.663740056948565,1036.3872
Gubernatorial,Alaska,State,Alaska,Juneau,0.681679034675938,11824.5666
Gubernatorial,Alaska,State,Alaska,Kenai Peninsula,0.368864242235974,23440.9824
Gubernatorial,Alaska,State,Alaska,Ketchikan Gateway,0.451912598489328,4537.1052
Gubernatorial,Alaska,State,Alaska,Kodiak Island,0.462228677286197,4378.4448
Gubernatorial,Alaska,State,Alaska,Kusilvak,0.636201952715163,1018.1922
Gubernatorial,Alaska,State,Alaska,Lake and Peninsula,0.484410542692965,294.759
Gubernatorial,Alaska,State,Alaska,Matanuska-Susitna,0.291013639153741,38924.9274
Gubernatorial,Alaska,State,Alaska,Nome,0.601075589308835,1885.7298
Gubernatorial,Alaska,State,Alaska,North Slope,0.475716970342865,1185.5862
Gubernatorial,Alaska,State,Alaska,Northwest Arctic,0.528799229361798,990.5358
Gubernatorial,Alaska,State,Alaska,Petersburg,0.448950350922182,1171.758
Gubernatorial,Alaska,State,Alaska,Prince of Wales-Hyder,0.530557678534605,2418.4794
Gubernatorial,Alaska,State,Alaska,Sitka,0.6049058862685,2704.5048
Gubernatorial,Alaska,State,Alaska,Skagway,0.769636761109805,714.6996
Gubernatorial,Alaska,State,Alaska,Southeast Fairbanks,0.186387221123884,2455.5972
Gubernatorial,Alaska,State,Alaska,Wrangell,0.373051822254268,803.4912
Gubernatorial,Alaska,State,Alaska,Yakutat,0.651502074333299,327.51
Gubernatorial,Alaska,State,Alaska,Yukon-Koyukuk,0.667895121341261,1628.0886
Gubernatorial,Arizona,State,Arizona,Apache,0.702427777852776,23047.2426
Gubernatorial,Arizona,State,Arizona,Cochise,0.467561296217874,42381.2496
Gubernatorial,Arizona,State,Arizona,Coconino,0.680951179400397,50276.424
Gubernatorial,Arizona,State,Arizona,Gila,0.393587508691818,19945.359
Gubernatorial,Arizona,State,Arizona,Graham,0.332230893341154,10949.0232
Gubernatorial,Arizona,State,Arizona,Greenlee,0.410354424400518,2374.0836
Gubernatorial,Arizona,State,Arizona,La Paz,0.351052577827288,5510.1738
Gubernatorial,Arizona,State,Arizona,Maricopa,0.569407610646705,1478559.9066
Gubernatorial,Arizona,State,Arizona,Mohave,0.292001327708503,79886.2392
Gubernatorial,Arizona,State,Arizona,Navajo,0.502839873730763,36560.3052
Gubernatorial,Arizona,State,Arizona,Pima,0.659280736582257,369081.2082
Gubernatorial,Arizona,State,Arizona,Pinal,0.474258276308204,151078.1796
Gubernatorial,Arizona,State,Arizona,Santa Cruz,0.701558944308585,13801.9992
Gubernatorial,Arizona,State,Arizona,Yavapai,0.413071450816652,107760.2514
Gubernatorial,Arizona,State,Arizona,Yuma,0.489212022453303,49175.9904
Gubernatorial,Arkansas,State,Arkansas,Arkansas,0.314317030941952,3969.4212
Gubernatorial,Arkansas,State,Arkansas,Ashley,0.293530986564725,5035.6482
Gubernatorial,Arkansas,State,Arkansas,Baxter,0.243482532578616,14988.3132
Gubernatorial,Arkansas,State,Arkansas,Benton,0.405502755384693,91075.4364
Gubernatorial,Arkansas,State,Arkansas,Boone,0.197569452263899,12243.0516
Gubernatorial,Arkansas,State,Arkansas,Bradley,0.343522101049475,2310.0372
Gubernatorial,Arkansas,State,Arkansas,Calhoun,0.214343013813141,1494.1734
Gubernatorial,Arkansas,State,Arkansas,Carroll,0.380777684774252,8211.0396
Gubernatorial,Arkansas,State,Arkansas,Chicot,0.566219278937748,2513.8212
Gubernatorial,Arkansas,State,Arkansas,Clark,0.440657311812485,5447.583
Gubernatorial,Arkansas,State,Arkansas,Clay,0.215957319492801,3548.025
Gubernatorial,Arkansas,State,Arkansas,Cleburne,0.180837071089262,9123.7008
Gubernatorial,Arkansas,State,Arkansas,Cleveland,0.183798950244576,2422.1184
Gubernatorial,Arkansas,State,Arkansas,Columbia,0.356364305814751,5700.8574
Gubernatorial,Arkansas,State,Arkansas,Conway,0.333678779605313,6071.3076
Gubernatorial,Arkansas,State,Arkansas,Craighead,0.349408817869931,26464.2636
Gubernatorial,Arkansas,State,Arkansas,Crawford,0.235286135986634,17007.2304
Gubernatorial,Arkansas,State,Arkansas,Crittenden,0.55796861226573,10473.042
Gubernatorial,Arkansas,State,Arkansas,Cross,0.293930852053797,4654.281
Gubernatorial,Arkansas,State,Arkansas,Dallas,0.393518330339071,1659.384
Gubernatorial,Arkansas,State,Arkansas,Desha,0.5223370589681,2505.8154
Gubernatorial,Arkansas,State,Arkansas,Drew,0.370174936251149,4550.9334
Gubernatorial,Arkansas,State,Arkansas,Faulkner,0.376951964838752,38652.7302
Gubernatorial,Arkansas,State,Arkansas,Franklin,0.210084538200348,4959.2292
Gubernatorial,Arkansas,State,Arkansas,Fulton,0.212743263872597,3599.6988
Gubernatorial,Arkansas,State,Arkansas,Garland,0.356095940567933,30111.9972
Gubernatorial,Arkansas,State,Arkansas,Grant,0.175352462267684,5783.8266
Gubernatorial,Arkansas,State,Arkansas,Greene,0.21894153004761,11318.7456
Gubernatorial,Arkansas,State,Arkansas,Hempstead,0.337923745940286,4344.2382
Gubernatorial,Arkansas,State,Arkansas,Hot Spring,0.269038594455281,8765.6232
Gubernatorial,Arkansas,State,Arkansas,Howard,0.300643229267843,3205.2312
Gubernatorial,Arkansas,State,Arkansas,Independence,0.22717670619739,9979.5936
Gubernatorial,Arkansas,State,Arkansas,Izard,0.190670821782664,4223.4234
Gubernatorial,Arkansas,State,Arkansas,Jackson,0.288889173813203,3414.8376
Gubernatorial,Arkansas,State,Arkansas,Jefferson,0.645610412748776,15480.306
Gubernatorial,Arkansas,State,Arkansas,Johnson,0.272861509040793,6457.7694
Gubernatorial,Arkansas,State,Arkansas,Lafayette,0.346117646738409,1664.4786
Gubernatorial,Arkansas,State,Arkansas,Lawrence,0.201502709282193,4056.0294
Gubernatorial,Arkansas,State,Arkansas,Lee,0.564426770104606,1783.8378
Gubernatorial,Arkansas,State,Arkansas,Lincoln,0.281380891519332,2412.657
Gubernatorial,Arkansas,State,Arkansas,Little River,0.258648609743493,3513.8184
Gubernatorial,Arkansas,State,Arkansas,Logan,0.21175277516475,5844.9618
Gubernatorial,Arkansas,State,Arkansas,Lonoke,0.260516457752005,21844.917
Gubernatorial,Arkansas,State,Arkansas,Madison,0.233891342368618,5368.2528
Gubernatorial,Arkansas,State,Arkansas,Marion,0.225001778668075,5626.6218
Gubernatorial,Arkansas,State,Arkansas,Miller,0.277208580464699,11361.6858
Gubernatorial,Arkansas,State,Arkansas,Mississippi,0.382149967382549,7668.8286
Gubernatorial,Arkansas,State,Arkansas,Monroe,0.465751269256092,1737.2586
Gubernatorial,Arkansas,State,Arkansas,Montgomery,0.206478859769204,2643.3696
Gubernatorial,Arkansas,State,Arkansas,Nevada,0.338194525069705,2074.9578
Gubernatorial,Arkansas,State,Arkansas,Newton,0.202142191684065,2697.9546
Gubernatorial,Arkansas,State,Arkansas,Ouachita,0.448487257468527,6163.0104
Gubernatorial,Arkansas,State,Arkansas,Perry,0.23810204306293,3261.9996
Gubernatorial,Arkansas,State,Arkansas,Phillips,0.612673044974933,3531.2856
Gubernatorial,Arkansas,State,Arkansas,Pike,0.152643709552095,3133.9068
Gubernatorial,Arkansas,State,Arkansas,Poinsett,0.206144068506116,5069.8548
Gubernatorial,Arkansas,State,Arkansas,Polk,0.16490798160643,5918.4696
Gubernatorial,Arkansas,State,Arkansas,Pope,0.267365186135906,17179.719
Gubernatorial,Arkansas,State,Arkansas,Prairie,0.19372357950866,2294.0256
Gubernatorial,Arkansas,State,Arkansas,Pulaski,0.656705617068719,109180.917
Gubernatorial,Arkansas,State,Arkansas,Randolph,0.203509193803308,4734.339
Gubernatorial,Arkansas,State,Arkansas,Saline,0.33496346619168,41007.891
Gubernatorial,Arkansas,State,Arkansas,Scott,0.149521716466659,2429.3964
Gubernatorial,Arkansas,State,Arkansas,Searcy,0.157051801694544,2777.2848
Gubernatorial,Arkansas,State,Arkansas,Sebastian,0.348758014894488,32293.2138
Gubernatorial,Arkansas,State,Arkansas,Sevier,0.215918318426383,3372.6252
Gubernatorial,Arkansas,State,Arkansas,Sharp,0.209656550729837,5308.5732
Gubernatorial,Arkansas,State,Arkansas,St. Francis,0.550206376931864,4266.3636
Gubernatorial,Arkansas,State,Arkansas,Stone,0.214412687929648,4291.8366
Gubernatorial,Arkansas,State,Arkansas,Union,0.372321018989355,11073.477
Gubernatorial,Arkansas,State,Arkansas,Van Buren,0.223300434084304,5429.388
Gubernatorial,Arkansas,State,Arkansas,Washington,0.512191425562994,68429.2116
Gubernatorial,Arkansas,State,Arkansas,White,0.217092559265617,21946.809
Gubernatorial,Arkansas,State,Arkansas,Woodruff,0.377061633090287,1654.2894
Gubernatorial,Arkansas,State,Arkansas,Yell,0.221176221782425,4628.808
Gubernatorial,California,State,California,Alameda,0.805000994716798,466039.452
Gubernatorial,California,State,California,Alpine,0.696363563131298,525.4716
Gubernatorial,California,State,California,Amador,0.392456357125051,15866.7678
Gubernatorial,California,State,California,Butte,0.521689098399768,66526.0146
Gubernatorial,California,State,California,Calaveras,0.391176443440318,18781.6068
Gubernatorial,California,State,California,Colusa,0.390531904124895,4981.791
Gubernatorial,California,State,California,Contra Costa,0.727295612718524,372135.7848
Gubernatorial,California,State,California,Del Norte,0.452762672681669,7470.867
Gubernatorial,California,State,California,El Dorado,0.475952769434358,79193.3736
Gubernatorial,California,State,California,Fresno,0.515320696673977,231114.3456
Gubernatorial,California,State,California,Glenn,0.354578900395057,7397.3592
Gubernatorial,California,State,California,Humboldt,0.682324564214422,44657.0802
Gubernatorial,California,State,California,Imperial,0.533401769094682,38303.3862
Gubernatorial,California,State,California,Inyo,0.522430780872475,6309.2982
Gubernatorial,California,State,California,Kern,0.428620528752052,200960.136
Gubernatorial,California,State,California,Kings,0.418638570769173,29543.5854
Gubernatorial,California,State,California,Lake,0.530741196265808,18890.049
Gubernatorial,California,State,California,Lassen,0.250656200378586,8076.3966
Gubernatorial,California,State,California,Los Angeles,0.702689180729913,2625153.4938
Gubernatorial,California,State,California,Madera,0.430108230293289,38809.935
Gubernatorial,California,State,California,Marin,0.84890006761983,102041.9268
Gubernatorial,California,State,California,Mariposa,0.428299407775192,6729.9666
Gubernatorial,California,State,California,Mendocino,0.674088048438716,27348.5406
Gubernatorial,California,State,California,Merced,0.515458447207744,61240.731
Gubernatorial,California,State,California,Modoc,0.289089878286179,2832.5976
Gubernatorial,California,State,California,Mono,0.641098162693624,4232.8848
Gubernatorial,California,State,California,Monterey,0.687449901231322,103555.7508
Gubernatorial,California,State,California,Napa,0.71179031483953,46265.5182
Gubernatorial,California,State,California,Nevada,0.600250227464121,43639.6158
Gubernatorial,California,State,California,Orange,0.55137951831304,980016.1788
Gubernatorial,California,State,California,Placer,0.493896053717035,165864.8922
Gubernatorial,California,State,California,Plumas,0.449631679413117,7092.411
Gubernatorial,California,State,California,Riverside,0.531312281983398,666271.0602
Gubernatorial,California,State,California,Sacramento,0.637769407538673,461209.7712
Gubernatorial,California,State,California,San Benito,0.601460632689214,19563.9918
Gubernatorial,California,State,California,San Bernardino,0.526815903744087,538957.734
Gubernatorial,California,State,California,San Diego,0.622644017340822,1044132.4476
Gubernatorial,California,State,California,San Francisco,0.857491314941655,281158.6014
Gubernatorial,California,State,California,San Joaquin,0.533207039111756,186056.9754
Gubernatorial,California,State,California,San Luis Obispo,0.592999540900189,106437.8388
Gubernatorial,California,State,California,San Mateo,0.786755849817201,232585.2294
Gubernatorial,California,State,California,Santa Barbara,0.67184046277796,130290.0282
Gubernatorial,California,State,California,Santa Clara,0.738033441996311,525229.9704
Gubernatorial,California,State,California,Santa Cruz,0.807692211183419,93868.7328
Gubernatorial,California,State,California,Shasta,0.346470554042114,63077.6982
Gubernatorial,California,State,California,Sierra,0.411628460307709,1242.3546
Gubernatorial,California,State,California,Siskiyou,0.437464498495837,15130.962
Gubernatorial,California,State,California,Solano,0.653432605954268,134164.1076
Gubernatorial,California,State,California,Sonoma,0.76714501263085,176874.3228
Gubernatorial,California,State,California,Stanislaus,0.481365882005846,139979.9574
Gubernatorial,California,State,California,Sutter,0.373772790836825,27938.7864
Gubernatorial,California,State,California,Tehama,0.317989599997132,18863.1204
Gubernatorial,California,State,California,Trinity,0.488875281408939,3950.4984
Gubernatorial,California,State,California,Tulare,0.430678742248247,98307.585
Gubernatorial,California,State,California,Tuolumne,0.424457596262847,20465.0082
Gubernatorial,California,State,California,Ventura,0.614192456687357,273889.335
Gubernatorial,California,State,California,Yolo,0.71955905607919,64955.4222
Gubernatorial,California,State,California,Yuba,0.402921946407483,21263.4048
Gubernatorial,Colorado,State,Colorado,Adams,0.586547119638296,165268.824
Gubernatorial,Colorado,State,Colorado,Alamosa,0.485079855060875,5313.6678
Gubernatorial,Colorado,State,Colorado,Arapahoe,0.641980918796713,230011.0008
Gubernatorial,Colorado,State,Colorado,Archuleta,0.468498237681643,6638.9916
Gubernatorial,Colorado,State,Colorado,Baca,0.161189422817839,1427.2158
Gubernatorial,Colorado,State,Colorado,Bent,0.336850443299676,1558.2198
Gubernatorial,Colorado,State,Colorado,Boulder,0.812740168929963,138942.1146
Gubernatorial,Colorado,State,Colorado,Broomfield,0.683261377232709,33112.7166
Gubernatorial,Colorado,State,Colorado,Chaffee,0.609442463348151,10208.1228
Gubernatorial,Colorado,State,Colorado,Cheyenne,0.12035052112872,755.4564
Gubernatorial,Colorado,State,Colorado,Clear Creek,0.624679482821316,4305.6648
Gubernatorial,Colorado,State,Colorado,Conejos,0.448399956849008,2900.283
Gubernatorial,Colorado,State,Colorado,Costilla,0.61551572863835,1459.239
Gubernatorial,Colorado,State,Colorado,Crowley,0.287688203007694,1203.0534
Gubernatorial,Colorado,State,Colorado,Custer,0.351433976413219,2744.5338
Gubernatorial,Colorado,State,Colorado,Delta,0.354285131624065,13812.1884
Gubernatorial,Colorado,State,Colorado,Denver,0.814495169661914,257203.7922
Gubernatorial,Colorado,State,Colorado,Dolores,0.262456016418844,1019.6478
Gubernatorial,Colorado,State,Colorado,Douglas,0.505097064095091,173113.7802
Gubernatorial,Colorado,State,Colorado,Eagle,0.662960767141947,19716.8298
Gubernatorial,Colorado,State,Colorado,El Paso,0.490432307668903,269671.734
Gubernatorial,Colorado,State,Colorado,Elbert,0.269724245723131,14539.2606
Gubernatorial,Colorado,State,Colorado,Fremont,0.338685935694348,18077.8242
Gubernatorial,Colorado,State,Colorado,Garfield,0.551521455989771,21558.1638
Gubernatorial,Colorado,State,Colorado,Gilpin,0.605659107335142,2898.8274
Gubernatorial,Colorado,State,Colorado,Grand,0.536788252072342,6961.407
Gubernatorial,Colorado,State,Colorado,Gunnison,0.687448680613336,7697.2128
Gubernatorial,Colorado,State,Colorado,Hinsdale,0.476986137874817,428.6742
Gubernatorial,Colorado,State,Colorado,Huerfano,0.496679758750681,3137.5458
Gubernatorial,Colorado,State,Colorado,Jackson,0.243272865529053,587.3346
Gubernatorial,Colorado,State,Colorado,Jefferson,0.638754132265231,255734.364
Gubernatorial,Colorado,State,Colorado,Kiowa,0.139058736223679,615.7188
Gubernatorial,Colorado,State,Colorado,Kit Carson,0.175237713970936,2648.4642
Gubernatorial,Colorado,State,Colorado,La Plata,0.634643577402472,25255.3878
Gubernatorial,Colorado,State,Colorado,Lake,0.624614265978718,2733.6168
Gubernatorial,Colorado,State,Colorado,Larimer,0.629579539642084,159428.9568
Gubernatorial,Colorado,State,Colorado,Las Animas,0.471395260761991,5534.1912
Gubernatorial,Colorado,State,Colorado,Lincoln,0.195831313653957,1835.5116
Gubernatorial,Colorado,State,Colorado,Logan,0.239353458828847,7243.7934
Gubernatorial,Colorado,State,Colorado,Mesa,0.414641052384807,65074.0536
Gubernatorial,Colorado,State,Colorado,Mineral,0.472466356004705,534.2052
Gubernatorial,Colorado,State,Colorado,Moffat,0.20420518698445,4748.895
Gubernatorial,Colorado,State,Colorado,Montezuma,0.432043150039731,10745.967
Gubernatorial,Colorado,State,Colorado,Montrose,0.370757290962898,18237.2124
Gubernatorial,Colorado,State,Colorado,Morgan,0.282862005069935,9549.4638
Gubernatorial,Colorado,State,Colorado,Otero,0.403090967365548,6320.2152
Gubernatorial,Colorado,State,Colorado,Ouray,0.646518598964721,2922.117
Gubernatorial,Colorado,State,Colorado,Park,0.455128014220616,8492.6982
Gubernatorial,Colorado,State,Colorado,Phillips,0.204514839987289,1673.94
Gubernatorial,Colorado,State,Colorado,Pitkin,0.757477895121837,7950.4872
Gubernatorial,Colorado,State,Colorado,Prowers,0.273857719236943,3682.668
Gubernatorial,Colorado,State,Colorado,Pueblo,0.514696169058647,60419.0448
Gubernatorial,Colorado,State,Colorado,Rio Blanco,0.200743885201705,2638.275
Gubernatorial,Colorado,State,Colorado,Rio Grande,0.420569820952289,4402.4622
Gubernatorial,Colorado,State,Colorado,Routt,0.679366781432607,11560.3752
Gubernatorial,Colorado,State,Colorado,Saguache,0.560056771821121,2387.9118
Gubernatorial,Colorado,State,Colorado,San Juan,0.702051377606413,410.4792
Gubernatorial,Colorado,State,Colorado,San Miguel,0.782742198784277,3408.2874
Gubernatorial,Colorado,State,Colorado,Sedgwick,0.24135709581128,968.7018
Gubernatorial,Colorado,State,Colorado,Summit,0.725463745979823,12376.9668
Gubernatorial,Colorado,State,Colorado,Teller,0.354704010818873,11587.3038
Gubernatorial,Colorado,State,Colorado,Washington,0.137274199164465,2012.367
Gubernatorial,Colorado,State,Colorado,Weld,0.432070213067712,127525.8438
Gubernatorial,Colorado,State,Colorado,Yuma,0.190005409560988,3322.407
Gubernatorial,Connecticut,State,Connecticut,Fairfield,0.64961839025709,324076.2396
Gubernatorial,Connecticut,State,Connecticut,Hartford,0.66156314366338,307086.4764
Gubernatorial,Connecticut,State,Connecticut,Litchfield,0.513601482702878,75976.4976
Gubernatorial,Connecticut,State,Connecticut,Middlesex,0.615521642107406,69742.8906
Gubernatorial,Connecticut,State,Connecticut,New Haven,0.613902401908767,284144.7648
Gubernatorial,Connecticut,State,Connecticut,New London,0.616446602286962,98287.9344
Gubernatorial,Connecticut,State,Connecticut,Tolland,0.59196248972069,58285.1352
Gubernatorial,Connecticut,State,Connecticut,Windham,0.520525128806793,40745.1552
Gubernatorial,Florida,State,Florida,Alachua,0.654807139089516,97901.4726
Gubernatorial,Florida,State,Florida,Baker,0.158782328330891,10850.0424
Gubernatorial,Florida,State,Florida,Bay,0.30259866586716,70376.8044
Gubernatorial,Florida,State,Florida,Bradford,0.249303672167949,10091.6748
Gubernatorial,Florida,State,Florida,Brevard,0.445340861028138,260382.0948
Gubernatorial,Florida,State,Florida,Broward,0.635013808300636,630478.584
Gubernatorial,Florida,State,Florida,Calhoun,0.18974493130235,4649.1864
Gubernatorial,Florida,State,Florida,Charlotte,0.376443587419288,89468.454
Gubernatorial,Florida,State,Florida,Citrus,0.311909497895763,71056.5696
Gubernatorial,Florida,State,Florida,Clay,0.347376255266333,91438.6086
Gubernatorial,Florida,State,Florida,Collier,0.38127919809802,156467.5386
Gubernatorial,Florida,State,Florida,Columbia,0.287992263477736,24277.9524
Gubernatorial,Florida,State,Florida,DeSoto,0.328053183246983,9034.1814
Gubernatorial,Florida,State,Florida,Dixie,0.173855669244399,5897.3634
Gubernatorial,Florida,State,Florida,Duval,0.544406210153801,338900.07
Gubernatorial,Florida,State,Florida,Escambia,0.452015442474213,117181.6224
Gubernatorial,Florida,State,Florida,Flagler,0.406898483912242,57820.071
Gubernatorial,Florida,State,Florida,Franklin,0.322720613654897,4876.9878
Gubernatorial,Florida,State,Florida,Gadsden,0.699944846412324,15791.8044
Gubernatorial,Florida,State,Florida,Gilchrist,0.186382625190715,7709.5854
Gubernatorial,Florida,State,Florida,Glades,0.271613558349289,3825.3168
Gubernatorial,Florida,State,Florida,Gulf,0.266224163502017,6298.3812
Gubernatorial,Florida,State,Florida,Hamilton,0.349088172556441,4141.9098
Gubernatorial,Florida,State,Florida,Hardee,0.253838762359789,5885.7186
Gubernatorial,Florida,State,Florida,Hendry,0.352716723921073,9715.4022
Gubernatorial,Florida,State,Florida,Hernando,0.359705706862885,79968.4806
Gubernatorial,Florida,State,Florida,Highlands,0.340024324962936,37561.0302
Gubernatorial,Florida,State,Florida,Hillsborough,0.536389366966526,482874.9216
Gubernatorial,Florida,State,Florida,Holmes,0.117013025188781,6604.785
Gubernatorial,Florida,State,Florida,Indian River,0.41162012618588,71608.9698
Gubernatorial,Florida,State,Florida,Jackson,0.310926926432512,15986.8548
Gubernatorial,Florida,State,Florida,Jefferson,0.457217702694832,6142.632
Gubernatorial,Florida,State,Florida,Lafayette,0.141413178707588,2719.7886
Gubernatorial,Florida,State,Florida,Lake,0.425534610818784,163788.4788
Gubernatorial,Florida,State,Florida,Lee,0.406106587764147,283769.9478
Gubernatorial,Florida,State,Florida,Leon,0.658291583067107,112748.5926
Gubernatorial,Florida,State,Florida,Levy,0.287959706121427,17641.1442
Gubernatorial,Florida,State,Florida,Liberty,0.193822072614514,2521.0992
Gubernatorial,Florida,State,Florida,Madison,0.403735118138573,6626.619
Gubernatorial,Florida,State,Florida,Manatee,0.431646718891099,165327.048
Gubernatorial,Florida,State,Florida,Marion,0.388800799479218,154736.8302
Gubernatorial,Florida,State,Florida,Martin,0.39168263441104,71076.948
Gubernatorial,Florida,State,Florida,Miami-Dade,0.494035378995871,790350.771
Gubernatorial,Florida,State,Florida,Monroe,0.458571622422217,32021.0166
Gubernatorial,Florida,State,Florida,Nassau,0.30562645715448,47371.0464
Gubernatorial,Florida,State,Florida,Okaloosa,0.329594906704081,81792.3474
Gubernatorial,Florida,State,Florida,Okeechobee,0.26844315145709,11634.6108
Gubernatorial,Florida,State,Florida,Orange,0.618950048232741,436014.7908
Gubernatorial,Florida,State,Florida,Osceola,0.544499112352841,124394.1204
Gubernatorial,Florida,State,Florida,Palm Beach,0.555562710793652,538097.4744
Gubernatorial,Florida,State,Florida,Pasco,0.422304724576861,229423.6662
Gubernatorial,Florida,State,Florida,Pinellas,0.525517168006979,372578.2872
Gubernatorial,Florida,State,Florida,Polk,0.446300588053615,251762.7594
Gubernatorial,Florida,State,Florida,Putnam,0.30131550974753,26240.1012
Gubernatorial,Florida,State,Florida,Santa Rosa,0.283006391888047,81039.8022
Gubernatorial,Florida,State,Florida,Sarasota,0.459382388699281,200790.5586
Gubernatorial,Florida,State,Florida,Seminole,0.53389125597167,182278.9656
Gubernatorial,Florida,State,Florida,St. Johns,0.389956877091127,142372.9638
Gubernatorial,Florida,State,Florida,St. Lucie,0.506192798743408,133776.918
Gubernatorial,Florida,State,Florida,Sumter,0.357117008812356,76189.743
Gubernatorial,Florida,State,Florida,Suwannee,0.228158544988703,15850.0284
Gubernatorial,Florida,State,Florida,Taylor,0.235552458607787,7237.971
Gubernatorial,Florida,State,Florida,Union,0.186202913592195,4508.721
Gubernatorial,Florida,State,Florida,Volusia,0.440683715963332,224033.5794
Gubernatorial,Florida,State,Florida,Wakulla,0.319799115493931,14328.1986
Gubernatorial,Florida,State,Florida,Walton,0.245252864035417,35849.2446
Gubernatorial,Florida,State,Florida,Washington,0.202572506585831,9104.778
Gubernatorial,Georgia,State,Georgia,Appling,0.217397222325926,6056.0238
Gubernatorial,Georgia,State,Georgia,Atkinson,0.263956608198253,2219.79
Gubernatorial,Georgia,State,Georgia,Bacon,0.156478778470682,3516.0018
Gubernatorial,Georgia,State,Georgia,Baker,0.445809505342934,1072.0494
Gubernatorial,Georgia,State,Georgia,Baldwin,0.535259337392975,13633.8774
Gubernatorial,Georgia,State,Georgia,Banks,0.127512675977521,7637.5332
Gubernatorial,Georgia,State,Georgia,Barrow,0.336566050089141,31789.5762
Gubernatorial,Georgia,State,Georgia,Bartow,0.279490384387718,41639.6214
Gubernatorial,Georgia,State,Georgia,Ben Hill,0.382110928549431,4716.144
Gubernatorial,Georgia,State,Georgia,Berrien,0.175439766239247,5858.79
Gubernatorial,Georgia,State,Georgia,Bibb,0.655714251753403,50094.474
Gubernatorial,Georgia,State,Georgia,Bleckley,0.256001269820875,4384.2672
Gubernatorial,Georgia,State,Georgia,Brantley,0.1026742510371,6171.744
Gubernatorial,Georgia,State,Georgia,Brooks,0.40971754495187,5232.1542
Gubernatorial,Georgia,State,Georgia,Bryan,0.358778932930285,17843.4726
Gubernatorial,Georgia,State,Georgia,Bulloch,0.397795679558566,23652.7722
Gubernatorial,Georgia,State,Georgia,Burke,0.499393436037538,8021.0838
Gubernatorial,Georgia,State,Georgia,Butts,0.311649784980416,9438.1104
Gubernatorial,Georgia,State,Georgia,Calhoun,0.606664666995593,1494.1734
Gubernatorial,Georgia,State,Georgia,Camden,0.362194362848869,19085.8272
Gubernatorial,Georgia,State,Georgia,Candler,0.299609827758942,3320.2236
Gubernatorial,Georgia,State,Georgia,Carroll,0.33293593783392,43791.726
Gubernatorial,Georgia,State,Georgia,Catoosa,0.254633374929975,25366.7412
Gubernatorial,Georgia,State,Georgia,Charlton,0.251558992352797,3358.0692
Gubernatorial,Georgia,State,Georgia,Chatham,0.634733479509517,101960.4132
Gubernatorial,Georgia,State,Georgia,Chattahoochee,0.462906155411997,1226.343
Gubernatorial,Georgia,State,Georgia,Chattooga,0.206543045833419,7761.987
Gubernatorial,Georgia,State,Georgia,Cherokee,0.343965661558459,117161.244
Gubernatorial,Georgia,State,Georgia,Clarke,0.731387673285875,38097.4188
Gubernatorial,Georgia,State,Georgia,Clay,0.583339913405869,1043.6652
Gubernatorial,Georgia,State,Georgia,Clayton,0.870466101487018,80844.024
Gubernatorial,Georgia,State,Georgia,Clinch,0.277449625734912,2112.8034
Gubernatorial,Georgia,State,Georgia,Cobb,0.619801178378506,288997.0074
Gubernatorial,Georgia,State,Georgia,Coffee,0.312271166665784,11414.0874
Gubernatorial,Georgia,State,Georgia,Colquitt,0.284587359900621,12056.007
Gubernatorial,Georgia,State,Georgia,Columbia,0.415054295895783,62067.5118
Gubernatorial,Georgia,State,Georgia,Cook,0.304685320169153,5334.774
Gubernatorial,Georgia,State,Georgia,Coweta,0.371712550598011,62092.257
Gubernatorial,Georgia,State,Georgia,Crawford,0.28655329632282,4602.6072
Gubernatorial,Georgia,State,Georgia,Crisp,0.414065875353787,5889.3576
Gubernatorial,Georgia,State,Georgia,Dade,0.192007424158849,5929.3866
Gubernatorial,Georgia,State,Georgia,Dawson,0.200174475809286,14166.627
Gubernatorial,Georgia,State,Georgia,Decatur,0.424358542457963,8378.4336
Gubernatorial,Georgia,State,Georgia,DeKalb,0.852081111618906,263647.0056
Gubernatorial,Georgia,State,Georgia,Dodge,0.286184671583375,6062.574
Gubernatorial,Georgia,State,Georgia,Dooly,0.507653790561565,3030.5592
Gubernatorial,Georgia,State,Georgia,Dougherty,0.743384483205465,24552.333
Gubernatorial,Georgia,State,Georgia,Douglas,0.698790300604964,51117.7608
Gubernatorial,Georgia,State,Georgia,Early,0.488719783537918,3548.7528
Gubernatorial,Georgia,State,Georgia,Echols,0.104732160044718,1043.6652
Gubernatorial,Georgia,State,Georgia,Effingham,0.290070912103505,26264.1186
Gubernatorial,Georgia,State,Georgia,Elbert,0.321503750338885,6957.768
Gubernatorial,Georgia,State,Georgia,Emanuel,0.317456840718,6981.0576
Gubernatorial,Georgia,State,Georgia,Evans,0.32678426304487,3074.955
Gubernatorial,Georgia,State,Georgia,Fannin,0.203439257748225,11673.1842
Gubernatorial,Georgia,State,Georgia,Fayette,0.53044103379575,53856.4722
Gubernatorial,Georgia,State,Georgia,Floyd,0.328655021050713,32382.0054
Gubernatorial,Georgia,State,Georgia,Forsyth,0.375088831668438,99555.762
Gubernatorial,Georgia,State,Georgia,Franklin,0.159370213400566,8810.7468
Gubernatorial,Georgia,State,Georgia,Fulton,0.762028547422552,385302.4146
Gubernatorial,Georgia,State,Georgia,Gilmer,0.215299619965829,13383.5142
Gubernatorial,Georgia,State,Georgia,Glascock,0.0945161323907528,1213.2426
Gubernatorial,Georgia,State,Georgia,Glynn,0.413586501054759,31806.3156
Gubernatorial,Georgia,State,Georgia,Gordon,0.21050639184917,19997.7606
Gubernatorial,Georgia,State,Georgia,Grady,0.349104585695468,7769.265
Gubernatorial,Georgia,State,Georgia,Greene,0.398146951625993,9264.1662
Gubernatorial,Georgia,State,Georgia,Gwinnett,0.62786954621232,302435.8344
Gubernatorial,Georgia,State,Georgia,Habersham,0.202451088343991,16868.9484
Gubernatorial,Georgia,State,Georgia,Hall,0.31859654646629,73753.7964
Gubernatorial,Georgia,State,Georgia,Hancock,0.716544176413729,3077.1384
Gubernatorial,Georgia,State,Georgia,Haralson,0.148644969409336,11866.0512
Gubernatorial,Georgia,State,Georgia,Harris,0.306446701398942,16200.1002
Gubernatorial,Georgia,State,Georgia,Hart,0.258871978369655,10388.6172
Gubernatorial,Georgia,State,Georgia,Heard,0.162371289039792,4507.9932
Gubernatorial,Georgia,State,Georgia,Henry,0.690232756324579,93329.433
Gubernatorial,Georgia,State,Georgia,Houston,0.489465982897797,58949.6166
Gubernatorial,Georgia,State,Georgia,Irwin,0.262215748790081,3148.4628
Gubernatorial,Georgia,State,Georgia,Jackson,0.256748187477699,34184.0382
Gubernatorial,Georgia,State,Georgia,Jasper,0.23919315006246,6611.3352
Gubernatorial,Georgia,State,Georgia,Jeff Davis,0.183950253903739,4264.1802
Gubernatorial,Georgia,State,Georgia,Jefferson,0.540192852026669,5414.1042
Gubernatorial,Georgia,State,Georgia,Jenkins,0.3903354516106,2471.6088
Gubernatorial,Georgia,State,Georgia,Johnson,0.305830693924742,2895.9162
Gubernatorial,Georgia,State,Georgia,Jones,0.350176974001566,11672.4564
Gubernatorial,Georgia,State,Georgia,Lamar,0.307737086822903,7548.7416
Gubernatorial,Georgia,State,Georgia,Lanier,0.305283721863262,2708.1438
Gubernatorial,Georgia,State,Georgia,Laurens,0.378484539139867,16943.184
Gubernatorial,Georgia,State,Georgia,Lee,0.320458450761803,12818.0136
Gubernatorial,Georgia,State,Georgia,Liberty,0.631852439137159,16666.62
Gubernatorial,Georgia,State,Georgia,Lincoln,0.313663210465098,3573.498
Gubernatorial,Georgia,State,Georgia,Long,0.39545616580475,5118.6174
Gubernatorial,Georgia,State,Georgia,Lowndes,0.455180702036149,34619.9904
Gubernatorial,Georgia,State,Georgia,Lumpkin,0.219831704892088,12878.421
Gubernatorial,Georgia,State,Georgia,Macon,0.633848709792458,3399.5538
Gubernatorial,Georgia,State,Georgia,Madison,0.258643383241456,12157.1712
Gubernatorial,Georgia,State,Georgia,Marion,0.391160362831917,2620.8078
Gubernatorial,Georgia,State,Georgia,McDuffie,0.419386957063538,7641.1722
Gubernatorial,Georgia,State,Georgia,McIntosh,0.399942712111268,5367.525
Gubernatorial,Georgia,State,Georgia,Meriwether,0.416523643372202,8550.1944
Gubernatorial,Georgia,State,Georgia,Miller,0.282865999025011,1975.977
Gubernatorial,Georgia,State,Georgia,Mitchell,0.463861194418971,6441.7578
Gubernatorial,Georgia,State,Georgia,Monroe,0.303518354619008,12840.5754
Gubernatorial,Georgia,State,Georgia,Montgomery,0.268987034535324,2882.088
Gubernatorial,Georgia,State,Georgia,Morgan,0.307276419491315,9550.1916
Gubernatorial,Georgia,State,Georgia,Murray,0.165153372970683,12681.1872
Gubernatorial,Georgia,State,Georgia,Muscogee,0.66022044002041,58245.1062
Gubernatorial,Georgia,State,Georgia,Newton,0.620721858370668,42745.1496
Gubernatorial,Georgia,State,Georgia,Oconee,0.360318242187834,19682.6232
Gubernatorial,Georgia,State,Georgia,Oglethorpe,0.326178070702385,6382.806
Gubernatorial,Georgia,State,Georgia,Paulding,0.42310868020255,68828.7738
Gubernatorial,Georgia,State,Georgia,Peach,0.516085902894486,9750.3366
Gubernatorial,Georgia,State,Georgia,Pickens,0.19702504106676,15140.4234
Gubernatorial,Georgia,State,Georgia,Pierce,0.131553608679202,7091.6832
Gubernatorial,Georgia,State,Georgia,Pike,0.154425276042597,9106.2336
Gubernatorial,Georgia,State,Georgia,Polk,0.227203318605558,13901.7078
Gubernatorial,Georgia,State,Georgia,Pulaski,0.336861073254882,3141.9126
Gubernatorial,Georgia,State,Georgia,Putnam,0.327528298176181,9339.1296
Gubernatorial,Georgia,State,Georgia,Quitman,0.468345204047862,826.7808
Gubernatorial,Georgia,State,Georgia,Rabun,0.247098567774609,7549.4694
Gubernatorial,Georgia,State,Georgia,Randolph,0.584000123965823,2164.4772
Gubernatorial,Georgia,State,Georgia,Richmond,0.720413555147372,60501.2862
Gubernatorial,Georgia,State,Georgia,Rockdale,0.773214604152853,32660.7528
Gubernatorial,Georgia,State,Georgia,Schley,0.21681732853286,1763.4594
Gubernatorial,Georgia,State,Georgia,Screven,0.418082648307096,5026.1868
Gubernatorial,Georgia,State,Georgia,Seminole,0.337789384771066,2912.6556
Gubernatorial,Georgia,State,Georgia,Spalding,0.461916686707739,23917.6914
Gubernatorial,Georgia,State,Georgia,Stephens,0.213971810070374,9487.6008
Gubernatorial,Georgia,State,Georgia,Stewart,0.62588638778588,1473.0672
Gubernatorial,Georgia,State,Georgia,Sumter,0.55726629163504,8737.239
Gubernatorial,Georgia,State,Georgia,Talbot,0.605165893197456,2453.4138
Gubernatorial,Georgia,State,Georgia,Taliaferro,0.619439743349097,641.9196
Gubernatorial,Georgia,State,Georgia,Tattnall,0.266586333519393,6173.1996
Gubernatorial,Georgia,State,Georgia,Taylor,0.387451187910253,2886.4548
Gubernatorial,Georgia,State,Georgia,Telfair,0.343608396603487,3059.6712
Gubernatorial,Georgia,State,Georgia,Terrell,0.566574199610398,3149.9184
Gubernatorial,Georgia,State,Georgia,Thomas,0.423672449243487,16023.9726
Gubernatorial,Georgia,State,Georgia,Tift,0.36285316822532,12324.5652
Gubernatorial,Georgia,State,Georgia,Toombs,0.281719577313589,7919.9196
Gubernatorial,Georgia,State,Georgia,Towns,0.217200374671329,6407.5512
Gubernatorial,Georgia,State,Georgia,Treutlen,0.316148921173965,2266.3692
Gubernatorial,Georgia,State,Georgia,Troup,0.42193723636526,22670.2422
Gubernatorial,Georgia,State,Georgia,Turner,0.400783703648071,2781.6516
Gubernatorial,Georgia,State,Georgia,Twiggs,0.47230428736623,3234.3432
Gubernatorial,Georgia,State,Georgia,Union,0.215797090674407,12944.6508
Gubernatorial,Georgia,State,Georgia,Upson,0.341155342970622,9917.0028
Gubernatorial,Georgia,State,Georgia,Walker,0.233313669900645,23215.3644
Gubernatorial,Georgia,State,Georgia,Walton,0.307009810031174,42221.1336
Gubernatorial,Georgia,State,Georgia,Ware,0.322705602258998,10441.7466
Gubernatorial,Georgia,State,Georgia,Warren,0.569548733179641,1882.0908
Gubernatorial,Georgia,State,Georgia,Washington,0.5367692960421,6890.0826
Gubernatorial,Georgia,State,Georgia,Wayne,0.231694481003917,9839.1282
Gubernatorial,Georgia,State,Georgia,Webster,0.453262399900199,970.8852
Gubernatorial,Georgia,State,Georgia,Wheeler,0.312428175413506,1652.106
Gubernatorial,Georgia,State,Georgia,White,0.181804138300377,12187.011
Gubernatorial,Georgia,State,Georgia,Whitfield,0.31515485386694,28826.7024
Gubernatorial,Georgia,State,Georgia,Wilcox,0.290294233622469,2430.852
Gubernatorial,Georgia,State,Georgia,Wilkes,0.461159085907521,3699.4074
Gubernatorial,Georgia,State,Georgia,Wilkinson,0.456150676645106,3566.22
Gubernatorial,Georgia,State,Georgia,Worth,0.283710805601006,6761.9898
Gubernatorial,Hawaii,State,Hawaii,Hawaii,0.700790812035097,58887.0258
Gubernatorial,Hawaii,State,Hawaii,Honolulu,0.668409931053576,243660.162
Gubernatorial,Hawaii,State,Hawaii,Kauai,0.64799392972123,21454.0884
Gubernatorial,Hawaii,State,Hawaii,Maui,0.696599244943862,44778.6228
Gubernatorial,Idaho,State,Idaho,Ada,0.416046583481967,189137.025
Gubernatorial,Idaho,State,Idaho,Adams,0.20388648109292,1902.4692
Gubernatorial,Idaho,State,Idaho,Bannock,0.377090274975659,28118.553
Gubernatorial,Idaho,State,Idaho,Bear Lake,0.112419087854813,2368.2612
Gubernatorial,Idaho,State,Idaho,Benewah,0.19481943724833,3660.1062
Gubernatorial,Idaho,State,Idaho,Bingham,0.171114733759344,14604.0348
Gubernatorial,Idaho,State,Idaho,Blaine,0.639006898650145,9246.699
Gubernatorial,Idaho,State,Idaho,Boise,0.231051408343492,3487.6176
Gubernatorial,Idaho,State,Idaho,Bonner,0.255967442880727,21107.6556
Gubernatorial,Idaho,State,Idaho,Bonneville,0.235428626575094,39673.1058
Gubernatorial,Idaho,State,Idaho,Boundary,0.159429502406277,5050.2042
Gubernatorial,Idaho,State,Idaho,Butte,0.131009183228099,1057.4934
Gubernatorial,Idaho,State,Idaho,Camas,0.200471493132428,509.46
Gubernatorial,Idaho,State,Idaho,Canyon,0.260864003529181,71632.9872
Gubernatorial,Idaho,State,Idaho,Caribou,0.117789002918885,2438.8578
Gubernatorial,Idaho,State,Idaho,Cassia,0.119107286990511,6781.6404
Gubernatorial,Idaho,State,Idaho,Clark,0.114869497454643,240.174
Gubernatorial,Idaho,State,Idaho,Clearwater,0.178786836885958,3147.0072
Gubernatorial,Idaho,State,Idaho,Custer,0.207680817344257,1880.6352
Gubernatorial,Idaho,State,Idaho,Elmore,0.243249743764398,7570.5756
Gubernatorial,Idaho,State,Idaho,Franklin,0.095076587668543,5081.4996
Gubernatorial,Idaho,State,Idaho,Fremont,0.133995861553331,4802.7522
Gubernatorial,Idaho,State,Idaho,Gem,0.151802479716502,7573.4868
Gubernatorial,Idaho,State,Idaho,Gooding,0.187906526445392,4203.7728
Gubernatorial,Idaho,State,Idaho,Idaho,0.148926972822967,6992.7024
Gubernatorial,Idaho,State,Idaho,Jefferson,0.109694679314389,11187.7416
Gubernatorial,Idaho,State,Idaho,Jerome,0.196431842200619,5643.3612
Gubernatorial,Idaho,State,Idaho,Kootenai,0.239392254593806,68538.3816
Gubernatorial,Idaho,State,Idaho,Latah,0.449189865919927,14343.4824
Gubernatorial,Idaho,State,Idaho,Lemhi,0.194378026163941,3459.9612
Gubernatorial,Idaho,State,Idaho,Lewis,0.147377175070869,1315.8624
Gubernatorial,Idaho,State,Idaho,Lincoln,0.197877258660123,1352.2524
Gubernatorial,Idaho,State,Idaho,Madison,0.142097942409618,12148.4376
Gubernatorial,Idaho,State,Idaho,Minidoka,0.151503235828619,5657.9172
Gubernatorial,Idaho,State,Idaho,Nez Perce,0.282909181619233,14290.353
Gubernatorial,Idaho,State,Idaho,Oneida,0.0896307757981915,1726.3416
Gubernatorial,Idaho,State,Idaho,Owyhee,0.167561360975409,3534.9246
Gubernatorial,Idaho,State,Idaho,Payette,0.168115929316776,8385.7116
Gubernatorial,Idaho,State,Idaho,Power,0.233001210982287,2133.1818
Gubernatorial,Idaho,State,Idaho,Shoshone,0.267686034966409,4346.4216
Gubernatorial,Idaho,State,Idaho,Teton,0.541916457442758,4707.4104
Gubernatorial,Idaho,State,Idaho,Twin Falls,0.246119445683573,26468.6304
Gubernatorial,Idaho,State,Idaho,Valley,0.371114537472986,5155.0074
Gubernatorial,Idaho,State,Idaho,Washington,0.167898955045396,3958.5042
Gubernatorial,Illinois,State,Illinois,Adams,0.268178492406832,22759.7616
Gubernatorial,Illinois,State,Illinois,Alexander,0.469061623117137,1633.911
Gubernatorial,Illinois,State,Illinois,Bond,0.318550555198864,5683.3902
Gubernatorial,Illinois,State,Illinois,Boone,0.467163413814022,17344.9296
Gubernatorial,Illinois,State,Illinois,Brown,0.20895051338353,1750.359
Gubernatorial,Illinois,State,Illinois,Bureau,0.432731801112643,11414.8152
Gubernatorial,Illinois,State,Illinois,Calhoun,0.284601738834028,1906.1082
Gubernatorial,Illinois,State,Illinois,Carroll,0.381097697890947,5590.9596
Gubernatorial,Illinois,State,Illinois,Cass,0.332538361436564,3748.17
Gubernatorial,Illinois,State,Illinois,Champaign,0.666376578199353,63521.6562
Gubernatorial,Illinois,State,Illinois,Christian,0.328854826171009,11138.2512
Gubernatorial,Illinois,State,Illinois,Clark,0.251556337283019,5863.8846
Gubernatorial,Illinois,State,Illinois,Clay,0.175786228723048,4850.0592
Gubernatorial,Illinois,State,Illinois,Clinton,0.265696899275663,13721.9412
Gubernatorial,Illinois,State,Illinois,Coles,0.403260906916592,15357.3078
Gubernatorial,Illinois,State,Illinois,Cook,0.784094390126726,1478651.6094
Gubernatorial,Illinois,State,Illinois,Crawford,0.255661325987583,6386.445
Gubernatorial,Illinois,State,Illinois,Cumberland,0.224023406446121,4138.2708
Gubernatorial,Illinois,State,Illinois,DeKalb,0.57197216790834,33743.7192
Gubernatorial,Illinois,State,Illinois,DeWitt,0.319211297704973,5521.8186
Gubernatorial,Illinois,State,Illinois,Douglas,0.300239803249705,6021.8172
Gubernatorial,Illinois,State,Illinois,DuPage,0.632238262555403,321983.8146
Gubernatorial,Illinois,State,Illinois,Edgar,0.275183637021684,5655.7338
Gubernatorial,Illinois,State,Illinois,Edwards,0.145463740990819,2366.0778
Gubernatorial,Illinois,State,Illinois,Effingham,0.212936916228647,13639.6998
Gubernatorial,Illinois,State,Illinois,Fayette,0.201995289510953,6898.8162
Gubernatorial,Illinois,State,Illinois,Ford,0.296621512334596,4673.2038
Gubernatorial,Illinois,State,Illinois,Franklin,0.273375422656605,12705.2046
Gubernatorial,Illinois,State,Illinois,Fulton,0.442076328002145,11504.3346
Gubernatorial,Illinois,State,Illinois,Gallatin,0.255632628173902,1807.8552
Gubernatorial,Illinois,State,Illinois,Greene,0.251611449344962,4322.4042
Gubernatorial,Illinois,State,Illinois,Grundy,0.421710882516908,19024.692
Gubernatorial,Illinois,State,Illinois,Hamilton,0.210107568874248,3001.4472
Gubernatorial,Illinois,State,Illinois,Hancock,0.261663971365722,6470.8698
Gubernatorial,Illinois,State,Illinois,Hardin,0.217313359603096,1385.0034
Gubernatorial,Illinois,State,Illinois,Henderson,0.359341635463493,2470.881
Gubernatorial,Illinois,State,Illinois,Henry,0.424882845507499,17892.963
Gubernatorial,Illinois,State,Illinois,Iroquois,0.236835201302104,9550.9194
Gubernatorial,Illinois,State,Illinois,Jackson,0.56414359101908,16017.4224
Gubernatorial,Illinois,State,Illinois,Jasper,0.184055754081207,3901.7358
Gubernatorial,Illinois,State,Illinois,Jefferson,0.277364906657836,11957.0262
Gubernatorial,Illinois,State,Illinois,Jersey,0.28653870786631,8369.7
Gubernatorial,Illinois,State,Illinois,Jo Daviess,0.467935090451941,8869.6986
Gubernatorial,Illinois,State,Illinois,Johnson,0.230383548837425,4395.1842
Gubernatorial,Illinois,State,Illinois,Kane,0.610380014145621,159633.4686
Gubernatorial,Illinois,State,Illinois,Kankakee,0.44919546398605,33976.6152
Gubernatorial,Illinois,State,Illinois,Kendall,0.567793943350506,47268.4266
Gubernatorial,Illinois,State,Illinois,Knox,0.502582231468065,15833.289
Gubernatorial,Illinois,State,Illinois,Lake,0.671254730377392,222011.0232
Gubernatorial,Illinois,State,Illinois,LaSalle,0.48233424367358,37660.7388
Gubernatorial,Illinois,State,Illinois,Lawrence,0.232788383296736,4365.3444
Gubernatorial,Illinois,State,Illinois,Lee,0.446435450810281,11488.323
Gubernatorial,Illinois,State,Illinois,Livingston,0.309598391753238,11849.3118
Gubernatorial,Illinois,State,Illinois,Logan,0.33932196071538,8951.94
Gubernatorial,Illinois,State,Illinois,Macon,0.460357585121558,32438.7738
Gubernatorial,Illinois,State,Illinois,Macoupin,0.364223084860658,16708.1046
Gubernatorial,Illinois,State,Illinois,Madison,0.48303739999365,94807.5948
Gubernatorial,Illinois,State,Illinois,Marion,0.278631018749489,12026.895
Gubernatorial,Illinois,State,Illinois,Marshall,0.370310894097637,4390.0896
Gubernatorial,Illinois,State,Illinois,Mason,0.349458507975902,4539.2886
Gubernatorial,Illinois,State,Illinois,Massac,0.27630073655079,4819.4916
Gubernatorial,Illinois,State,Illinois,McDonough,0.428928064048465,8531.9994
Gubernatorial,Illinois,State,Illinois,McHenry,0.54548054129424,115940.7234
Gubernatorial,Illinois,State,Illinois,McLean,0.571981039353961,61706.523
Gubernatorial,Illinois,State,Illinois,Menard,0.353141338230941,4609.1574
Gubernatorial,Illinois,State,Illinois,Mercer,0.41134582114361,5942.487
Gubernatorial,Illinois,State,Illinois,Monroe,0.359622495902355,14940.2784
Gubernatorial,Illinois,State,Illinois,Montgomery,0.336762345849553,9425.7378
Gubernatorial,Illinois,State,Illinois,Morgan,0.380598190220432,10520.349
Gubernatorial,Illinois,State,Illinois,Moultrie,0.291957159446544,4680.4818
Gubernatorial,Illinois,State,Illinois,Ogle,0.402635529143421,18437.3574
Gubernatorial,Illinois,State,Illinois,Peoria,0.573292000804702,56375.388
Gubernatorial,Illinois,State,Illinois,Perry,0.284403207253466,6619.341
Gubernatorial,Illinois,State,Illinois,Piatt,0.405344788978495,6774.3624
Gubernatorial,Illinois,State,Illinois,Pike,0.204477371316492,5376.9864
Gubernatorial,Illinois,State,Illinois,Pope,0.226704106716684,1538.5692
Gubernatorial,Illinois,State,Illinois,Pulaski,0.358103009219199,1711.7856
Gubernatorial,Illinois,State,Illinois,Putnam,0.452559911381069,2378.4504
Gubernatorial,Illinois,State,Illinois,Randolph,0.310661266559235,10251.063
Gubernatorial,Illinois,State,Illinois,Richland,0.247526332356843,5557.4808
Gubernatorial,Illinois,State,Illinois,Rock Island,0.606855780087218,45259.6986
Gubernatorial,Illinois,State,Illinois,Saline,0.275441533639808,7615.6992
Gubernatorial,Illinois,State,Illinois,Sangamon,0.54675503851861,70635.1734
Gubernatorial,Illinois,State,Illinois,Schuyler,0.310132104782664,2679.0318
Gubernatorial,Illinois,State,Illinois,Scott,0.223645185442001,1862.4402
Gubernatorial,Illinois,State,Illinois,Shelby,0.237466187550469,8374.7946
Gubernatorial,Illinois,State,Illinois,St. Clair,0.587566514388812,85483.0212
Gubernatorial,Illinois,State,Illinois,Stark,0.315171261104364,1970.8824
Gubernatorial,Illinois,State,Illinois,Stephenson,0.451602161118347,15010.875
Gubernatorial,Illinois,State,Illinois,Tazewell,0.410776313537376,48599.5728
Gubernatorial,Illinois,State,Illinois,Union,0.32352595772166,5911.1916
Gubernatorial,Illinois,State,Illinois,Vermilion,0.36994493530186,21128.7618
Gubernatorial,Illinois,State,Illinois,Wabash,0.237761683302896,3853.701
Gubernatorial,Illinois,State,Illinois,Warren,0.413914896063269,5305.662
Gubernatorial,Illinois,State,Illinois,Washington,0.244631028739056,5426.4768
Gubernatorial,Illinois,State,Illinois,Wayne,0.137551058313533,5949.0372
Gubernatorial,Illinois,State,Illinois,White,0.207176002904551,5077.1328
Gubernatorial,Illinois,State,Illinois,Whiteside,0.487014024466324,18857.298
Gubernatorial,Illinois,State,Illinois,Will,0.575155196667418,233293.3788
Gubernatorial,Illinois,State,Illinois,Williamson,0.338057314859436,23708.8128
Gubernatorial,Illinois,State,Illinois,Winnebago,0.554788159733739,86753.0322
Gubernatorial,Illinois,State,Illinois,Woodford,0.319774002860626,15134.601
Gubernatorial,Iowa,State,Iowa,Adair,0.314468208665133,2912.6556
Gubernatorial,Iowa,State,Iowa,Adams,0.318650040673793,1523.2854
Gubernatorial,Iowa,State,Iowa,Allamakee,0.373412217129538,5245.2546
Gubernatorial,Iowa,State,Iowa,Appanoose,0.306261739812459,4650.642
Gubernatorial,Iowa,State,Iowa,Audubon,0.350495854833043,2317.3152
Gubernatorial,Iowa,State,Iowa,Benton,0.379372947484352,10398.8064
Gubernatorial,Iowa,State,Iowa,Black Hawk,0.557716895843098,45029.7138
Gubernatorial,Iowa,State,Iowa,Boone,0.441126727613005,10985.4132
Gubernatorial,Iowa,State,Iowa,Bremer,0.438152409751323,10458.486
Gubernatorial,Iowa,State,Iowa,Buchanan,0.405876614854364,7682.6568
Gubernatorial,Iowa,State,Iowa,Buena Vista,0.37932007563381,5403.1872
Gubernatorial,Iowa,State,Iowa,Butler,0.313453585218847,5769.9984
Gubernatorial,Iowa,State,Iowa,Calhoun,0.306099388038564,3665.2008
Gubernatorial,Iowa,State,Iowa,Carroll,0.331997847025899,7981.7826
Gubernatorial,Iowa,State,Iowa,Cass,0.338158208135783,5155.7352
Gubernatorial,Iowa,State,Iowa,Cedar,0.439925647356872,7616.427
Gubernatorial,Iowa,State,Iowa,Cerro Gordo,0.492659843018741,16435.1796
Gubernatorial,Iowa,State,Iowa,Cherokee,0.31090428417967,4373.3502
Gubernatorial,Iowa,State,Iowa,Chickasaw,0.358255632949426,4478.1534
Gubernatorial,Iowa,State,Iowa,Clarke,0.3316457482228,3205.959
Gubernatorial,Iowa,State,Iowa,Clay,0.32529584459006,6123.7092
Gubernatorial,Iowa,State,Iowa,Clayton,0.372684244343223,6748.1616
Gubernatorial,Iowa,State,Iowa,Clinton,0.45518488846107,17056.7208
Gubernatorial,Iowa,State,Iowa,Crawford,0.324262494522422,4703.7714
Gubernatorial,Iowa,State,Iowa,Dallas,0.527997376543863,44960.5728
Gubernatorial,Iowa,State,Iowa,Davis,0.26322351876214,2842.059
Gubernatorial,Iowa,State,Iowa,Decatur,0.30303861782636,2669.5704
Gubernatorial,Iowa,State,Iowa,Delaware,0.344349626857782,7250.3436
Gubernatorial,Iowa,State,Iowa,Des Moines,0.475193541662003,13630.9662
Gubernatorial,Iowa,State,Iowa,Dickinson,0.343102041880677,8058.2016
Gubernatorial,Iowa,State,Iowa,Dubuque,0.508477442550043,37793.9262
Gubernatorial,Iowa,State,Iowa,Emmet,0.32125968769766,3447.5886
Gubernatorial,Iowa,State,Iowa,Fayette,0.393663758335037,7029.8202
Gubernatorial,Iowa,State,Iowa,Floyd,0.419381997514424,5477.4228
Gubernatorial,Iowa,State,Iowa,Franklin,0.333367737562846,3510.9072
Gubernatorial,Iowa,State,Iowa,Fremont,0.317306378614196,2717.6052
Gubernatorial,Iowa,State,Iowa,Greene,0.380764203142066,3503.6292
Gubernatorial,Iowa,State,Iowa,Grundy,0.332247862354504,5106.9726
Gubernatorial,Iowa,State,Iowa,Guthrie,0.353533491075427,4672.476
Gubernatorial,Iowa,State,Iowa,Hamilton,0.379240490017951,5448.3108
Gubernatorial,Iowa,State,Iowa,Hancock,0.301983473580395,4264.1802
Gubernatorial,Iowa,State,Iowa,Hardin,0.351953486011581,6072.0354
Gubernatorial,Iowa,State,Iowa,Harrison,0.331907252313909,5684.8458
Gubernatorial,Iowa,State,Iowa,Henry,0.364235097502344,6866.0652
Gubernatorial,Iowa,State,Iowa,Howard,0.387124888572338,3475.9728
Gubernatorial,Iowa,State,Iowa,Humboldt,0.287656139371704,3643.3668
Gubernatorial,Iowa,State,Iowa,Ida,0.268554455329092,2617.8966
Gubernatorial,Iowa,State,Iowa,Iowa,0.408334698992204,6890.8104
Gubernatorial,Iowa,State,Iowa,Jackson,0.3831258561778,7744.5198
Gubernatorial,Iowa,State,Iowa,Jasper,0.409162603916112,14441.0076
Gubernatorial,Iowa,State,Iowa,Jefferson,0.517336202009418,5925.0198
Gubernatorial,Iowa,State,Iowa,Johnson,0.735339896006413,61814.2374
Gubernatorial,Iowa,State,Iowa,Jones,0.415864969043795,7832.5836
Gubernatorial,Iowa,State,Iowa,Keokuk,0.279576047562584,3703.0464
Gubernatorial,Iowa,State,Iowa,Kossuth,0.319821090382036,6016.7226
Gubernatorial,Iowa,State,Iowa,Lee,0.407086258059496,11507.2458
Gubernatorial,Iowa,State,Iowa,Linn,0.601112023954743,87769.041
Gubernatorial,Iowa,State,Iowa,Louisa,0.337146219017995,3685.5792
Gubernatorial,Iowa,State,Iowa,Lucas,0.297500863280155,3325.3182
Gubernatorial,Iowa,State,Iowa,Lyon,0.176006218770187,5037.8316
Gubernatorial,Iowa,State,Iowa,Madison,0.350551650265625,7184.8416
Gubernatorial,Iowa,State,Iowa,Mahaska,0.278892501671641,7848.5952
Gubernatorial,Iowa,State,Iowa,Marion,0.354606831964771,13986.1326
Gubernatorial,Iowa,State,Iowa,Marshall,0.472368172210849,12335.4822
Gubernatorial,Iowa,State,Iowa,Mills,0.347866217541272,5914.8306
Gubernatorial,Iowa,State,Iowa,Mitchell,0.390459142402489,4133.1762
Gubernatorial,Iowa,State,Iowa,Monona,0.313675293173498,3323.8626
Gubernatorial,Iowa,State,Iowa,Monroe,0.284490727807801,2988.3468
Gubernatorial,Iowa,State,Iowa,Montgomery,0.347607824523603,3634.6332
Gubernatorial,Iowa,State,Iowa,Muscatine,0.475613701253936,14093.1192
Gubernatorial,Iowa,State,Iowa,O'Brien,0.226750492640634,5404.6428
Gubernatorial,Iowa,State,Iowa,Osceola,0.206737197122053,2312.9484
Gubernatorial,Iowa,State,Iowa,Page,0.329936254453513,5249.6214
Gubernatorial,Iowa,State,Iowa,Palo Alto,0.315469932847393,3576.4092
Gubernatorial,Iowa,State,Iowa,Plymouth,0.263957274474934,10018.167
Gubernatorial,Iowa,State,Iowa,Pocahontas,0.264451522625051,2564.0394
Gubernatorial,Iowa,State,Iowa,Polk,0.605858925683434,183634.857
Gubernatorial,Iowa,State,Iowa,Pottawattamie,0.449639216334281,31879.8234
Gubernatorial,Iowa,State,Iowa,Poweshiek,0.465234970662609,7150.635
Gubernatorial,Iowa,State,Iowa,Ringgold,0.280569898294531,1930.8534
Gubernatorial,Iowa,State,Iowa,Sac,0.279142203252352,3922.1142
Gubernatorial,Iowa,State,Iowa,Scott,0.532277554762411,64377.549
Gubernatorial,Iowa,State,Iowa,Shelby,0.326561712051648,4665.9258
Gubernatorial,Iowa,State,Iowa,Sioux,0.167697489778582,13594.5762
Gubernatorial,Iowa,State,Iowa,Story,0.603434603858999,35247.354
Gubernatorial,Iowa,State,Iowa,Tama,0.412794435806812,6149.1822
Gubernatorial,Iowa,State,Iowa,Taylor,0.256243320785693,2217.6066
Gubernatorial,Iowa,State,Iowa,Union,0.363371764236768,4307.1204
Gubernatorial,Iowa,State,Iowa,Van Buren,0.255997460309411,2593.1514
Gubernatorial,Iowa,State,Iowa,Wapello,0.388823428306436,10462.125
Gubernatorial,Iowa,State,Iowa,Warren,0.445529503861137,23433.7044
Gubernatorial,Iowa,State,Iowa,Washington,0.426425426720111,8308.5648
Gubernatorial,Iowa,State,Iowa,Wayne,0.246112452214743,2233.6182
Gubernatorial,Iowa,State,Iowa,Webster,0.390382657527187,12002.1498
Gubernatorial,Iowa,State,Iowa,Winnebago,0.392717174348894,4035.651
Gubernatorial,Iowa,State,Iowa,Winneshiek,0.504888117459714,8550.1944
Gubernatorial,Iowa,State,Iowa,Woodbury,0.433669916437892,30650.5692
Gubernatorial,Iowa,State,Iowa,Worth,0.406221450942872,3073.4994
Gubernatorial,Iowa,State,Iowa,Wright,0.361358478819632,4092.4194
Gubernatorial,Kansas,State,Kansas,Allen,0.307825988662646,3983.9772
Gubernatorial,Kansas,State,Kansas,Anderson,0.232399059004403,2714.694
Gubernatorial,Kansas,State,Kansas,Atchison,0.357217944298066,5176.1136
Gubernatorial,Kansas,State,Kansas,Barber,0.161510200361199,1558.9476
Gubernatorial,Kansas,State,Kansas,Barton,0.250114175252222,7577.8536
Gubernatorial,Kansas,State,Kansas,Bourbon,0.263566245812108,4692.1266
Gubernatorial,Kansas,State,Kansas,Brown,0.298331711628386,3035.6538
Gubernatorial,Kansas,State,Kansas,Butler,0.335957615882739,22981.0128
Gubernatorial,Kansas,State,Kansas,Chase,0.283610063309718,1046.5764
Gubernatorial,Kansas,State,Kansas,Chautauqua,0.167648439901857,1098.978
Gubernatorial,Kansas,State,Kansas,Cherokee,0.270615354642844,6225.6012
Gubernatorial,Kansas,State,Kansas,Cheyenne,0.177333940441763,1012.3698
Gubernatorial,Kansas,State,Kansas,Clark,0.155760004140956,724.8888
Gubernatorial,Kansas,State,Kansas,Clay,0.2544509947344,2923.5726
Gubernatorial,Kansas,State,Kansas,Cloud,0.228126148052873,2900.283
Gubernatorial,Kansas,State,Kansas,Coffey,0.255710880732272,3133.179
Gubernatorial,Kansas,State,Kansas,Comanche,0.181489878480801,623.7246
Gubernatorial,Kansas,State,Kansas,Cowley,0.341750607858824,9664.4562
Gubernatorial,Kansas,State,Kansas,Crawford,0.422762132500505,11673.912
Gubernatorial,Kansas,State,Kansas,Decatur,0.179697261025465,1042.2096
Gubernatorial,Kansas,State,Kansas,Dickinson,0.260153671222771,6552.3834
Gubernatorial,Kansas,State,Kansas,Doniphan,0.211207104386756,2565.495
Gubernatorial,Kansas,State,Kansas,Douglas,0.736909365503738,41561.019
Gubernatorial,Kansas,State,Kansas,Edwards,0.202216410586906,913.389
Gubernatorial,Kansas,State,Kansas,Elk,0.174166797019893,956.3292
Gubernatorial,Kansas,State,Kansas,Ellis,0.308841274634682,9646.2612
Gubernatorial,Kansas,State,Kansas,Ellsworth,0.275108493113028,1975.2492
Gubernatorial,Kansas,State,Kansas,Finney,0.372118291097559,7708.1298
Gubernatorial,Kansas,State,Kansas,Ford,0.352071574385147,5878.4406
Gubernatorial,Kansas,State,Kansas,Franklin,0.34192050511973,9060.3822
Gubernatorial,Kansas,State,Kansas,Geary,0.462805594908376,6522.5436
Gubernatorial,Kansas,State,Kansas,Gove,0.13163422182152,1002.1806
Gubernatorial,Kansas,State,Kansas,Graham,0.19796176670282,920.667
Gubernatorial,Kansas,State,Kansas,Grant,0.214560184143337,1592.4264
Gubernatorial,Kansas,State,Kansas,Gray,0.179455714860202,1572.7758
Gubernatorial,Kansas,State,Kansas,Greeley,0.154228173638905,425.763
Gubernatorial,Kansas,State,Kansas,Greenwood,0.225883308373471,2066.952
Gubernatorial,Kansas,State,Kansas,Hamilton,0.194902231896583,583.6956
Gubernatorial,Kansas,State,Kansas,Harper,0.207307815935421,1826.0502
Gubernatorial,Kansas,State,Kansas,Harvey,0.445011519961843,11494.1454
Gubernatorial,Kansas,State,Kansas,Haskell,0.207756296057623,921.3948
Gubernatorial,Kansas,State,Kansas,Hodgeman,0.171096210643087,693.5934
Gubernatorial,Kansas,State,Kansas,Jackson,0.32864334756596,4625.8968
Gubernatorial,Kansas,State,Kansas,Jefferson,0.359498183602177,7077.1272
Gubernatorial,Kansas,State,Kansas,Jewell,0.137409343444795,1125.1788
Gubernatorial,Kansas,State,Kansas,Johnson,0.595921200893582,245776.6044
Gubernatorial,Kansas,State,Kansas,Kearny,0.180351932916838,927.2172
Gubernatorial,Kansas,State,Kansas,Kingman,0.230392487627217,2818.0416
Gubernatorial,Kansas,State,Kansas,Kiowa,0.165956873899058,794.7576
Gubernatorial,Kansas,State,Kansas,Labette,0.3534419295697,5673.201
Gubernatorial,Kansas,State,Kansas,Lane,0.162571337625242,596.796
Gubernatorial,Kansas,State,Kansas,Leavenworth,0.435682244781878,26045.7786
Gubernatorial,Kansas,State,Kansas,Lincoln,0.200906483913915,1079.3274
Gubernatorial,Kansas,State,Kansas,Linn,0.205544220231632,3600.4266
Gubernatorial,Kansas,State,Kansas,Logan,0.160602867821512,996.3582
Gubernatorial,Kansas,State,Kansas,Lyon,0.478202406965078,9444.6606
Gubernatorial,Kansas,State,Kansas,Marion,0.291250013647377,4178.2998
Gubernatorial,Kansas,State,Kansas,Marshall,0.290801148050893,3529.1022
Gubernatorial,Kansas,State,Kansas,McPherson,0.336846996109753,10070.5686
Gubernatorial,Kansas,State,Kansas,Meade,0.176704676372517,1218.3372
Gubernatorial,Kansas,State,Kansas,Miami,0.345494171783028,13337.6628
Gubernatorial,Kansas,State,Kansas,Mitchell,0.200666089477311,2282.3808
Gubernatorial,Kansas,State,Kansas,Montgomery,0.2814778564364,8894.4438
Gubernatorial,Kansas,State,Kansas,Morris,0.306697938574512,1995.6276
Gubernatorial,Kansas,State,Kansas,Morton,0.151608376930292,756.912
Gubernatorial,Kansas,State,Kansas,Nemaha,0.191294716524026,4034.1954
Gubernatorial,Kansas,State,Kansas,Neosho,0.297709565215626,4844.9646
Gubernatorial,Kansas,State,Kansas,Ness,0.117189706358614,970.8852
Gubernatorial,Kansas,State,Kansas,Norton,0.185647229404356,1621.5384
Gubernatorial,Kansas,State,Kansas,Osage,0.296112317341414,5590.9596
Gubernatorial,Kansas,State,Kansas,Osborne,0.179735322916774,1264.9164
Gubernatorial,Kansas,State,Kansas,Ottawa,0.192558334076203,2147.7378
Gubernatorial,Kansas,State,Kansas,Pawnee,0.278976629976534,1912.6584
Gubernatorial,Kansas,State,Kansas,Phillips,0.148363301653997,1955.5986
Gubernatorial,Kansas,State,Kansas,Pottawatomie,0.300190918946839,9610.599
Gubernatorial,Kansas,State,Kansas,Pratt,0.279199128939074,2917.0224
Gubernatorial,Kansas,State,Kansas,Rawlins,0.154533956816794,997.086
Gubernatorial,Kansas,State,Kansas,Reno,0.372775009586362,19214.6478
Gubernatorial,Kansas,State,Kansas,Republic,0.197042558823542,1744.5366
Gubernatorial,Kansas,State,Kansas,Rice,0.249754879576176,2836.9644
Gubernatorial,Kansas,State,Kansas,Riley,0.56258531205724,17243.7654
Gubernatorial,Kansas,State,Kansas,Rooks,0.167362058282469,1820.9556
Gubernatorial,Kansas,State,Kansas,Rush,0.199322091033086,1149.1962
Gubernatorial,Kansas,State,Kansas,Russell,0.222662359283939,2358.072
Gubernatorial,Kansas,State,Kansas,Saline,0.388907381906478,16596.0234
Gubernatorial,Kansas,State,Kansas,Scott,0.142997331772162,1521.8298
Gubernatorial,Kansas,State,Kansas,Sedgwick,0.483018459998061,153292.1472
Gubernatorial,Kansas,State,Kansas,Seward,0.348912768171285,3265.6386
Gubernatorial,Kansas,State,Kansas,Shawnee,0.556076771631352,58376.1102
Gubernatorial,Kansas,State,Kansas,Sheridan,0.112788596321172,986.169
Gubernatorial,Kansas,State,Kansas,Sherman,0.178626045831668,1848.612
Gubernatorial,Kansas,State,Kansas,Smith,0.181728582467236,1437.405
Gubernatorial,Kansas,State,Kansas,Stafford,0.207063846615619,1363.8972
Gubernatorial,Kansas,State,Kansas,Stanton,0.209828444386577,474.5256
Gubernatorial,Kansas,State,Kansas,Stevens,0.140346464088703,1313.679
Gubernatorial,Kansas,State,Kansas,Sumner,0.286331980922804,7523.2686
Gubernatorial,Kansas,State,Kansas,Thomas,0.19755046161028,2622.9912
Gubernatorial,Kansas,State,Kansas,Trego,0.166272772179193,1134.6402
Gubernatorial,Kansas,State,Kansas,Wabaunsee,0.293625500779552,2736.528
Gubernatorial,Kansas,State,Kansas,Wallace,0.0859179349257816,537.1164
Gubernatorial,Kansas,State,Kansas,Washington,0.178297297845874,1935.2202
Gubernatorial,Kansas,State,Kansas,Wichita,0.152036727893031,616.4466
Gubernatorial,Kansas,State,Kansas,Wilson,0.217049767721236,2577.1398
Gubernatorial,Kansas,State,Kansas,Woodson,0.22491997246131,1082.2386
Gubernatorial,Kansas,State,Kansas,Wyandotte,0.670329782079714,36248.079
Gubernatorial,Maine,State,Maine,Androscoggin,0.513625679204809,41938.7472
Gubernatorial,Maine,State,Maine,Aroostook,0.409557337551832,25579.2588
Gubernatorial,Maine,State,Maine,Cumberland,0.71853343654422,136779.093
Gubernatorial,Maine,State,Maine,Franklin,0.502590821152932,12699.3822
Gubernatorial,Maine,State,Maine,Hancock,0.60385516738339,25740.8304
Gubernatorial,Maine,State,Maine,Kennebec,0.530664392850807,51800.4372
Gubernatorial,Maine,State,Maine,Knox,0.637330315455497,18440.9964
Gubernatorial,Maine,State,Maine,Lincoln,0.60105041676784,17117.1282
Gubernatorial,Maine,State,Maine,Oxford,0.478770583938562,24740.1054
Gubernatorial,Maine,State,Maine,Penobscot,0.488965150707623,62141.7474
Gubernatorial,Maine,State,Maine,Piscataquis,0.392922313625331,7275.8166
Gubernatorial,Maine,State,Maine,Sagadahoc,0.627769463515445,17393.6922
Gubernatorial,Maine,State,Maine,Somerset,0.404771495962308,20349.288
Gubernatorial,Maine,State,Maine,Waldo,0.561756989592021,17813.6328
Gubernatorial,Maine,State,Maine,Washington,0.423754303359796,12928.6392
Gubernatorial,Maine,State,Maine,York,0.596723443921845,94517.2026
Gubernatorial,Maryland,State,Maryland,Allegany,0.359836363882054,22832.5416
Gubernatorial,Maryland,State,Maryland,Anne Arundel,0.636698845829598,218949.1686
Gubernatorial,Maryland,State,Maryland,Baltimore County,0.693429244303588,290769.2004
Gubernatorial,Maryland,State,Maryland,Baltimore City,0.916321905074588,162367.0854
Gubernatorial,Maryland,State,Maryland,Calvert,0.505710331803294,38427.1122
Gubernatorial,Maryland,State,Maryland,Caroline,0.370679544423118,11581.4814
Gubernatorial,Maryland,State,Maryland,Carroll,0.445959059565725,72154.092
Gubernatorial,Maryland,State,Maryland,Cecil,0.413304768069738,37480.9722
Gubernatorial,Maryland,State,Maryland,Charles,0.745221197719652,65210.1522
Gubernatorial,Maryland,State,Maryland,Dorchester,0.476007221023722,11895.1632
Gubernatorial,Maryland,State,Maryland,Frederick,0.600529441134786,110015.7036
Gubernatorial,Maryland,State,Maryland,Garrett,0.266193767267039,11236.5042
Gubernatorial,Maryland,State,Maryland,Harford,0.497881745541499,105897.0834
Gubernatorial,Maryland,State,Maryland,Howard,0.76135455014988,126774.7542
Gubernatorial,Maryland,State,Maryland,Kent,0.570139569201077,7868.9736
Gubernatorial,Maryland,State,Maryland,Montgomery,0.827127789533012,363330.8604
Gubernatorial,Maryland,State,Maryland,Prince George's,0.921135481805042,285331.0788
Gubernatorial,Maryland,State,Maryland,Queen Anne's,0.438183520072823,22906.0494
Gubernatorial,Maryland,State,Maryland,St. Mary's,0.465084454954883,41566.8414
Gubernatorial,Maryland,State,Maryland,Somerset,0.438023311180942,7175.3802
Gubernatorial,Maryland,State,Maryland,Talbot,0.573529971528739,16189.1832
Gubernatorial,Maryland,State,Maryland,Washington,0.441207269547633,51902.3292
Gubernatorial,Maryland,State,Maryland,Wicomico,0.524950464950347,33171.6684
Gubernatorial,Maryland,State,Maryland,Worcester,0.443747730922133,23335.4514
Gubernatorial,Massachusetts,State,Massachusetts,Barnstable,0.653627414068007,105953.124
Gubernatorial,Massachusetts,State,Massachusetts,Berkshire,0.758912153851251,48689.0922
Gubernatorial,Massachusetts,State,Massachusetts,Bristol,0.586969523869225,197948.4996
Gubernatorial,Massachusetts,State,Massachusetts,Dukes,0.811577822504747,8647.7196
Gubernatorial,Massachusetts,State,Massachusetts,Essex,0.669332124784912,285268.488
Gubernatorial,Massachusetts,State,Massachusetts,Franklin,0.75116725878945,29645.4774
Gubernatorial,Massachusetts,State,Massachusetts,Hampden,0.604106040469631,148042.5258
Gubernatorial,Massachusetts,State,Massachusetts,Hampshire,0.766135027046267,59587.1694
Gubernatorial,Massachusetts,State,Massachusetts,Middlesex,0.752180176587624,574662.8742
Gubernatorial,Massachusetts,State,Massachusetts,Nantucket,0.724957807858457,5061.849
Gubernatorial,Massachusetts,State,Massachusetts,Norfolk,0.698756020308725,273077.1102
Gubernatorial,Massachusetts,State,Massachusetts,Plymouth,0.598348265283906,213613.6668
Gubernatorial,Massachusetts,State,Massachusetts,Suffolk,0.824910642107344,210159.528
Gubernatorial,Massachusetts,State,Massachusetts,Worcester,0.612951903826787,298020.9996
Gubernatorial,Michigan,State,Michigan,Alcona,0.328569475460539,5383.5366
Gubernatorial,Michigan,State,Michigan,Alger,0.444604210887659,3778.0098
Gubernatorial,Michigan,State,Michigan,Allegan,0.405379252815035,51559.5354
Gubernatorial,Michigan,State,Michigan,Alpena,0.398258782913206,12376.239
Gubernatorial,Michigan,State,Michigan,Antrim,0.423914601848009,12133.1538
Gubernatorial,Michigan,State,Michigan,Arenac,0.334068406388677,6580.0398
Gubernatorial,Michigan,State,Michigan,Baraga,0.391606168116488,3105.5226
Gubernatorial,Michigan,State,Michigan,Barry,0.367378251356749,27686.2398
Gubernatorial,Michigan,State,Michigan,Bay,0.470982538940098,44074.8402
Gubernatorial,Michigan,State,Michigan,Benzie,0.501924896817624,9224.865
Gubernatorial,Michigan,State,Michigan,Berrien,0.506008688764946,60624.2844
Gubernatorial,Michigan,State,Michigan,Branch,0.323669768843653,15108.4002
Gubernatorial,Michigan,State,Michigan,Calhoun,0.474414043060088,49194.9132
Gubernatorial,Michigan,State,Michigan,Cass,0.370240838490028,20054.529
Gubernatorial,Michigan,State,Michigan,Charlevoix,0.459349189363893,12649.164
Gubernatorial,Michigan,State,Michigan,Cheboygan,0.384802481177833,11787.4488
Gubernatorial,Michigan,State,Michigan,Chippewa,0.420711676110534,13133.151
Gubernatorial,Michigan,State,Michigan,Clare,0.350001659034973,12405.351
Gubernatorial,Michigan,State,Michigan,Clinton,0.502202788807822,35808.4878
Gubernatorial,Michigan,State,Michigan,Crawford,0.370828318235351,6088.047
Gubernatorial,Michigan,State,Michigan,Delta,0.388672208326581,15699.3738
Gubernatorial,Michigan,State,Michigan,Dickinson,0.356749331902421,10980.3186
Gubernatorial,Michigan,State,Michigan,Eaton,0.530036484255271,46694.1924
Gubernatorial,Michigan,State,Michigan,Emmet,0.491064127785225,16353.666
Gubernatorial,Michigan,State,Michigan,Genesee,0.566923253479424,160096.3494
Gubernatorial,Michigan,State,Michigan,Gladwin,0.333591185006345,11142.618
Gubernatorial,Michigan,State,Michigan,Gogebic,0.458646093244222,5959.2264
Gubernatorial,Michigan,State,Michigan,Grand Traverse,0.537177845559959,44950.3836
Gubernatorial,Michigan,State,Michigan,Gratiot,0.383846759835686,14247.4128
Gubernatorial,Michigan,State,Michigan,Hillsdale,0.274874852259681,17835.4668
Gubernatorial,Michigan,State,Michigan,Houghton,0.458677305061156,13873.3236
Gubernatorial,Michigan,State,Michigan,Huron,0.334210884369215,13643.3388
Gubernatorial,Michigan,State,Michigan,Ingham,0.692087506912384,105608.1468
Gubernatorial,Michigan,State,Michigan,Ionia,0.380625646225075,24393.6726
Gubernatorial,Michigan,State,Michigan,Iosco,0.387484285278255,11280.1722
Gubernatorial,Michigan,State,Michigan,Iron,0.394651948951821,5052.3876
Gubernatorial,Michigan,State,Michigan,Isabella,0.507885306109272,22074.9018
Gubernatorial,Michigan,State,Michigan,Jackson,0.436507010369862,60077.7066
Gubernatorial,Michigan,State,Michigan,Kalamazoo,0.633882724951685,104200.5816
Gubernatorial,Michigan,State,Michigan,Kalkaska,0.32108747151732,8264.169
Gubernatorial,Michigan,State,Michigan,Kent,0.572825654183302,265929.3864
Gubernatorial,Michigan,State,Michigan,Keweenaw,0.480720473092049,1154.2908
Gubernatorial,Michigan,State,Michigan,Lake,0.379176775290139,4964.3238
Gubernatorial,Michigan,State,Michigan,Lapeer,0.338402972726632,39836.8608
Gubernatorial,Michigan,State,Michigan,Leelanau,0.584587201389058,12693.5598
Gubernatorial,Michigan,State,Michigan,Lenawee,0.427509383844306,39483.15
Gubernatorial,Michigan,State,Michigan,Livingston,0.422870947900586,95138.016
Gubernatorial,Michigan,State,Michigan,Luce,0.298741270363912,2139.0042
Gubernatorial,Michigan,State,Michigan,Mackinac,0.418073242230789,5204.4978
Gubernatorial,Michigan,State,Michigan,Macomb,0.475850807678662,363635.8086
Gubernatorial,Michigan,State,Michigan,Manistee,0.464371619829917,10958.4846
Gubernatorial,Michigan,State,Michigan,Marquette,0.589611172252092,27892.935
Gubernatorial,Michigan,State,Michigan,Mason,0.436302473210747,12957.0234
Gubernatorial,Michigan,State,Michigan,Mecosta,0.390170590046273,16108.3974
Gubernatorial,Michigan,State,Michigan,Menominee,0.371732800700527,9390.8034
Gubernatorial,Michigan,State,Michigan,Midland,0.468216076042301,36023.9166
Gubernatorial,Michigan,State,Michigan,Missaukee,0.248628550574667,6558.2058
Gubernatorial,Michigan,State,Michigan,Monroe,0.405873181374579,65521.6506
Gubernatorial,Michigan,State,Michigan,Montcalm,0.342317257143129,24973.7292
Gubernatorial,Michigan,State,Michigan,Montmorency,0.307902769078159,4585.8678
Gubernatorial,Michigan,State,Michigan,Muskegon,0.536862836883021,68239.2558
Gubernatorial,Michigan,State,Michigan,Newaygo,0.321481890387279,20932.2558
Gubernatorial,Michigan,State,Michigan,Oakland,0.598873586032188,551170.218
Gubernatorial,Michigan,State,Michigan,Oceana,0.39035041974244,10649.1696
Gubernatorial,Michigan,State,Michigan,Ogemaw,0.326338516251313,9066.2046
Gubernatorial,Michigan,State,Michigan,Ontonagon,0.389016497828378,2759.8176
Gubernatorial,Michigan,State,Michigan,Osceola,0.293187200633915,9435.927
Gubernatorial,Michigan,State,Michigan,Oscoda,0.313860401054084,3733.614
Gubernatorial,Michigan,State,Michigan,Otsego,0.362226692773589,11459.211
Gubernatorial,Michigan,State,Michigan,Ottawa,0.441007345980408,127937.0508
Gubernatorial,Michigan,State,Michigan,Presque Isle,0.395941969937281,6261.9912
Gubernatorial,Michigan,State,Michigan,Roscommon,0.375370826144272,11551.6416
Gubernatorial,Michigan,State,Michigan,Saginaw,0.529400532677926,74546.3706
Gubernatorial,Michigan,State,Michigan,St. Clair,0.365825624416437,69229.0638
Gubernatorial,Michigan,State,Michigan,St. Joseph,0.369326113164511,21000.669
Gubernatorial,Michigan,State,Michigan,Sanilac,0.295410648487457,16766.3286
Gubernatorial,Michigan,State,Michigan,Schoolcraft,0.380220069140706,3513.0906
Gubernatorial,Michigan,State,Michigan,Shiawassee,0.427195804931575,29150.5734
Gubernatorial,Michigan,State,Michigan,Tuscola,0.32107608059477,22071.2628
Gubernatorial,Michigan,State,Michigan,Van Buren,0.468669145900408,29535.5796
Gubernatorial,Michigan,State,Michigan,Washtenaw,0.762496592583314,157201.8888
Gubernatorial,Michigan,State,Michigan,Wayne,0.690873891787289,601084.1976
Gubernatorial,Michigan,State,Michigan,Wexford,0.36586915502315,13967.9376
Gubernatorial,Minnesota,State,Minnesota,Aitkin,0.383575703787838,7470.867
Gubernatorial,Minnesota,State,Minnesota,Anoka,0.520785758022416,148937.7198
Gubernatorial,Minnesota,State,Minnesota,Becker,0.371454988165512,14116.4088
Gubernatorial,Minnesota,State,Minnesota,Beltrami,0.514715487090961,17751.7698
Gubernatorial,Minnesota,State,Minnesota,Benton,0.355904803308375,16261.9632
Gubernatorial,Minnesota,State,Minnesota,Big Stone,0.389833321617601,2008.728
Gubernatorial,Minnesota,State,Minnesota,Blue Earth,0.537254686089541,25879.8402
Gubernatorial,Minnesota,State,Minnesota,Brown,0.359793047236126,10384.2504
Gubernatorial,Minnesota,State,Minnesota,Carlton,0.530483944602864,14803.452
Gubernatorial,Minnesota,State,Minnesota,Carver,0.515968194556801,49093.749
Gubernatorial,Minnesota,State,Minnesota,Cass,0.370173116919823,13871.1402
Gubernatorial,Minnesota,State,Minnesota,Chippewa,0.366134068464103,4513.0878
Gubernatorial,Minnesota,State,Minnesota,Chisago,0.380532540324662,25430.0598
Gubernatorial,Minnesota,State,Minnesota,Clay,0.545855039610995,23352.1908
Gubernatorial,Minnesota,State,Minnesota,Clearwater,0.280173040466203,3452.6832
Gubernatorial,Minnesota,State,Minnesota,Cook,0.715763919152661,2589.5124
Gubernatorial,Minnesota,State,Minnesota,Cottonwood,0.328050530390852,4266.3636
Gubernatorial,Minnesota,State,Minnesota,Crow Wing,0.380876339611706,30273.5688
Gubernatorial,Minnesota,State,Minnesota,Dakota,0.607898733126866,184324.0836
Gubernatorial,Minnesota,State,Minnesota,Dodge,0.376578287203286,8881.3434
Gubernatorial,Minnesota,State,Minnesota,Douglas,0.360985355220948,17950.4592
Gubernatorial,Minnesota,State,Minnesota,Faribault,0.347923922460496,5530.5522
Gubernatorial,Minnesota,State,Minnesota,Fillmore,0.411722950597789,8827.4862
Gubernatorial,Minnesota,State,Minnesota,Freeborn,0.434159075964228,11973.0378
Gubernatorial,Minnesota,State,Minnesota,Goodhue,0.458956070459247,20518.1376
Gubernatorial,Minnesota,State,Minnesota,Grant,0.384054506499707,2513.0934
Gubernatorial,Minnesota,State,Minnesota,Hennepin,0.752089022990683,509426.5212
Gubernatorial,Minnesota,State,Minnesota,Houston,0.459022762186112,8161.5492
Gubernatorial,Minnesota,State,Minnesota,Hubbard,0.380007756943419,9712.491
Gubernatorial,Minnesota,State,Minnesota,Isanti,0.327758173003377,18494.1258
Gubernatorial,Minnesota,State,Minnesota,Itasca,0.43990469782828,19162.974
Gubernatorial,Minnesota,State,Minnesota,Jackson,0.322743592425263,4024.734
Gubernatorial,Minnesota,State,Minnesota,Kanabec,0.321812046270699,6940.3008
Gubernatorial,Minnesota,State,Minnesota,Kandiyohi,0.382522998727045,16614.2184
Gubernatorial,Minnesota,State,Minnesota,Kittson,0.413981589254828,1780.1988
Gubernatorial,Minnesota,State,Minnesota,Koochiching,0.411048751250212,4853.6982
Gubernatorial,Minnesota,State,Minnesota,Lac qui Parle,0.375610313231409,2848.6092
Gubernatorial,Minnesota,State,Minnesota,Lake,0.56300916133312,4948.3122
Gubernatorial,Minnesota,State,Minnesota,Lake of the Woods,0.295991145576691,1684.1292
Gubernatorial,Minnesota,State,Minnesota,Le Sueur,0.368368997971877,12473.7642
Gubernatorial,Minnesota,State,Minnesota,Lincoln,0.345678886471072,2301.3036
Gubernatorial,Minnesota,State,Minnesota,Lyon,0.377744792440735,9231.4152
Gubernatorial,Minnesota,State,Minnesota,Mahnomen,0.499043542031524,1557.492
Gubernatorial,Minnesota,State,Minnesota,Marshall,0.270723772804859,3603.3378
Gubernatorial,Minnesota,State,Minnesota,Martin,0.336511415503263,7724.1414
Gubernatorial,Minnesota,State,Minnesota,McLeod,0.345162638777723,15114.9504
Gubernatorial,Minnesota,State,Minnesota,Meeker,0.319363302946696,9786.7266
Gubernatorial,Minnesota,State,Minnesota,Mille Lacs,0.330012434508361,10876.2432
Gubernatorial,Minnesota,State,Minnesota,Morrison,0.24651796556076,14535.6216
Gubernatorial,Minnesota,State,Minnesota,Mower,0.490016507454653,13543.6302
Gubernatorial,Minnesota,State,Minnesota,Murray,0.321011822223284,3402.465
Gubernatorial,Minnesota,State,Minnesota,Nicollet,0.540854086967585,13814.3718
Gubernatorial,Minnesota,State,Minnesota,Nobles,0.358280481008884,5924.292
Gubernatorial,Minnesota,State,Minnesota,Norman,0.427805422366669,2326.0488
Gubernatorial,Minnesota,State,Minnesota,Olmsted,0.59701305662712,64474.3464
Gubernatorial,Minnesota,State,Minnesota,Otter Tail,0.365574051342141,26221.1784
Gubernatorial,Minnesota,State,Minnesota,Pennington,0.379044501689847,5236.521
Gubernatorial,Minnesota,State,Minnesota,Pine,0.360487759032589,12090.9414
Gubernatorial,Minnesota,State,Minnesota,Pipestone,0.290218770604552,3458.5056
Gubernatorial,Minnesota,State,Minnesota,Polk,0.367809372832153,11010.8862
Gubernatorial,Minnesota,State,Minnesota,Pope,0.378996731616038,5149.185
Gubernatorial,Minnesota,State,Minnesota,Ramsey,0.755249004944738,196834.9656
Gubernatorial,Minnesota,State,Minnesota,Red Lake,0.349070887031092,1504.3626
Gubernatorial,Minnesota,State,Minnesota,Redwood,0.317132245210544,5964.321
Gubernatorial,Minnesota,State,Minnesota,Renville,0.32603746656689,5742.342
Gubernatorial,Minnesota,State,Minnesota,Rice,0.530722884412608,25922.0526
Gubernatorial,Minnesota,State,Minnesota,Rock,0.338311240420681,3839.145
Gubernatorial,Minnesota,State,Minnesota,Roseau,0.284062369449951,6093.1416
Gubernatorial,Minnesota,State,Minnesota,St. Louis,0.611971888584326,84715.92
Gubernatorial,Minnesota,State,Minnesota,Scott,0.500157213374559,64083.5178
Gubernatorial,Minnesota,State,Minnesota,Sherburne,0.361761499709908,41353.596
Gubernatorial,Minnesota,State,Minnesota,Sibley,0.317553840475447,6088.047
Gubernatorial,Minnesota,State,Minnesota,Stearns,0.404908242103631,61689.0558
Gubernatorial,Minnesota,State,Minnesota,Steele,0.416785117120002,14841.2976
Gubernatorial,Minnesota,State,Minnesota,Stevens,0.40364105329297,3668.112
Gubernatorial,Minnesota,State,Minnesota,Swift,0.365732886926537,3608.4324
Gubernatorial,Minnesota,State,Minnesota,Todd,0.260283726705557,9799.0992
Gubernatorial,Minnesota,State,Minnesota,Traverse,0.378870251171598,1282.3836
Gubernatorial,Minnesota,State,Minnesota,Wabasha,0.397346264654997,9638.9832
Gubernatorial,Minnesota,State,Minnesota,Wadena,0.272613779570106,5768.5428
Gubernatorial,Minnesota,State,Minnesota,Waseca,0.374273974616286,7403.1816
Gubernatorial,Minnesota,State,Minnesota,Washington,0.588198086045787,120520.041
Gubernatorial,Minnesota,State,Minnesota,Watonwan,0.39917117801381,3500.718
Gubernatorial,Minnesota,State,Minnesota,Wilkin,0.338846757821381,2384.2728
Gubernatorial,Minnesota,State,Minnesota,Winona,0.51855794236087,19808.5326
Gubernatorial,Minnesota,State,Minnesota,Wright,0.391186570085127,64114.8132
Gubernatorial,Minnesota,State,Minnesota,Yellow Medicine,0.330179377181664,3847.1508
Gubernatorial,Nebraska,State,Nebraska,Adams,0.31355179318929,10318.0206
Gubernatorial,Nebraska,State,Nebraska,Antelope,0.121544325457011,2494.8984
Gubernatorial,Nebraska,State,Nebraska,Arthur,0.0641570714980786,204.5118
Gubernatorial,Nebraska,State,Nebraska,Banner,0.0955394806115274,278.0196
Gubernatorial,Nebraska,State,Nebraska,Blaine,0.136278410073567,208.8786
Gubernatorial,Nebraska,State,Nebraska,Boone,0.180541560373998,2179.761
Gubernatorial,Nebraska,State,Nebraska,Box Butte,0.250602299575494,3544.386
Gubernatorial,Nebraska,State,Nebraska,Boyd,0.133075067255318,778.746
Gubernatorial,Nebraska,State,Nebraska,Brown,0.152723079165785,1185.5862
Gubernatorial,Nebraska,State,Nebraska,Buffalo,0.287960263231976,17066.91
Gubernatorial,Nebraska,State,Nebraska,Burt,0.273111240617191,2630.997
Gubernatorial,Nebraska,State,Nebraska,Butler,0.200986664139713,3310.0344
Gubernatorial,Nebraska,State,Nebraska,Cass,0.334901041517798,11287.4502
Gubernatorial,Nebraska,State,Nebraska,Cedar,0.149811062981684,3524.7354
Gubernatorial,Nebraska,State,Nebraska,Chase,0.129393300372412,1347.8856
Gubernatorial,Nebraska,State,Nebraska,Cherry,0.122527675612385,2209.6008
Gubernatorial,Nebraska,State,Nebraska,Cheyenne,0.171456148802814,3259.8162
Gubernatorial,Nebraska,State,Nebraska,Clay,0.180722999878932,2368.2612
Gubernatorial,Nebraska,State,Nebraska,Colfax,0.228068519518064,2533.4718
Gubernatorial,Nebraska,State,Nebraska,Cuming,0.192996010044446,3204.5034
Gubernatorial,Nebraska,State,Nebraska,Custer,0.150342533843923,4241.6184
Gubernatorial,Nebraska,State,Nebraska,Dakota,0.32141175214556,4398.0954
Gubernatorial,Nebraska,State,Nebraska,Dawes,0.294871223514662,2768.5512
Gubernatorial,Nebraska,State,Nebraska,Dawson,0.233031757182409,6122.9814
Gubernatorial,Nebraska,State,Nebraska,Deuel,0.137618275022764,723.4332
Gubernatorial,Nebraska,State,Nebraska,Dixon,0.214521889305572,2069.8632
Gubernatorial,Nebraska,State,Nebraska,Dodge,0.338279142084736,11811.4662
Gubernatorial,Nebraska,State,Nebraska,Douglas,0.564148800102265,196252.7256
Gubernatorial,Nebraska,State,Nebraska,Dundy,0.115225172205069,673.215
Gubernatorial,Nebraska,State,Nebraska,Fillmore,0.234153875965684,2166.6606
Gubernatorial,Nebraska,State,Nebraska,Franklin,0.158225469264313,1155.0186
Gubernatorial,Nebraska,State,Nebraska,Frontier,0.150071522999208,1017.4644
Gubernatorial,Nebraska,State,Nebraska,Furnas,0.155775431043112,1747.4478
Gubernatorial,Nebraska,State,Nebraska,Gage,0.331033431226366,7834.767
Gubernatorial,Nebraska,State,Nebraska,Garden,0.149071712076229,808.5858
Gubernatorial,Nebraska,State,Nebraska,Garfield,0.126279755869565,734.3502
Gubernatorial,Nebraska,State,Nebraska,Gosper,0.183557557066359,807.858
Gubernatorial,Nebraska,State,Nebraska,Grant,0.0650781421509515,266.3748
Gubernatorial,Nebraska,State,Nebraska,Greeley,0.206085270780665,889.3716
Gubernatorial,Nebraska,State,Nebraska,Hall,0.32075564531836,16391.5116
Gubernatorial,Nebraska,State,Nebraska,Hamilton,0.214225262973511,3990.5274
Gubernatorial,Nebraska,State,Nebraska,Harlan,0.185921107080253,1299.8508
Gubernatorial,Nebraska,State,Nebraska,Hayes,0.0618308095418633,357.3498
Gubernatorial,Nebraska,State,Nebraska,Hitchcock,0.131865155562225,1034.2038
Gubernatorial,Nebraska,State,Nebraska,Holt,0.136404241250075,3922.1142
Gubernatorial,Nebraska,State,Nebraska,Hooker,0.174117530328598,308.5872
Gubernatorial,Nebraska,State,Nebraska,Howard,0.208449807484957,2554.578
Gubernatorial,Nebraska,State,Nebraska,Jefferson,0.279236087074753,2606.9796
Gubernatorial,Nebraska,State,Nebraska,Johnson,0.327710162142883,1543.6638
Gubernatorial,Nebraska,State,Nebraska,Kearney,0.21095553950847,2593.8792
Gubernatorial,Nebraska,State,Nebraska,Keith,0.184916570072263,3018.1866
Gubernatorial,Nebraska,State,Nebraska,Keya Paha,0.107574996661107,395.9232
Gubernatorial,Nebraska,State,Nebraska,Kimball,0.150683975989863,1234.3488
Gubernatorial,Nebraska,State,Nebraska,Knox,0.188802996512214,3187.0362
Gubernatorial,Nebraska,State,Nebraska,Lancaster,0.550980485423842,112974.2106
Gubernatorial,Nebraska,State,Nebraska,Lincoln,0.23823180654843,11834.028
Gubernatorial,Nebraska,State,Nebraska,Logan,0.0741374782597203,315.8652
Gubernatorial,Nebraska,State,Nebraska,Loup,0.179506855604504,310.7706
Gubernatorial,Nebraska,State,Nebraska,Madison,0.2132589811693,11284.539
Gubernatorial,Nebraska,State,Nebraska,McPherson,0.100554314924081,203.0562
Gubernatorial,Nebraska,State,Nebraska,Merrick,0.183454661217495,3115.7118
Gubernatorial,Nebraska,State,Nebraska,Morrill,0.161027960976193,1740.8976
Gubernatorial,Nebraska,State,Nebraska,Nance,0.231861268465837,1320.2292
Gubernatorial,Nebraska,State,Nebraska,Nemaha,0.285587056942081,2443.9524
Gubernatorial,Nebraska,State,Nebraska,Nuckolls,0.17968942462786,1626.633
Gubernatorial,Nebraska,State,Nebraska,Otoe,0.319222902636008,5905.3692
Gubernatorial,Nebraska,State,Nebraska,Pawnee,0.233331400935861,996.3582
Gubernatorial,Nebraska,State,Nebraska,Perkins,0.143748810210244,1026.9258
Gubernatorial,Nebraska,State,Nebraska,Phelps,0.163446846323444,3577.8648
Gubernatorial,Nebraska,State,Nebraska,Pierce,0.120292986913242,2813.6748
Gubernatorial,Nebraska,State,Nebraska,Platte,0.190773566731494,11293.2726
Gubernatorial,Nebraska,State,Nebraska,Polk,0.185158560261374,2035.6566
Gubernatorial,Nebraska,State,Nebraska,Red Willow,0.17538064044884,3836.9616
Gubernatorial,Nebraska,State,Nebraska,Richardson,0.289306151523034,2835.5088
Gubernatorial,Nebraska,State,Nebraska,Rock,0.120390877425924,604.074
Gubernatorial,Nebraska,State,Nebraska,Saline,0.359102284333039,4067.6742
Gubernatorial,Nebraska,State,Nebraska,Sarpy,0.457135428563165,72337.4976
Gubernatorial,Nebraska,State,Nebraska,Saunders,0.280503845478615,9761.2536
Gubernatorial,Nebraska,State,Nebraska,Scotts Bluff,0.269690880676533,10836.2142
Gubernatorial,Nebraska,State,Nebraska,Seward,0.271008869419478,6590.229
Gubernatorial,Nebraska,State,Nebraska,Sheridan,0.160072026580357,1793.2992
Gubernatorial,Nebraska,State,Nebraska,Sherman,0.229500340746082,1216.8816
Gubernatorial,Nebraska,State,Nebraska,Sioux,0.128192852961379,490.5372
Gubernatorial,Nebraska,State,Nebraska,Stanton,0.168455993261821,2203.7784
Gubernatorial,Nebraska,State,Nebraska,Thayer,0.202398548912833,2053.8516
Gubernatorial,Nebraska,State,Nebraska,Thomas,0.114700002125663,285.2976
Gubernatorial,Nebraska,State,Nebraska,Thurston,0.410390862897859,1530.5634
Gubernatorial,Nebraska,State,Nebraska,Valley,0.185978513266196,1655.745
Gubernatorial,Nebraska,State,Nebraska,Washington,0.29464513681487,9019.6254
Gubernatorial,Nebraska,State,Nebraska,Wayne,0.263476549484519,2923.5726
Gubernatorial,Nebraska,State,Nebraska,Webster,0.186395595067818,1270.011
Gubernatorial,Nebraska,State,Nebraska,Wheeler,0.152196922907595,350.0718
Gubernatorial,Nebraska,State,Nebraska,York,0.23567841374706,5008.7196
Gubernatorial,Nevada,State,Nevada,Carson City,0.461106999319065,22014.4944
Gubernatorial,Nevada,State,Nevada,Churchill,0.258557774866669,9564.0198
Gubernatorial,Nevada,State,Nevada,Clark,0.547249154407482,737435.3442
Gubernatorial,Nevada,State,Nevada,Douglas,0.345679432742475,25320.162
Gubernatorial,Nevada,State,Nevada,Elko,0.214939314637389,15999.9552
Gubernatorial,Nevada,State,Nevada,Esmeralda,0.173411432293676,326.7822
Gubernatorial,Nevada,State,Nevada,Eureka,0.0972197437788673,737.9892
Gubernatorial,Nevada,State,Nevada,Humboldt,0.229629097366999,5714.6856
Gubernatorial,Nevada,State,Nevada,Lander,0.179719903131482,1937.4036
Gubernatorial,Nevada,State,Nevada,Lincoln,0.143458360814888,1762.7316
Gubernatorial,Nevada,State,Nevada,Lyon,0.288053397330689,23882.757
Gubernatorial,Nevada,State,Nevada,Mineral,0.360156808412361,1629.5442
Gubernatorial,Nevada,State,Nevada,Nye,0.312042732366428,19290.339
Gubernatorial,Nevada,State,Nevada,Pershing,0.243148951149183,1644.828
Gubernatorial,Nevada,State,Nevada,Storey,0.306887804327736,2198.6838
Gubernatorial,Nevada,State,Nevada,Washoe,0.53004410182353,187418.6892
Gubernatorial,Nevada,State,Nevada,White Pine,0.21420533665934,3090.9666
Gubernatorial,New Hampshire,State,New Hampshire,Belknap,0.418584431310897,29282.3052
Gubernatorial,New Hampshire,State,New Hampshire,Carroll,0.475964848488192,24925.6944
Gubernatorial,New Hampshire,State,New Hampshire,Cheshire,0.548265205054146,32505.0036
Gubernatorial,New Hampshire,State,New Hampshire,Coos,0.426607777173049,12446.1078
Gubernatorial,New Hampshire,State,New Hampshire,Grafton,0.589943116019373,39957.6756
Gubernatorial,New Hampshire,State,New Hampshire,Hillsborough,0.493149417693772,168000.2574
Gubernatorial,New Hampshire,State,New Hampshire,Merrimack,0.513404549939038,66626.451
Gubernatorial,New Hampshire,State,New Hampshire,Rockingham,0.468187897947076,145669.17
Gubernatorial,New Hampshire,State,New Hampshire,Strafford,0.553270330573616,54974.373
Gubernatorial,New Hampshire,State,New Hampshire,Sullivan,0.491472906781729,18050.1678
Gubernatorial,New Mexico,State,New Mexico,Bernalillo,0.647909245704787,220435.3362
Gubernatorial,New Mexico,State,New Mexico,Catron,0.278942678428883,1690.6794
Gubernatorial,New Mexico,State,New Mexico,Chaves,0.307325556866853,15891.513
Gubernatorial,New Mexico,State,New Mexico,Cibola,0.550612544997179,6376.2558
Gubernatorial,New Mexico,State,New Mexico,Colfax,0.470658473424292,4139.7264
Gubernatorial,New Mexico,State,New Mexico,Curry,0.319094208927121,10876.2432
Gubernatorial,New Mexico,State,New Mexico,De Baca,0.273657405815274,622.269
Gubernatorial,New Mexico,State,New Mexico,Doña Ana,0.591903068214654,60793.8618
Gubernatorial,New Mexico,State,New Mexico,Eddy,0.247694693948116,16865.3094
Gubernatorial,New Mexico,State,New Mexico,Grant,0.56841524636675,10102.5918
Gubernatorial,New Mexico,State,New Mexico,Guadalupe,0.546395618913981,1385.7312
Gubernatorial,New Mexico,State,New Mexico,Harding,0.338431875972906,309.315
Gubernatorial,New Mexico,State,New Mexico,Hidalgo,0.423316367261025,1342.791
Gubernatorial,New Mexico,State,New Mexico,Lea,0.215347878849664,15230.6706
Gubernatorial,New Mexico,State,New Mexico,Lincoln,0.34149795031767,7259.805
Gubernatorial,New Mexico,State,New Mexico,Los Alamos,0.693817394212499,8568.3894
Gubernatorial,New Mexico,State,New Mexico,Luna,0.445195420207623,5730.6972
Gubernatorial,New Mexico,State,New Mexico,McKinley,0.665722245314928,18249.585
Gubernatorial,New Mexico,State,New Mexico,Mora,0.628411892646425,1782.3822
Gubernatorial,New Mexico,State,New Mexico,Otero,0.40257647145732,17248.1322
Gubernatorial,New Mexico,State,New Mexico,Quay,0.327623492990006,2638.275
Gubernatorial,New Mexico,State,New Mexico,Rio Arriba,0.639636689279621,11383.5198
Gubernatorial,New Mexico,State,New Mexico,Roosevelt,0.315496863579889,4735.7946
Gubernatorial,New Mexico,State,New Mexico,San Juan,0.376943501613884,37647.6384
Gubernatorial,New Mexico,State,New Mexico,San Miguel,0.680819201553455,7912.6416
Gubernatorial,New Mexico,State,New Mexico,Sandoval,0.571943863062029,56630.118
Gubernatorial,New Mexico,State,New Mexico,Santa Fe,0.780841654491392,59579.1636
Gubernatorial,New Mexico,State,New Mexico,Sierra,0.443521866187231,4224.879
Gubernatorial,New Mexico,State,New Mexico,Socorro,0.523849156375677,5120.073
Gubernatorial,New Mexico,State,New Mexico,Taos,0.775394400754319,11773.6206
Gubernatorial,New Mexico,State,New Mexico,Torrance,0.342750653382057,5112.0672
Gubernatorial,New Mexico,State,New Mexico,Union,0.264601031121198,1182.675
Gubernatorial,New Mexico,State,New Mexico,Valencia,0.458770971924168,23774.3148
Gubernatorial,New York,State,New York,Albany,0.662413145398569,107095.0422
Gubernatorial,New York,State,New York,Allegany,0.307546305239969,14053.0902
Gubernatorial,New York,State,New York,Bronx,0.800635011039445,261894.4632
Gubernatorial,New York,State,New York,Broome,0.521187952563645,65432.859
Gubernatorial,New York,State,New York,Cattaraugus,0.366922679500136,24752.478
Gubernatorial,New York,State,New York,Cayuga,0.458013641099159,26385.6612
Gubernatorial,New York,State,New York,Chautauqua,0.422736047306845,41202.9414
Gubernatorial,New York,State,New York,Chemung,0.424854749279703,27243.7374
Gubernatorial,New York,State,New York,Chenango,0.373983597768637,16354.3938
Gubernatorial,New York,State,New York,Clinton,0.513765387053273,26000.655
Gubernatorial,New York,State,New York,Columbia,0.612791963202099,25883.4792
Gubernatorial,New York,State,New York,Cortland,0.499837909131418,16008.6888
Gubernatorial,New York,State,New York,Delaware,0.425908104843843,16758.3228
Gubernatorial,New York,State,New York,Dutchess,0.559583479240287,110459.6616
Gubernatorial,New York,State,New York,Erie,0.597232420575861,330002.715
Gubernatorial,New York,State,New York,Essex,0.530224525703886,13946.1036
Gubernatorial,New York,State,New York,Franklin,0.476681228896924,14112.042
Gubernatorial,New York,State,New York,Fulton,0.346652177271388,17396.6034
Gubernatorial,New York,State,New York,Genesee,0.352146085511765,20643.3192
Gubernatorial,New York,State,New York,Greene,0.452164940232298,18295.4364
Gubernatorial,New York,State,New York,Hamilton,0.36509928656854,2499.2652
Gubernatorial,New York,State,New York,Herkimer,0.330346266171915,20863.8426
Gubernatorial,New York,State,New York,Jefferson,0.376816576848821,31108.3554
Gubernatorial,New York,State,New York,Kings,0.761829721123481,607879.6662
Gubernatorial,New York,State,New York,Lewis,0.26731427948936,9427.1934
Gubernatorial,New York,State,New York,Livingston,0.412754037946962,22509.3984
Gubernatorial,New York,State,New York,Madison,0.465669287407979,24493.3812
Gubernatorial,New York,State,New York,Monroe,0.619066689543052,262515.2766
Gubernatorial,New York,State,New York,Montgomery,0.386797963554447,15023.2476
Gubernatorial,New York,State,New York,Nassau,0.520278366700733,514220.5398
Gubernatorial,New York,State,New York,New York,0.85635179716364,471398.2434
Gubernatorial,New York,State,New York,Niagara,0.461962396803011,74320.0248
Gubernatorial,New York,State,New York,Oneida,0.414357240049092,72854.2356
Gubernatorial,New York,State,New York,Onondaga,0.61526360577543,165262.2738
Gubernatorial,New York,State,New York,Ontario,0.518278655780892,43479.4998
Gubernatorial,New York,State,New York,Orange,0.50711285475281,127502.5542
Gubernatorial,New York,State,New York,Orleans,0.31009098656616,13118.595
Gubernatorial,New York,State,New York,Oswego,0.401804275926361,39323.7618
Gubernatorial,New York,State,New York,Otsego,0.481049172753684,20587.2786
Gubernatorial,New York,State,New York,Putnam,0.469900958282113,40399.4502
Gubernatorial,New York,State,New York,Queens,0.685490219045283,510850.098
Gubernatorial,New York,State,New York,Rensselaer,0.536535850324975,56964.1782
Gubernatorial,New York,State,New York,Richmond,0.397690328620521,143737.5888
Gubernatorial,New York,State,New York,Rockland,0.501662115507546,108750.0594
Gubernatorial,New York,State,New York,St. Lawrence,0.506588548364889,31971.5262
Gubernatorial,New York,State,New York,Saratoga,0.569768963766313,94803.9558
Gubernatorial,New York,State,New York,Schenectady,0.447317417336805,52189.0824
Gubernatorial,New York,State,New York,Schoharie,0.402576412856347,11622.966
Gubernatorial,New York,State,New York,Schuyler,0.454852499797163,6879.8934
Gubernatorial,New York,State,New York,Seneca,0.432023644054604,10908.9942
Gubernatorial,New York,State,New York,Steuben,0.354664489682643,32889.282
Gubernatorial,New York,State,New York,Suffolk,0.489350615699547,552662.9358
Gubernatorial,New York,State,New York,Sullivan,0.462377526957173,25425.693
Gubernatorial,New York,State,New York,Tioga,0.401229526010054,17812.905
Gubernatorial,New York,State,New York,Tompkins,0.779928328634596,33467.883
Gubernatorial,New York,State,New York,Ulster,0.638301892393617,71118.4326
Gubernatorial,New York,State,New York,Warren,0.514925552821679,25986.099
Gubernatorial,New York,State,New York,Washington,0.430603535867273,20736.4776
Gubernatorial,New York,State,New York,Wayne,0.400428713829376,32272.1076
Gubernatorial,New York,State,New York,Westchester,0.670237458372136,331315.6662
Gubernatorial,New York,State,New York,Wyoming,0.27669465138371,13858.0398
Gubernatorial,New York,State,New York,Yates,0.433550457726483,7641.1722
Gubernatorial,Ohio,State,Ohio,Adams,0.20024534963955,9000.7026
Gubernatorial,Ohio,State,Ohio,Allen,0.320091455903292,33446.049
Gubernatorial,Ohio,State,Ohio,Ashland,0.287629161894425,19219.0146
Gubernatorial,Ohio,State,Ohio,Ashtabula,0.404760211950223,31296.1278
Gubernatorial,Ohio,State,Ohio,Athens,0.603740793425868,18561.0834
Gubernatorial,Ohio,State,Ohio,Auglaize,0.205958241920636,18507.954
Gubernatorial,Ohio,State,Ohio,Belmont,0.303192483060832,22443.8964
Gubernatorial,Ohio,State,Ohio,Brown,0.224185939927454,15521.0628
Gubernatorial,Ohio,State,Ohio,Butler,0.41588766325468,132127.7232
Gubernatorial,Ohio,State,Ohio,Carroll,0.261406764298521,9974.499
Gubernatorial,Ohio,State,Ohio,Champaign,0.283226216357278,14758.3284
Gubernatorial,Ohio,State,Ohio,Clark,0.398562830636452,45305.55
Gubernatorial,Ohio,State,Ohio,Clermont,0.365207908324692,82309.8132
Gubernatorial,Ohio,State,Ohio,Clinton,0.262115877938335,15005.0526
Gubernatorial,Ohio,State,Ohio,Columbiana,0.293398951043343,34694.9538
Gubernatorial,Ohio,State,Ohio,Coshocton,0.275464038433358,11788.1766
Gubernatorial,Ohio,State,Ohio,Crawford,0.271470442206194,14617.863
Gubernatorial,Ohio,State,Ohio,Cuyahoga,0.702692140736694,415974.09
Gubernatorial,Ohio,State,Ohio,Darke,0.201670645918877,19517.4126
Gubernatorial,Ohio,State,Ohio,Defiance,0.343018604365744,13805.6382
Gubernatorial,Ohio,State,Ohio,Delaware,0.51751668490604,96146.019
Gubernatorial,Ohio,State,Ohio,Erie,0.478956320806897,28649.1192
Gubernatorial,Ohio,State,Ohio,Fairfield,0.427592125706895,60912.4932
Gubernatorial,Ohio,State,Ohio,Fayette,0.259334383863614,9082.2162
Gubernatorial,Ohio,State,Ohio,Franklin,0.688660589744177,430383.0744
Gubernatorial,Ohio,State,Ohio,Fulton,0.329539616483849,16205.9226
Gubernatorial,Ohio,State,Ohio,Gallia,0.235467990859243,9392.9868
Gubernatorial,Ohio,State,Ohio,Geauga,0.427295762759755,39627.2544
Gubernatorial,Ohio,State,Ohio,Greene,0.449481623112934,64755.2772
Gubernatorial,Ohio,State,Ohio,Guernsey,0.276605806746153,12713.2104
Gubernatorial,Ohio,State,Ohio,Hamilton,0.6239507949635,295286.655
Gubernatorial,Ohio,State,Ohio,Hancock,0.350409956549354,27306.3282
Gubernatorial,Ohio,State,Ohio,Hardin,0.261460432246703,9296.9172
Gubernatorial,Ohio,State,Ohio,Harrison,0.258379798610424,5125.8954
Gubernatorial,Ohio,State,Ohio,Henry,0.30562753368246,10755.4284
Gubernatorial,Ohio,State,Ohio,Highland,0.213753441386861,14467.2084
Gubernatorial,Ohio,State,Ohio,Hocking,0.3192627944994,9740.1474
Gubernatorial,Ohio,State,Ohio,Holmes,0.1795296813419,8906.8164
Gubernatorial,Ohio,State,Ohio,Huron,0.320420383596585,19636.044
Gubernatorial,Ohio,State,Ohio,Jackson,0.243410019385219,10336.2156
Gubernatorial,Ohio,State,Ohio,Jefferson,0.320574329010806,22495.5702
Gubernatorial,Ohio,State,Ohio,Knox,0.315641388929357,23151.318
Gubernatorial,Ohio,State,Ohio,Lake,0.477982444231567,92727.5424
Gubernatorial,Ohio,State,Ohio,Lawrence,0.285152553075507,19306.3506
Gubernatorial,Ohio,State,Ohio,Licking,0.396049101727761,68552.2098
Gubernatorial,Ohio,State,Ohio,Logan,0.253085148970564,16891.5102
Gubernatorial,Ohio,State,Ohio,Lorain,0.521943260627165,114631.4112
Gubernatorial,Ohio,State,Ohio,Lucas,0.612605058198114,137348.9604
Gubernatorial,Ohio,State,Ohio,Madison,0.322079077291065,14883.51
Gubernatorial,Ohio,State,Ohio,Mahoning,0.50327464582384,81429.903
Gubernatorial,Ohio,State,Ohio,Marion,0.335057152077961,19738.6638
Gubernatorial,Ohio,State,Ohio,Medina,0.423654500045411,77204.2962
Gubernatorial,Ohio,State,Ohio,Meigs,0.24928255959758,7517.4462
Gubernatorial,Ohio,State,Ohio,Mercer,0.193756915289202,17157.885
Gubernatorial,Ohio,State,Ohio,Miami,0.314400220666687,42682.5588
Gubernatorial,Ohio,State,Ohio,Monroe,0.232795258458893,4899.5496
Gubernatorial,Ohio,State,Ohio,Montgomery,0.553025544497047,183647.9574
Gubernatorial,Ohio,State,Ohio,Morgan,0.27004063162592,4896.6384
Gubernatorial,Ohio,State,Ohio,Morrow,0.255923116206275,13616.4102
Gubernatorial,Ohio,State,Ohio,Muskingum,0.321326449161676,28399.4838
Gubernatorial,Ohio,State,Ohio,Noble,0.205987927403579,4453.4082
Gubernatorial,Ohio,State,Ohio,Ottawa,0.422169664509938,17276.5164
Gubernatorial,Ohio,State,Ohio,Paulding,0.252657618829137,6688.482
Gubernatorial,Ohio,State,Ohio,Perry,0.262827755973634,12272.1636
Gubernatorial,Ohio,State,Ohio,Pickaway,0.29555416675629,21109.1112
Gubernatorial,Ohio,State,Ohio,Pike,0.267941760105099,8839.131
Gubernatorial,Ohio,State,Ohio,Portage,0.471852053211914,59999.832
Gubernatorial,Ohio,State,Ohio,Preble,0.236888235865769,15639.6942
Gubernatorial,Ohio,State,Ohio,Putnam,0.181340125025054,14244.5016
Gubernatorial,Ohio,State,Ohio,Richland,0.329914853887254,42131.6142
Gubernatorial,Ohio,State,Ohio,Ross,0.346070823664518,23760.4866
Gubernatorial,Ohio,State,Ohio,Sandusky,0.391526061661708,21433.71
Gubernatorial,Ohio,State,Ohio,Scioto,0.299623654161386,22561.0722
Gubernatorial,Ohio,State,Ohio,Seneca,0.355653357596462,18199.3668
Gubernatorial,Ohio,State,Ohio,Shelby,0.204483410770549,18260.502
Gubernatorial,Ohio,State,Ohio,Stark,0.438685875410763,132872.9904
Gubernatorial,Ohio,State,Ohio,Summit,0.585303688693032,197171.937
Gubernatorial,Ohio,State,Ohio,Trumbull,0.465342294599622,69680.2998
Gubernatorial,Ohio,State,Ohio,Tuscarawas,0.324811995363832,31065.4152
Gubernatorial,Ohio,State,Ohio,Union,0.397938881048354,26867.4648
Gubernatorial,Ohio,State,Ohio,Van Wert,0.240418282154844,10637.5248
Gubernatorial,Ohio,State,Ohio,Vinton,0.240231548226157,4148.46
Gubernatorial,Ohio,State,Ohio,Warren,0.387921345556664,100625.628
Gubernatorial,Ohio,State,Ohio,Washington,0.322307349298037,22387.8558
Gubernatorial,Ohio,State,Ohio,Wayne,0.346390736405716,38327.4036
Gubernatorial,Ohio,State,Ohio,Williams,0.297164492791969,13176.819
Gubernatorial,Ohio,State,Ohio,Wood,0.499381507793751,48684.7254
Gubernatorial,Ohio,State,Ohio,Wyandot,0.280998114518955,8220.501
Gubernatorial,Oklahoma,State,Oklahoma,Adair,0.224141639964276,5203.0422
Gubernatorial,Oklahoma,State,Oklahoma,Alfalfa,0.140826990740537,1548.0306
Gubernatorial,Oklahoma,State,Oklahoma,Atoka,0.174737939986743,4083.6858
Gubernatorial,Oklahoma,State,Oklahoma,Beaver,0.0967188373732726,1525.4688
Gubernatorial,Oklahoma,State,Oklahoma,Beckham,0.18149121623172,5507.2626
Gubernatorial,Oklahoma,State,Oklahoma,Blaine,0.223940765423191,2711.055
Gubernatorial,Oklahoma,State,Oklahoma,Bryan,0.250845245677887,12785.9904
Gubernatorial,Oklahoma,State,Oklahoma,Caddo,0.315265902347243,6768.54
Gubernatorial,Oklahoma,State,Oklahoma,Canadian,0.353415076946981,52102.4742
Gubernatorial,Oklahoma,State,Oklahoma,Carter,0.273182788501309,13989.7716
Gubernatorial,Oklahoma,State,Oklahoma,Cherokee,0.39669193809934,12709.5714
Gubernatorial,Oklahoma,State,Oklahoma,Choctaw,0.211110820282289,4058.9406
Gubernatorial,Oklahoma,State,Oklahoma,Cimarron,0.0915639738933743,673.9428
Gubernatorial,Oklahoma,State,Oklahoma,Cleveland,0.491286847336032,84902.9646
Gubernatorial,Oklahoma,State,Oklahoma,Coal,0.173731251215524,1819.5
Gubernatorial,Oklahoma,State,Oklahoma,Comanche,0.447141588004268,24487.5588
Gubernatorial,Oklahoma,State,Oklahoma,Cotton,0.199407653916048,1789.6602
Gubernatorial,Oklahoma,State,Oklahoma,Craig,0.251397238464161,4331.8656
Gubernatorial,Oklahoma,State,Oklahoma,Creek,0.26581233741172,22373.2998
Gubernatorial,Oklahoma,State,Oklahoma,Custer,0.280096497885736,7257.6216
Gubernatorial,Oklahoma,State,Oklahoma,Delaware,0.240575188418394,13014.5196
Gubernatorial,Oklahoma,State,Oklahoma,Dewey,0.121538076797963,1596.0654
Gubernatorial,Oklahoma,State,Oklahoma,Ellis,0.140330834870228,1296.9396
Gubernatorial,Oklahoma,State,Oklahoma,Garfield,0.277355495333421,15605.4876
Gubernatorial,Oklahoma,State,Oklahoma,Garvin,0.207064432016046,7907.547
Gubernatorial,Oklahoma,State,Oklahoma,Grady,0.226213063474276,18132.4092
Gubernatorial,Oklahoma,State,Oklahoma,Grant,0.177608245574847,1520.3742
Gubernatorial,Oklahoma,State,Oklahoma,Greer,0.209009180323202,1320.957
Gubernatorial,Oklahoma,State,Oklahoma,Harmon,0.234097178038287,636.0972
Gubernatorial,Oklahoma,State,Oklahoma,Harper,0.130708163306629,1041.4818
Gubernatorial,Oklahoma,State,Oklahoma,Haskell,0.184937373263743,3547.2972
Gubernatorial,Oklahoma,State,Oklahoma,Hughes,0.22571114005731,3329.685
Gubernatorial,Oklahoma,State,Oklahoma,Jackson,0.250506693957053,5747.4366
Gubernatorial,Oklahoma,State,Oklahoma,Jefferson,0.171779092132002,1702.3242
Gubernatorial,Oklahoma,State,Oklahoma,Johnston,0.206025279878587,3017.4588
Gubernatorial,Oklahoma,State,Oklahoma,Kay,0.303212309865875,12095.3082
Gubernatorial,Oklahoma,State,Oklahoma,Kingfisher,0.174240810705036,4852.9704
Gubernatorial,Oklahoma,State,Oklahoma,Kiowa,0.251716965611526,2348.6106
Gubernatorial,Oklahoma,State,Oklahoma,Latimer,0.21042730024037,2938.1286
Gubernatorial,Oklahoma,State,Oklahoma,LeFlore,0.214286549184721,13476.6726
Gubernatorial,Oklahoma,State,Oklahoma,Lincoln,0.221826990785661,11067.6546
Gubernatorial,Oklahoma,State,Oklahoma,Logan,0.303949651411197,17211.7422
Gubernatorial,Oklahoma,State,Oklahoma,Love,0.204966293155027,3056.0322
Gubernatorial,Oklahoma,State,Oklahoma,McClain,0.237415444259522,15310.0008
Gubernatorial,Oklahoma,State,Oklahoma,McCurtain,0.190178924654998,8137.5318
Gubernatorial,Oklahoma,State,Oklahoma,McIntosh,0.284849260521122,6058.2072
Gubernatorial,Oklahoma,State,Oklahoma,Major,0.122130931612696,2484.7092
Gubernatorial,Oklahoma,State,Oklahoma,Marshall,0.223049503506147,4743.0726
Gubernatorial,Oklahoma,State,Oklahoma,Mayes,0.255380156660894,12403.8954
Gubernatorial,Oklahoma,State,Oklahoma,Murray,0.232246889894185,4198.6782
Gubernatorial,Oklahoma,State,Oklahoma,Muskogee,0.369977106903382,17430.81
Gubernatorial,Oklahoma,State,Oklahoma,Noble,0.255916650658306,3538.5636
Gubernatorial,Oklahoma,State,Oklahoma,Nowata,0.20035958970488,3270.7332
Gubernatorial,Oklahoma,State,Oklahoma,Okfuskee,0.266948029505428,2863.1652
Gubernatorial,Oklahoma,State,Oklahoma,Oklahoma,0.559281052329308,205521.2586
Gubernatorial,Oklahoma,State,Oklahoma,Okmulgee,0.340983649622474,10246.6962
Gubernatorial,Oklahoma,State,Oklahoma,Osage,0.348515377114298,14753.2338
Gubernatorial,Oklahoma,State,Oklahoma,Ottawa,0.279767163588234,8006.5278
Gubernatorial,Oklahoma,State,Oklahoma,Pawnee,0.247697190387195,4919.928
Gubernatorial,Oklahoma,State,Oklahoma,Payne,0.435709350290663,20758.3116
Gubernatorial,Oklahoma,State,Oklahoma,Pittsburg,0.247866162003334,12601.1292
Gubernatorial,Oklahoma,State,Oklahoma,Pontotoc,0.318080740973405,10816.5636
Gubernatorial,Oklahoma,State,Oklahoma,Pottawatomie,0.313314354893341,20510.1318
Gubernatorial,Oklahoma,State,Oklahoma,Pushmataha,0.167361678320258,3377.7198
Gubernatorial,Oklahoma,State,Oklahoma,Roger Mills,0.119523086380364,1243.0824
Gubernatorial,Oklahoma,State,Oklahoma,Rogers,0.270470669085692,33542.8464
Gubernatorial,Oklahoma,State,Oklahoma,Seminole,0.300981977863857,5751.0756
Gubernatorial,Oklahoma,State,Oklahoma,Sequoyah,0.234101353721707,11206.6644
Gubernatorial,Oklahoma,State,Oklahoma,Stephens,0.219730817116519,13339.1184
Gubernatorial,Oklahoma,State,Oklahoma,Texas,0.194291113296926,3720.5136
Gubernatorial,Oklahoma,State,Oklahoma,Tillman,0.246624136488441,1823.8668
Gubernatorial,Oklahoma,State,Oklahoma,Tulsa,0.489657928602972,182929.6188
Gubernatorial,Oklahoma,State,Oklahoma,Wagoner,0.300772549703365,27523.2126
Gubernatorial,Oklahoma,State,Oklahoma,Washington,0.31125082084148,16469.3862
Gubernatorial,Oklahoma,State,Oklahoma,Washita,0.152232718824945,3334.0518
Gubernatorial,Oklahoma,State,Oklahoma,Woods,0.214389288094175,2597.5182
Gubernatorial,Oklahoma,State,Oklahoma,Woodward,0.169313204548501,5238.7044
Gubernatorial,Oregon,State,Oregon,Baker,0.253691881417673,6843.5034
Gubernatorial,Oregon,State,Oregon,Benton,0.722044152200425,35004.2688
Gubernatorial,Oregon,State,Oregon,Clackamas,0.563406716654309,172464.5826
Gubernatorial,Oregon,State,Oregon,Clatsop,0.596161055218399,16336.1988
Gubernatorial,Oregon,State,Oregon,Columbia,0.453932697211365,21922.7916
Gubernatorial,Oregon,State,Oregon,Coos,0.416315005697584,25167.324
Gubernatorial,Oregon,State,Oregon,Crook,0.239896398020654,11534.1744
Gubernatorial,Oregon,State,Oregon,Curry,0.442206733593444,9997.7886
Gubernatorial,Oregon,State,Oregon,Deschutes,0.568692079972539,89488.8324
Gubernatorial,Oregon,State,Oregon,Douglas,0.316217661299835,43629.4266
Gubernatorial,Oregon,State,Oregon,Gilliam,0.25792654362209,797.6688
Gubernatorial,Oregon,State,Oregon,Grant,0.203895371776298,3133.9068
Gubernatorial,Oregon,State,Oregon,Harney,0.193798028328829,2986.8912
Gubernatorial,Oregon,State,Oregon,Hood River,0.700779566555296,8892.2604
Gubernatorial,Oregon,State,Oregon,Jackson,0.493551667039713,84285.0624
Gubernatorial,Oregon,State,Oregon,Jefferson,0.353842449577688,8293.281
Gubernatorial,Oregon,State,Oregon,Josephine,0.371492928562367,34975.8846
Gubernatorial,Oregon,State,Oregon,Klamath,0.285405888322715,25131.6618
Gubernatorial,Oregon,State,Oregon,Lake,0.163277847360595,2985.4356
Gubernatorial,Oregon,State,Oregon,Lane,0.646863204218976,147853.2978
Gubernatorial,Oregon,State,Oregon,Lincoln,0.629376524964007,20929.3446
Gubernatorial,Oregon,State,Oregon,Linn,0.386142994679325,50092.2906
Gubernatorial,Oregon,State,Oregon,Malheur,0.264557501212124,7710.3132
Gubernatorial,Oregon,State,Oregon,Marion,0.506337534825826,109940.7402
Gubernatorial,Oregon,State,Oregon,Morrow,0.236361708902493,3308.5788
Gubernatorial,Oregon,State,Oregon,Multnomah,0.836443097387549,288708.0708
Gubernatorial,Oregon,State,Oregon,Polk,0.500348375496467,33334.6956
Gubernatorial,Oregon,State,Oregon,Sherman,0.192758550071313,817.3194
Gubernatorial,Oregon,State,Oregon,Tillamook,0.52255276602991,11439.5604
Gubernatorial,Oregon,State,Oregon,Umatilla,0.308578811339659,21997.0272
Gubernatorial,Oregon,State,Oregon,Union,0.299576050280526,10224.8622
Gubernatorial,Oregon,State,Oregon,Wallowa,0.334358490370893,3594.6042
Gubernatorial,Oregon,State,Oregon,Wasco,0.489785335767446,9392.9868
Gubernatorial,Oregon,State,Oregon,Washington,0.687824509507783,207861.8634
Gubernatorial,Oregon,State,Oregon,Wheeler,0.259767492959752,602.6184
Gubernatorial,Oregon,State,Oregon,Yamhill,0.488231285737864,40427.1066
Gubernatorial,Pennsylvania,State,Pennsylvania,Adams,0.444218948935322,43733.502
Gubernatorial,Pennsylvania,State,Pennsylvania,Allegheny,0.720087164832364,519293.3058
Gubernatorial,Pennsylvania,State,Pennsylvania,Armstrong,0.356433544980777,26818.7022
Gubernatorial,Pennsylvania,State,Pennsylvania,Beaver,0.536148409355669,68437.2174
Gubernatorial,Pennsylvania,State,Pennsylvania,Bedford,0.235113728086173,20374.0332
Gubernatorial,Pennsylvania,State,Pennsylvania,Berks,0.555676972166366,151238.2956
Gubernatorial,Pennsylvania,State,Pennsylvania,Blair,0.388023319133321,46927.8162
Gubernatorial,Pennsylvania,State,Pennsylvania,Bradford,0.354683436910653,22508.6706
Gubernatorial,Pennsylvania,State,Pennsylvania,Bucks,0.627127348468415,289047.9534
Gubernatorial,Pennsylvania,State,Pennsylvania,Butler,0.463718151828396,87651.8652
Gubernatorial,Pennsylvania,State,Pennsylvania,Cambria,0.433685880242549,51371.763
Gubernatorial,Pennsylvania,State,Pennsylvania,Cameron,0.366556176371701,1595.3376
Gubernatorial,Pennsylvania,State,Pennsylvania,Carbon,0.446005349188793,25547.2356
Gubernatorial,Pennsylvania,State,Pennsylvania,Centre,0.622162265575969,58186.1544
Gubernatorial,Pennsylvania,State,Pennsylvania,Chester,0.67142247280633,234045.924
Gubernatorial,Pennsylvania,State,Pennsylvania,Clarion,0.354744219725064,14263.4244
Gubernatorial,Pennsylvania,State,Pennsylvania,Clearfield,0.355720533905113,29205.1584
Gubernatorial,Pennsylvania,State,Pennsylvania,Clinton,0.41059383203355,13362.408
Gubernatorial,Pennsylvania,State,Pennsylvania,Columbia,0.454969004057388,23488.2894
Gubernatorial,Pennsylvania,State,Pennsylvania,Crawford,0.41982764760778,30962.7954
Gubernatorial,Pennsylvania,State,Pennsylvania,Cumberland,0.572028662333969,106638.7116
Gubernatorial,Pennsylvania,State,Pennsylvania,Dauphin,0.643419178771232,107569.5678
Gubernatorial,Pennsylvania,State,Pennsylvania,Delaware,0.719297631926506,236349.411
Gubernatorial,Pennsylvania,State,Pennsylvania,Elk,0.382682021290303,12391.5228
Gubernatorial,Pennsylvania,State,Pennsylvania,Erie,0.630812861440439,99215.1516
Gubernatorial,Pennsylvania,State,Pennsylvania,Fayette,0.451127978134663,45983.1318
Gubernatorial,Pennsylvania,State,Pennsylvania,Forest,0.401770943711144,1911.2028
Gubernatorial,Pennsylvania,State,Pennsylvania,Franklin,0.373973165153147,60514.3866
Gubernatorial,Pennsylvania,State,Pennsylvania,Fulton,0.201807423239521,5925.0198
Gubernatorial,Pennsylvania,State,Pennsylvania,Greene,0.413022383372496,12307.8258
Gubernatorial,Pennsylvania,State,Pennsylvania,Huntingdon,0.334365303603858,16735.761
Gubernatorial,Pennsylvania,State,Pennsylvania,Indiana,0.428449919146836,30503.5536
Gubernatorial,Pennsylvania,State,Pennsylvania,Jefferson,0.308746087507193,16697.1876
Gubernatorial,Pennsylvania,State,Pennsylvania,Juniata,0.301646543746603,8741.6058
Gubernatorial,Pennsylvania,State,Pennsylvania,Lackawanna,0.646762045283874,84258.1338
Gubernatorial,Pennsylvania,State,Pennsylvania,Lancaster,0.52920079248373,208427.364
Gubernatorial,Pennsylvania,State,Pennsylvania,Lawrence,0.469013465560785,34051.5786
Gubernatorial,Pennsylvania,State,Pennsylvania,Lebanon,0.457249353513121,53141.0448
Gubernatorial,Pennsylvania,State,Pennsylvania,Lehigh,0.630533488969244,136479.9672
Gubernatorial,Pennsylvania,State,Pennsylvania,Luzerne,0.532846605633089,112771.1544
Gubernatorial,Pennsylvania,State,Pennsylvania,Lycoming,0.38301705468238,43069.0206
Gubernatorial,Pennsylvania,State,Pennsylvania,McKean,0.343113668956082,14203.7448
Gubernatorial,Pennsylvania,State,Pennsylvania,Mercer,0.44952514698655,42143.9868
Gubernatorial,Pennsylvania,State,Pennsylvania,Mifflin,0.327558841869274,15952.6482
Gubernatorial,Pennsylvania,State,Pennsylvania,Monroe,0.596828823065587,61632.2874
Gubernatorial,Pennsylvania,State,Pennsylvania,Montgomery,0.726086572212141,375118.3092
Gubernatorial,Pennsylvania,State,Pennsylvania,Montour,0.50881374141236,7136.8068
Gubernatorial,Pennsylvania,State,Pennsylvania,Northampton,0.603275456662893,128436.3216
Gubernatorial,Pennsylvania,State,Pennsylvania,Northumberland,0.414792569653356,31370.3634
Gubernatorial,Pennsylvania,State,Pennsylvania,Perry,0.36940241794093,18528.3324
Gubernatorial,Pennsylvania,State,Pennsylvania,Philadelphia,0.875668662753426,518835.5196
Gubernatorial,Pennsylvania,State,Pennsylvania,Pike,0.466354235597926,25232.0982
Gubernatorial,Pennsylvania,State,Pennsylvania,Potter,0.255298470121856,6556.7502
Gubernatorial,Pennsylvania,State,Pennsylvania,Schuylkill,0.413422629236051,52799.7066
Gubernatorial,Pennsylvania,State,Pennsylvania,Snyder,0.356876255401553,14485.4034
Gubernatorial,Pennsylvania,State,Pennsylvania,Somerset,0.316716856980894,29540.6742
Gubernatorial,Pennsylvania,State,Pennsylvania,Sullivan,0.374183609740552,2690.6766
Gubernatorial,Pennsylvania,State,Pennsylvania,Susquehanna,0.373873634348935,16162.2546
Gubernatorial,Pennsylvania,State,Pennsylvania,Tioga,0.313744484722353,15554.5416
Gubernatorial,Pennsylvania,State,Pennsylvania,Union,0.479734235612204,15272.1552
Gubernatorial,Pennsylvania,State,Pennsylvania,Venango,0.405163341290721,19291.7946
Gubernatorial,Pennsylvania,State,Pennsylvania,Warren,0.413816328339018,14961.3846
Gubernatorial,Pennsylvania,State,Pennsylvania,Washington,0.510554287197316,87946.6242
Gubernatorial,Pennsylvania,State,Pennsylvania,Wayne,0.415198395021684,21267.0438
Gubernatorial,Pennsylvania,State,Pennsylvania,Westmoreland,0.491064141662383,152773.9536
Gubernatorial,Pennsylvania,State,Pennsylvania,Wyoming,0.425292485860052,10845.6756
Gubernatorial,Pennsylvania,State,Pennsylvania,York,0.491016792408292,179628.318
Gubernatorial,Rhode Island,State,Rhode Island,Bristol,0.689988455219126,20018.8668
Gubernatorial,Rhode Island,State,Rhode Island,Kent,0.589379391438867,66080.601
Gubernatorial,Rhode Island,State,Rhode Island,Newport,0.686074256422565,31556.6802
Gubernatorial,Rhode Island,State,Rhode Island,Providence,0.649204814277355,191080.251
Gubernatorial,Rhode Island,State,Rhode Island,Washington,0.646056227606287,53737.8408
Gubernatorial,South Carolina,State,South Carolina,Abbeville,0.332251985564234,8666.6424
Gubernatorial,South Carolina,State,South Carolina,Aiken,0.421109692960909,61782.942
Gubernatorial,South Carolina,State,South Carolina,Allendale,0.768359386189842,2167.3884
Gubernatorial,South Carolina,State,South Carolina,Anderson,0.304789077836621,70675.9302
Gubernatorial,South Carolina,State,South Carolina,Bamberg,0.629791604508615,4090.9638
Gubernatorial,South Carolina,State,South Carolina,Barnwell,0.475657749049899,7050.1986
Gubernatorial,South Carolina,State,South Carolina,Beaufort,0.481069308205431,75054.375
Gubernatorial,South Carolina,State,South Carolina,Berkeley,0.471610461316461,80926.2654
Gubernatorial,South Carolina,State,South Carolina,Calhoun,0.481761707713559,5686.3014
Gubernatorial,South Carolina,State,South Carolina,Charleston,0.583024703062937,153341.6376
Gubernatorial,South Carolina,State,South Carolina,Cherokee,0.283493857725944,17930.0808
Gubernatorial,South Carolina,State,South Carolina,Chester,0.467048013426602,11195.7474
Gubernatorial,South Carolina,State,South Carolina,Chesterfield,0.410100757277117,13247.4156
Gubernatorial,South Carolina,State,South Carolina,Clarendon,0.492554692973723,11738.6862
Gubernatorial,South Carolina,State,South Carolina,Colleton,0.46206991132421,13152.8016
Gubernatorial,South Carolina,State,South Carolina,Darlington,0.48715074641186,21829.6332
Gubernatorial,South Carolina,State,South Carolina,Dillon,0.500086018254565,8564.0226
Gubernatorial,South Carolina,State,South Carolina,Dorchester,0.480011580799753,55551.5184
Gubernatorial,South Carolina,State,South Carolina,Edgefield,0.389606132333203,10007.9778
Gubernatorial,South Carolina,State,South Carolina,Fairfield,0.620005188976461,8056.0182
Gubernatorial,South Carolina,State,South Carolina,Florence,0.514121903718003,43901.6238
Gubernatorial,South Carolina,State,South Carolina,Georgetown,0.455018982501334,27140.3898
Gubernatorial,South Carolina,State,South Carolina,Greenville,0.440168713448098,188219.997
Gubernatorial,South Carolina,State,South Carolina,Greenwood,0.40483459172644,22184.0718
Gubernatorial,South Carolina,State,South Carolina,Hampton,0.586488395303029,5916.2862
Gubernatorial,South Carolina,State,South Carolina,Horry,0.353918809412467,148503.2232
Gubernatorial,South Carolina,State,South Carolina,Jasper,0.50609286190308,13132.4232
Gubernatorial,South Carolina,State,South Carolina,Kershaw,0.40896055270769,24101.097
Gubernatorial,South Carolina,State,South Carolina,Lancaster,0.427372688945465,39133.0782
Gubernatorial,South Carolina,State,South Carolina,Laurens,0.340987173499426,21745.9362
Gubernatorial,South Carolina,State,South Carolina,Lee,0.645778423360791,5518.9074
Gubernatorial,South Carolina,State,South Carolina,Lexington,0.3805098494324,105370.884
Gubernatorial,South Carolina,State,South Carolina,Marion,0.606761833741868,9622.9716
Gubernatorial,South Carolina,State,South Carolina,Marlboro,0.566522439137716,7302.0174
Gubernatorial,South Carolina,State,South Carolina,McCormick,0.467530546745402,4423.5684
Gubernatorial,South Carolina,State,South Carolina,Newberry,0.376144243119472,13033.4424
Gubernatorial,South Carolina,State,South Carolina,Oconee,0.281370180428962,30392.2002
Gubernatorial,South Carolina,State,South Carolina,Orangeburg,0.674091718976666,26624.3796
Gubernatorial,South Carolina,State,South Carolina,Pickens,0.274513165869779,43390.7082
Gubernatorial,South Carolina,State,South Carolina,Richland,0.722230886151494,130370.0862
Gubernatorial,South Carolina,State,South Carolina,Saluda,0.321465551129815,6481.7868
Gubernatorial,South Carolina,State,South Carolina,Spartanburg,0.380060712912584,111893.4276
Gubernatorial,South Carolina,State,South Carolina,Sumter,0.579012591795656,32488.992
Gubernatorial,South Carolina,State,South Carolina,Union,0.385703660624642,8868.9708
Gubernatorial,South Carolina,State,South Carolina,Williamsburg,0.660658841442945,10304.1924
Gubernatorial,South Carolina,State,South Carolina,York,0.45691523592438,107597.2242
Gubernatorial,South Dakota,State,South Dakota,Aurora,0.269351858406494,988.3524
Gubernatorial,South Dakota,State,South Dakota,Beadle,0.350121833837119,4980.3354
Gubernatorial,South Dakota,State,South Dakota,Bennett,0.425872683168316,775.107
Gubernatorial,South Dakota,State,South Dakota,Bon Homme,0.286640755644543,2134.6374
Gubernatorial,South Dakota,State,South Dakota,Brookings,0.473309909312304,10591.6734
Gubernatorial,South Dakota,State,South Dakota,Brown,0.423845874338295,12168.816
Gubernatorial,South Dakota,State,South Dakota,Brule,0.33633825949068,1717.608
Gubernatorial,South Dakota,State,South Dakota,Buffalo,0.695796390430564,331.149
Gubernatorial,South Dakota,State,South Dakota,Butte,0.23180921304477,3614.2548
Gubernatorial,South Dakota,State,South Dakota,Campbell,0.179723708640756,601.1628
Gubernatorial,South Dakota,State,South Dakota,Charles Mix,0.33568517067403,2584.4178
Gubernatorial,South Dakota,State,South Dakota,Clark,0.279064749950326,1307.8566
Gubernatorial,South Dakota,State,South Dakota,Clay,0.595851979601589,4016.0004
Gubernatorial,South Dakota,State,South Dakota,Codington,0.346175288597448,9598.9542
Gubernatorial,South Dakota,State,South Dakota,Corson,0.502788693632977,819.5028
Gubernatorial,South Dakota,State,South Dakota,Custer,0.31895730085724,4279.464
Gubernatorial,South Dakota,State,South Dakota,Davison,0.362880517657901,6514.5378
Gubernatorial,South Dakota,State,South Dakota,Day,0.407275737337318,2093.1528
Gubernatorial,South Dakota,State,South Dakota,Deuel,0.283872183483267,1633.911
Gubernatorial,South Dakota,State,South Dakota,Dewey,0.626524088541318,1328.235
Gubernatorial,South Dakota,State,South Dakota,Douglas,0.165932541243951,1192.1364
Gubernatorial,South Dakota,State,South Dakota,Edmunds,0.234261887471464,1457.0556
Gubernatorial,South Dakota,State,South Dakota,Fall River,0.29751333283452,3031.287
Gubernatorial,South Dakota,State,South Dakota,Faulk,0.204080337437904,802.7634
Gubernatorial,South Dakota,State,South Dakota,Grant,0.319773955182347,2576.412
Gubernatorial,South Dakota,State,South Dakota,Gregory,0.234759502740981,1612.8048
Gubernatorial,South Dakota,State,South Dakota,Haakon,0.118795733887627,807.1302
Gubernatorial,South Dakota,State,South Dakota,Hamlin,0.234980176708691,2307.126
Gubernatorial,South Dakota,State,South Dakota,Hand,0.254807223041994,1267.0998
Gubernatorial,South Dakota,State,South Dakota,Hanson,0.241999941918654,1462.878
Gubernatorial,South Dakota,State,South Dakota,Harding,0.0758379669001895,583.6956
Gubernatorial,South Dakota,State,South Dakota,Hughes,0.404801072450315,5980.3326
Gubernatorial,South Dakota,State,South Dakota,Hutchinson,0.250108634293479,2673.2094
Gubernatorial,South Dakota,State,South Dakota,Hyde,0.264684376517014,493.4484
Gubernatorial,South Dakota,State,South Dakota,Jackson,0.379322123485248,807.858
Gubernatorial,South Dakota,State,South Dakota,Jerauld,0.334446914225056,716.1552
Gubernatorial,South Dakota,State,South Dakota,Jones,0.139521617668757,390.8286
Gubernatorial,South Dakota,State,South Dakota,Kingsbury,0.330004245691532,2000.7222
Gubernatorial,South Dakota,State,South Dakota,Lake,0.400351825081635,4219.0566
Gubernatorial,South Dakota,State,South Dakota,Lawrence,0.397736276475063,10900.9884
Gubernatorial,South Dakota,State,South Dakota,Lincoln,0.425193540253693,25911.1356
Gubernatorial,South Dakota,State,South Dakota,Lyman,0.353926877317242,1029.837
Gubernatorial,South Dakota,State,South Dakota,Marshall,0.439032833321243,1506.546
Gubernatorial,South Dakota,State,South Dakota,McCook,0.297890799140125,2154.288
Gubernatorial,South Dakota,State,South Dakota,McPherson,0.182301476564584,927.945
Gubernatorial,South Dakota,State,South Dakota,Meade,0.288283862397285,10413.3624
Gubernatorial,South Dakota,State,South Dakota,Mellette,0.458433067819785,523.2882
Gubernatorial,South Dakota,State,South Dakota,Miner,0.309915139290472,825.3252
Gubernatorial,South Dakota,State,South Dakota,Minnehaha,0.498163747641638,66786.567
Gubernatorial,South Dakota,State,South Dakota,Moody,0.396041650945474,2270.736
Gubernatorial,South Dakota,State,South Dakota,Oglala Lakota,0.89071282431997,2163.7494
Gubernatorial,South Dakota,State,South Dakota,Pennington,0.424720878919452,40072.668
Gubernatorial,South Dakota,State,South Dakota,Perkins,0.179657791378123,1142.646
Gubernatorial,South Dakota,State,South Dakota,Potter,0.206656001269161,926.4894
Gubernatorial,South Dakota,State,South Dakota,Roberts,0.444409198447222,2965.0572
Gubernatorial,South Dakota,State,South Dakota,Sanborn,0.264369990450666,864.6264
Gubernatorial,South Dakota,State,South Dakota,Spink,0.356283464360601,2231.4348
Gubernatorial,South Dakota,State,South Dakota,Stanley,0.313801695715199,1242.3546
Gubernatorial,South Dakota,State,South Dakota,Sully,0.232220862621179,643.3752
Gubernatorial,South Dakota,State,South Dakota,Todd,0.802840633619974,1504.3626
Gubernatorial,South Dakota,State,South Dakota,Tripp,0.219841986366304,1906.836
Gubernatorial,South Dakota,State,South Dakota,Turner,0.285133870126301,3215.4204
Gubernatorial,South Dakota,State,South Dakota,Union,0.34776792886863,6337.6824
Gubernatorial,South Dakota,State,South Dakota,Walworth,0.242196820324028,1762.0038
Gubernatorial,South Dakota,State,South Dakota,Yankton,0.429447469878257,7665.9174
Gubernatorial,South Dakota,State,South Dakota,Ziebach,0.548727597212496,548.7612
Gubernatorial,Tennessee,State,Tennessee,Anderson,0.376946180715327,26278.6746
Gubernatorial,Tennessee,State,Tennessee,Bedford,0.252196379472593,14478.8532
Gubernatorial,Tennessee,State,Tennessee,Benton,0.224043743826082,5242.3434
Gubernatorial,Tennessee,State,Tennessee,Bledsoe,0.179544712137009,4472.331
Gubernatorial,Tennessee,State,Tennessee,Blount,0.310151286286396,49754.5914
Gubernatorial,Tennessee,State,Tennessee,Bradley,0.246622468153475,35435.1264
Gubernatorial,Tennessee,State,Tennessee,Campbell,0.184867618244619,11222.676
Gubernatorial,Tennessee,State,Tennessee,Cannon,0.204508291218218,4959.2292
Gubernatorial,Tennessee,State,Tennessee,Carroll,0.23184622736481,8573.484
Gubernatorial,Tennessee,State,Tennessee,Carter,0.221787546195985,17919.1638
Gubernatorial,Tennessee,State,Tennessee,Cheatham,0.319942374232517,14884.2378
Gubernatorial,Tennessee,State,Tennessee,Chester,0.210982294545663,5452.6776
Gubernatorial,Tennessee,State,Tennessee,Claiborne,0.181589108769838,9777.2652
Gubernatorial,Tennessee,State,Tennessee,Clay,0.202673821864067,2715.4218
Gubernatorial,Tennessee,State,Tennessee,Cocke,0.192114444053487,11295.456
Gubernatorial,Tennessee,State,Tennessee,Coffee,0.267996625149973,17914.0692
Gubernatorial,Tennessee,State,Tennessee,Crockett,0.248231400874908,4272.186
Gubernatorial,Tennessee,State,Tennessee,Cumberland,0.247833126646983,25032.681
Gubernatorial,Tennessee,State,Tennessee,Davidson,0.69651012520303,206781.0804
Gubernatorial,Tennessee,State,Tennessee,Decatur,0.186959005970673,3941.037
Gubernatorial,Tennessee,State,Tennessee,DeKalb,0.224627547167719,6772.179
Gubernatorial,Tennessee,State,Tennessee,Dickson,0.286503756785595,18133.137
Gubernatorial,Tennessee,State,Tennessee,Dyer,0.231393879339789,10414.818
Gubernatorial,Tennessee,State,Tennessee,Fayette,0.341031058143134,17085.8328
Gubernatorial,Tennessee,State,Tennessee,Fentress,0.147712195699725,7062.5712
Gubernatorial,Tennessee,State,Tennessee,Franklin,0.280163702468882,14224.851
Gubernatorial,Tennessee,State,Tennessee,Gibson,0.287045414345889,15608.3988
Gubernatorial,Tennessee,State,Tennessee,Giles,0.269658582300034,9729.2304
Gubernatorial,Tennessee,State,Tennessee,Grainger,0.160994675433138,8050.9236
Gubernatorial,Tennessee,State,Tennessee,Greene,0.206024982569065,22366.0218
Gubernatorial,Tennessee,State,Tennessee,Grundy,0.186557338226261,4572.0396
Gubernatorial,Tennessee,State,Tennessee,Hamblen,0.24732282766736,18403.1508
Gubernatorial,Tennessee,State,Tennessee,Hamilton,0.497049848567666,124913.7696
Gubernatorial,Tennessee,State,Tennessee,Hancock,0.14419517328196,2104.7976
Gubernatorial,Tennessee,State,Tennessee,Hardeman,0.439981474018935,6783.096
Gubernatorial,Tennessee,State,Tennessee,Hardin,0.176024119925922,8731.4166
Gubernatorial,Tennessee,State,Tennessee,Hawkins,0.189074741313605,18961.3734
Gubernatorial,Tennessee,State,Tennessee,Haywood,0.565261716500811,4801.2966
Gubernatorial,Tennessee,State,Tennessee,Henderson,0.195764540043537,8722.683
Gubernatorial,Tennessee,State,Tennessee,Henry,0.26720192086172,10855.137
Gubernatorial,Tennessee,State,Tennessee,Hickman,0.235043829123678,7447.5774
Gubernatorial,Tennessee,State,Tennessee,Houston,0.250218045610987,2737.9836
Gubernatorial,Tennessee,State,Tennessee,Humphreys,0.262686978199885,5943.9426
Gubernatorial,Tennessee,State,Tennessee,Jackson,0.226387656790679,4094.6028
Gubernatorial,Tennessee,State,Tennessee,Jefferson,0.216183718512844,18610.5738
Gubernatorial,Tennessee,State,Tennessee,Johnson,0.186344345555621,5852.2398
Gubernatorial,Tennessee,State,Tennessee,Knox,0.463316760826645,158901.3018
Gubernatorial,Tennessee,State,Tennessee,Lake,0.2704934463655,1398.8316
Gubernatorial,Tennessee,State,Tennessee,Lauderdale,0.370661076849521,5970.8712
Gubernatorial,Tennessee,State,Tennessee,Lawrence,0.187549331977722,14096.0304
Gubernatorial,Tennessee,State,Tennessee,Lewis,0.208586570196537,4252.5354
Gubernatorial,Tennessee,State,Tennessee,Lincoln,0.213713110282686,11637.522
Gubernatorial,Tennessee,State,Tennessee,Loudon,0.280601993309786,23908.9578
Gubernatorial,Tennessee,State,Tennessee,Macon,0.155372792453482,7449.033
Gubernatorial,Tennessee,State,Tennessee,Madison,0.470688926082746,28748.1
Gubernatorial,Tennessee,State,Tennessee,Marion,0.26576290980574,10053.8292
Gubernatorial,Tennessee,State,Tennessee,Marshall,0.260379750638042,11510.8848
Gubernatorial,Tennessee,State,Tennessee,Maury,0.32811959714865,37496.9838
Gubernatorial,Tennessee,State,Tennessee,McMinn,0.216270849284803,17379.864
Gubernatorial,Tennessee,State,Tennessee,McNairy,0.191036863569196,8125.1592
Gubernatorial,Tennessee,State,Tennessee,Meigs,0.197205438180669,4405.3734
Gubernatorial,Tennessee,State,Tennessee,Monroe,0.200839430747869,16109.1252
Gubernatorial,Tennessee,State,Tennessee,Montgomery,0.469169103061709,58610.4618
Gubernatorial,Tennessee,State,Tennessee,Moore,0.186041623927746,2621.5356
Gubernatorial,Tennessee,State,Tennessee,Morgan,0.154783667424837,6172.4718
Gubernatorial,Tennessee,State,Tennessee,Obion,0.212896498377203,9328.2126
Gubernatorial,Tennessee,State,Tennessee,Overton,0.216042952852717,7986.1494
Gubernatorial,Tennessee,State,Tennessee,Perry,0.186587934923134,2690.6766
Gubernatorial,Tennessee,State,Tennessee,Pickett,0.204739132733002,2130.9984
Gubernatorial,Tennessee,State,Tennessee,Polk,0.193310099978361,6301.2924
Gubernatorial,Tennessee,State,Tennessee,Putnam,0.312253621710215,25141.851
Gubernatorial,Tennessee,State,Tennessee,Rhea,0.199462155692148,10397.3508
Gubernatorial,Tennessee,State,Tennessee,Roane,0.271657762525098,19711.7352
Gubernatorial,Tennessee,State,Tennessee,Robertson,0.292862487427048,25245.9264
Gubernatorial,Tennessee,State,Tennessee,Rutherford,0.451516018679509,105870.8826
Gubernatorial,Tennessee,State,Tennessee,Scott,0.123740395733544,6950.49
Gubernatorial,Tennessee,State,Tennessee,Sequatchie,0.203587030587335,5687.0292
Gubernatorial,Tennessee,State,Tennessee,Sevier,0.233728399962126,31680.4062
Gubernatorial,Tennessee,State,Tennessee,Shelby,0.686458391961065,233387.9928
Gubernatorial,Tennessee,State,Tennessee,Smith,0.211898434278345,6732.15
Gubernatorial,Tennessee,State,Tennessee,Stewart,0.217384398538536,4766.3622
Gubernatorial,Tennessee,State,Tennessee,Sullivan,0.26947618101417,54423.4284
Gubernatorial,Tennessee,State,Tennessee,Sumner,0.343425891854676,70335.3198
Gubernatorial,Tennessee,State,Tennessee,Tipton,0.281950159425161,19272.8718
Gubernatorial,Tennessee,State,Tennessee,Trousdale,0.247467892646862,3067.677
Gubernatorial,Tennessee,State,Tennessee,Unicoi,0.228480078943441,6152.8212
Gubernatorial,Tennessee,State,Tennessee,Union,0.17526206452443,6259.08
Gubernatorial,Tennessee,State,Tennessee,Van Buren,0.199217128075617,2359.5276
Gubernatorial,Tennessee,State,Tennessee,Warren,0.262940611330389,12255.4242
Gubernatorial,Tennessee,State,Tennessee,Washington,0.356135994435353,43980.954
Gubernatorial,Tennessee,State,Tennessee,Wayne,0.14048519830844,4933.0284
Gubernatorial,Tennessee,State,Tennessee,Weakley,0.250145096546123,9654.9948
Gubernatorial,Tennessee,State,Tennessee,White,0.202208103204544,9331.8516
Gubernatorial,Tennessee,State,Tennessee,Williamson,0.394254393647293,103534.6446
Gubernatorial,Tennessee,State,Tennessee,Wilson,0.352982905333026,58427.784
Gubernatorial,Texas,State,Texas,Anderson,0.197799622056059,13997.0496
Gubernatorial,Texas,State,Texas,Andrews,0.141490606960448,4374.8058
Gubernatorial,Texas,State,Texas,Angelina,0.240153803225007,24887.121
Gubernatorial,Texas,State,Texas,Aransas,0.225951554920856,9403.9038
Gubernatorial,Texas,State,Texas,Archer,0.0982293141086714,3720.5136
Gubernatorial,Texas,State,Texas,Armstrong,0.0749713796612373,804.9468
Gubernatorial,Texas,State,Texas,Atascosa,0.313258015588609,13315.101
Gubernatorial,Texas,State,Texas,Austin,0.189920333840424,11115.6894
Gubernatorial,Texas,State,Texas,Bailey,0.187724918091026,1256.9106
Gubernatorial,Texas,State,Texas,Bandera,0.195809858963736,9804.1938
Gubernatorial,Texas,State,Texas,Bastrop,0.439719337029683,28595.262
Gubernatorial,Texas,State,Texas,Baylor,0.101089999490913,1204.509
Gubernatorial,Texas,State,Texas,Bee,0.33039266557748,6344.2326
Gubernatorial,Texas,State,Texas,Bell,0.432363303788176,93983.7252
Gubernatorial,Texas,State,Texas,Bexar,0.597061587315205,545074.1652
Gubernatorial,Texas,State,Texas,Blanco,0.249445890979961,6128.076
Gubernatorial,Texas,State,Texas,Borden,0.0366660670439419,280.9308
Gubernatorial,Texas,State,Texas,Bosque,0.167045609558159,6909.0054
Gubernatorial,Texas,State,Texas,Bowie,0.258633613030221,26494.8312
Gubernatorial,Texas,State,Texas,Brazoria,0.425537563805855,116333.7354
Gubernatorial,Texas,State,Texas,Brazos,0.410942926742738,65876.817
Gubernatorial,Texas,State,Texas,Brewster,0.474018567722408,3285.2892
Gubernatorial,Texas,State,Texas,Briscoe,0.0971372246116163,537.1164
Gubernatorial,Texas,State,Texas,Brooks,0.61086891668059,1735.803
Gubernatorial,Texas,State,Texas,Brown,0.125594144869397,12172.455
Gubernatorial,Texas,State,Texas,Burleson,0.191484854586413,6764.901
Gubernatorial,Texas,State,Texas,Burnet,0.229846868870291,20312.1702
Gubernatorial,Texas,State,Texas,Caldwell,0.454560118462131,11279.4444
Gubernatorial,Texas,State,Texas,Calhoun,0.254618564549861,5671.0176
Gubernatorial,Texas,State,Texas,Callahan,0.103055778904414,5051.6598
Gubernatorial,Texas,State,Texas,Cameron,0.547692542993304,83878.2222
Gubernatorial,Texas,State,Texas,Camp,0.241390907791006,3793.2936
Gubernatorial,Texas,State,Texas,Carson,0.0908780288457687,2296.9368
Gubernatorial,Texas,State,Texas,Cass,0.170069029694104,10261.2522
Gubernatorial,Texas,State,Texas,Castro,0.194569533991332,1464.3336
Gubernatorial,Texas,State,Texas,Chambers,0.181379675084355,18019.6002
Gubernatorial,Texas,State,Texas,Cherokee,0.184899815345502,14801.2686
Gubernatorial,Texas,State,Texas,Childress,0.111943698456291,1640.4612
Gubernatorial,Texas,State,Texas,Clay,0.101437635402567,4273.6416
Gubernatorial,Texas,State,Texas,Cochran,0.176031123249933,642.6474
Gubernatorial,Texas,State,Texas,Coke,0.0975631426751418,1311.4956
Gubernatorial,Texas,State,Texas,Coleman,0.0996845898135921,3013.092
Gubernatorial,Texas,State,Texas,Collin,0.472862076775811,365100.1422
Gubernatorial,Texas,State,Texas,Collingsworth,0.101560330449648,874.0878
Gubernatorial,Texas,State,Texas,Colorado,0.212433047408102,7228.5096
Gubernatorial,Texas,State,Texas,Comal,0.284563932332489,74552.9208
Gubernatorial,Texas,State,Texas,Comanche,0.133730135470253,4740.1614
Gubernatorial,Texas,State,Texas,Concho,0.132989023128018,866.8098
Gubernatorial,Texas,State,Texas,Cooke,0.170569846176775,14763.423
Gubernatorial,Texas,State,Texas,Coryell,0.304160871091901,17210.2866
Gubernatorial,Texas,State,Texas,Cottle,0.128137691209205,475.9812
Gubernatorial,Texas,State,Texas,Crane,0.14570001369404,1005.0918
Gubernatorial,Texas,State,Texas,Crockett,0.243519152777866,1026.198
Gubernatorial,Texas,State,Texas,Crosby,0.23590060157843,1358.8026
Gubernatorial,Texas,State,Texas,Culberson,0.46750615630052,560.406
Gubernatorial,Texas,State,Texas,Dallam,0.158251459560111,1045.8486
Gubernatorial,Texas,State,Texas,Dallas,0.652146748244303,606757.3986
Gubernatorial,Texas,State,Texas,Dawson,0.187459215325379,2530.5606
Gubernatorial,Texas,State,Texas,Deaf Smith,0.244108109967185,3094.6056
Gubernatorial,Texas,State,Texas,Delta,0.161721751667834,1926.4866
Gubernatorial,Texas,State,Texas,Denton,0.460200025987107,321705.0672
Gubernatorial,Texas,State,Texas,DeWitt,0.165695127970769,5665.923
Gubernatorial,Texas,State,Texas,Dickens,0.145617675518831,720.522
Gubernatorial,Texas,State,Texas,Dimmit,0.609069081893379,2487.6204
Gubernatorial,Texas,State,Texas,Donley,0.0984618120034091,1227.0708
Gubernatorial,Texas,State,Texas,Duval,0.546836621720544,3232.8876
Gubernatorial,Texas,State,Texas,Eastland,0.116508530652873,6051.657
Gubernatorial,Texas,State,Texas,Ector,0.254696661100255,30793.218
Gubernatorial,Texas,State,Texas,Edwards,0.13775254980943,729.2556
Gubernatorial,Texas,State,Texas,Ellis,0.566117898143741,71770.5414
Gubernatorial,Texas,State,Texas,El Paso,0.431122787946453,180698.184
Gubernatorial,Texas,State,Texas,Erath,0.168584818732701,13260.516
Gubernatorial,Texas,State,Texas,Falls,0.279982733516349,4536.3774
Gubernatorial,Texas,State,Texas,Fannin,0.173863975948382,11830.389
Gubernatorial,Texas,State,Texas,Fayette,0.191531573326355,9617.1492
Gubernatorial,Texas,State,Texas,Fisher,0.177042356066496,1322.4126
Gubernatorial,Texas,State,Texas,Floyd,0.164346609048381,1508.7294
Gubernatorial,Texas,State,Texas,Foard,0.159227675799541,393.012
Gubernatorial,Texas,State,Texas,Fort Bend,0.544473392359892,256842.0756
Gubernatorial,Texas,State,Texas,Franklin,0.152622608886639,3847.1508
Gubernatorial,Texas,State,Texas,Freestone,0.170279972378556,6549.4722
Gubernatorial,Texas,State,Texas,Frio,0.475834702422862,3572.0424
Gubernatorial,Texas,State,Texas,Gaines,0.0871487573512385,4641.9084
Gubernatorial,Texas,State,Texas,Galveston,0.39072093035062,114284.2506
Gubernatorial,Texas,State,Texas,Garza,0.132217025648903,1155.0186
Gubernatorial,Texas,State,Texas,Gillespie,0.202951697797275,11908.2636
Gubernatorial,Texas,State,Texas,Glasscock,0.056310845086118,481.0758
Gubernatorial,Texas,State,Texas,Goliad,0.215442883382169,2879.1768
Gubernatorial,Texas,State,Texas,Gonzales,0.229877545170353,5611.338
Gubernatorial,Texas,State,Texas,Gray,0.105342794671346,5484.7008
Gubernatorial,Texas,State,Texas,Grayson,0.237380082431681,47566.0968
Gubernatorial,Texas,State,Texas,Gregg,0.292684656097477,33711.696
Gubernatorial,Texas,State,Texas,Grimes,0.205745881317155,10138.9818
Gubernatorial,Texas,State,Texas,Guadalupe,0.370435348983077,61327.3392
Gubernatorial,Texas,State,Texas,Hale,0.210275427612168,6685.5708
Gubernatorial,Texas,State,Texas,Hall,0.127472250614649,830.4198
Gubernatorial,Texas,State,Texas,Hamilton,0.143557490881871,3227.0652
Gubernatorial,Texas,State,Texas,Hansford,0.0715664231577656,1446.8664
Gubernatorial,Texas,State,Texas,Hardeman,0.134399211959922,1017.4644
Gubernatorial,Texas,State,Texas,Hardin,0.120329908030987,20406.0564
Gubernatorial,Texas,State,Texas,Harris,0.567200735428897,1114600.9548
Gubernatorial,Texas,State,Texas,Harrison,0.248830144437837,21853.6506
Gubernatorial,Texas,State,Texas,Hartley,0.0755189505414005,1459.9668
Gubernatorial,Texas,State,Texas,Haskell,0.135918414563664,1623.7218
Gubernatorial,Texas,State,Texas,Hays,0.572315645412784,90222.4548
Gubernatorial,Texas,State,Texas,Hemphill,0.1192204461566,1165.9356
Gubernatorial,Texas,State,Texas,Henderson,0.191408756598242,27873.2844
Gubernatorial,Texas,State,Texas,Hidalgo,0.581454960275145,156678.6006
Gubernatorial,Texas,State,Texas,Hill,0.182385771118385,12072.7464
Gubernatorial,Texas,State,Texas,Hockley,0.16556029079496,5778.0042
Gubernatorial,Texas,State,Texas,Hood,0.177255862724827,26378.3832
Gubernatorial,Texas,State,Texas,Hopkins,0.182609890365114,12133.1538
Gubernatorial,Texas,State,Texas,Houston,0.222749131333906,6777.2736
Gubernatorial,Texas,State,Texas,Howard,0.188358146982789,6969.4128
Gubernatorial,Texas,State,Texas,Hudspeth,0.3154929331537,752.5452
Gubernatorial,Texas,State,Texas,Hunt,0.233617702430015,33732.8022
Gubernatorial,Texas,State,Texas,Hutchinson,0.107429681782865,5957.7708
Gubernatorial,Texas,State,Texas,Irion,0.11914485948878,630.2748
Gubernatorial,Texas,State,Texas,Jack,0.0881151411670787,3043.6596
Gubernatorial,Texas,State,Texas,Jackson,0.141006302337956,4580.0454
Gubernatorial,Texas,State,Texas,Jasper,0.163913520450825,11482.5006
Gubernatorial,Texas,State,Texas,Jeff Davis,0.401160874331479,836.2422
Gubernatorial,Texas,State,Texas,Jefferson,0.465886314715206,62250.1896
Gubernatorial,Texas,State,Texas,Jim Hogg,0.5882817335177,1150.6518
Gubernatorial,Texas,State,Texas,Jim Wells,0.475092227137441,9616.4214
Gubernatorial,Texas,State,Texas,Johnson,0.247454671440147,58223.2722
Gubernatorial,Texas,State,Texas,Jones,0.1343486134834,5018.181
Gubernatorial,Texas,State,Texas,Karnes,0.223711749094889,3676.8456
Gubernatorial,Texas,State,Texas,Kaufman,0.364773332995971,50064.6342
Gubernatorial,Texas,State,Texas,Kendall,0.22612498174855,21122.9394
Gubernatorial,Texas,State,Texas,Kenedy,0.293923791407273,113.5368
Gubernatorial,Texas,State,Texas,Kent,0.113795540246511,320.232
Gubernatorial,Texas,State,Texas,Kerr,0.233513245492425,20327.454
Gubernatorial,Texas,State,Texas,Kimble,0.114350801262,1737.2586
Gubernatorial,Texas,State,Texas,King,0.0382313117800167,98.253
Gubernatorial,Texas,State,Texas,Kinney,0.248823482377557,1025.4702
Gubernatorial,Texas,State,Texas,Kleberg,0.477228151806362,7241.61
Gubernatorial,Texas,State,Texas,Knox,0.156410261590081,997.086
Gubernatorial,Texas,State,Texas,Lamar,0.197372726727231,15373.3194
Gubernatorial,Texas,State,Texas,Lamb,0.16512255867936,3003.6306
Gubernatorial,Texas,State,Texas,Lampasas,0.206479004991791,8146.2654
Gubernatorial,Texas,State,Texas,La Salle,0.467420372168083,1710.33
Gubernatorial,Texas,State,Texas,Lavaca,0.112016798354085,7605.51
Gubernatorial,Texas,State,Texas,Lee,0.199501050206724,6087.3192
Gubernatorial,Texas,State,Texas,Leon,0.129534132644461,6561.117
Gubernatorial,Texas,State,Texas,Liberty,0.198726967807291,22702.2654
Gubernatorial,Texas,State,Texas,Limestone,0.223678311119406,6551.6556
Gubernatorial,Texas,State,Texas,Lipscomb,0.0892955253822102,908.2944
Gubernatorial,Texas,State,Texas,Live Oak,0.155002169232265,3688.4904
Gubernatorial,Texas,State,Texas,Llano,0.198248998579676,9836.217
Gubernatorial,Texas,State,Texas,Loving,0.096589578997597,69.8688
Gubernatorial,Texas,State,Texas,Lubbock,0.319937837815266,90025.221
Gubernatorial,Texas,State,Texas,Lynn,0.138039511660438,1852.9788
Gubernatorial,Texas,State,Texas,Madison,0.176449000436459,3975.2436
Gubernatorial,Texas,State,Texas,Marion,0.240570507083037,3404.6484
Gubernatorial,Texas,State,Texas,Martin,0.117142964822313,1508.0016
Gubernatorial,Texas,State,Texas,Mason,0.16264634574416,1826.778
Gubernatorial,Texas,State,Texas,Matagorda,0.258735875300048,9598.2264
Gubernatorial,Texas,State,Texas,Maverick,0.552393869396148,11395.8924
Gubernatorial,Texas,State,Texas,McCulloch,0.138135617042654,2538.5664
Gubernatorial,Texas,State,Texas,McLennan,0.359524770517634,71665.7382
Gubernatorial,Texas,State,Texas,McMullen,0.083393766772951,352.983
Gubernatorial,Texas,State,Texas,Medina,0.294321793918923,17768.5092
Gubernatorial,Texas,State,Texas,Menard,0.164555504958939,750.3618
Gubernatorial,Texas,State,Texas,Midland,0.202031039208834,42427.101
Gubernatorial,Texas,State,Texas,Milam,0.213433135859792,8021.8116
Gubernatorial,Texas,State,Texas,Mills,0.111255236791139,1985.4384
Gubernatorial,Texas,State,Texas,Mitchell,0.128994519224428,1816.5888
Gubernatorial,Texas,State,Texas,Montague,0.112349324290835,8029.8174
Gubernatorial,Texas,State,Texas,Montgomery,0.281882456223996,221426.5998
Gubernatorial,Texas,State,Texas,Moore,0.157441591742456,3870.4404
Gubernatorial,Texas,State,Texas,Morris,0.255352996943302,3933.0312
Gubernatorial,Texas,State,Texas,Motley,0.0468769192533893,470.8866
Gubernatorial,Texas,State,Texas,Nacogdoches,0.31885757215182,18387.867
Gubernatorial,Texas,State,Texas,Navarro,0.249362933816706,14331.1098
Gubernatorial,Texas,State,Texas,Newton,0.175694106637777,4172.4774
Gubernatorial,Texas,State,Texas,Nolan,0.198987138315078,3688.4904
Gubernatorial,Texas,State,Texas,Nueces,0.479509610505995,87662.7822
Gubernatorial,Texas,State,Texas,Ochiltree,0.0805550751411005,2177.5776
Gubernatorial,Texas,State,Texas,Oldham,0.0765994319501063,705.2382
Gubernatorial,Texas,State,Texas,Orange,0.168998658792237,26299.7808
Gubernatorial,Texas,State,Texas,Palo Pinto,0.16618252128937,9633.1608
Gubernatorial,Texas,State,Texas,Panola,0.168113630695341,8300.559
Gubernatorial,Texas,State,Texas,Parker,0.177557149518744,65531.112
Gubernatorial,Texas,State,Texas,Parmer,0.138893633503724,1812.9498
Gubernatorial,Texas,State,Texas,Pecos,0.306113475117307,3046.5708
Gubernatorial,Texas,State,Texas,Polk,0.214662805443519,17558.9028
Gubernatorial,Texas,State,Texas,Potter,0.279347064498134,23111.289
Gubernatorial,Texas,State,Texas,Presidio,0.686124158422943,1437.405
Gubernatorial,Texas,State,Texas,Rains,0.137066902860739,4743.8004
Gubernatorial,Texas,State,Texas,Randall,0.196974420734112,48216.0222
Gubernatorial,Texas,State,Texas,Reagan,0.148021105969493,684.8598
Gubernatorial,Texas,State,Texas,Real,0.161621732716187,1411.932
Gubernatorial,Texas,State,Texas,Red River,0.199837649229379,4210.323
Gubernatorial,Texas,State,Texas,Reeves,0.377122266380581,2481.798
Gubernatorial,Texas,State,Texas,Refugio,0.307838485072225,2221.9734
Gubernatorial,Texas,State,Texas,Roberts,0.0253241772507671,412.6626
Gubernatorial,Texas,State,Texas,Robertson,0.243426210177452,5897.3634
Gubernatorial,Texas,State,Texas,Rockwall,0.310799105854354,44857.2252
Gubernatorial,Texas,State,Texas,Runnels,0.104970331490361,2934.4896
Gubernatorial,Texas,State,Texas,Rusk,0.199926594496406,15699.3738
Gubernatorial,Texas,State,Texas,Sabine,0.107199105114287,4048.0236
Gubernatorial,Texas,State,Texas,San Augustine,0.218484638686602,2711.7828
Gubernatorial,Texas,State,Texas,San Jacinto,0.181142490337998,9242.3322
Gubernatorial,Texas,State,Texas,San Patricio,0.341310242055862,18458.4636
Gubernatorial,Texas,State,Texas,San Saba,0.106005589316003,1956.3264
Gubernatorial,Texas,State,Texas,Schleicher,0.180182632367589,799.1244
Gubernatorial,Texas,State,Texas,Scurry,0.133191398658256,4133.1762
Gubernatorial,Texas,State,Texas,Shackelford,0.0801483042142229,1245.2658
Gubernatorial,Texas,State,Texas,Shelby,0.174635190325703,7208.859
Gubernatorial,Texas,State,Texas,Sherman,0.0573355504679622,629.547
Gubernatorial,Texas,State,Texas,Smith,0.277527610424601,74892.8034
Gubernatorial,Texas,State,Texas,Somervell,0.153433753551602,3816.5832
Gubernatorial,Texas,State,Texas,Starr,0.557803664299839,11898.8022
Gubernatorial,Texas,State,Texas,Stephens,0.0963111901807348,2730.7056
Gubernatorial,Texas,State,Texas,Sterling,0.0590349510542742,455.6028
Gubernatorial,Texas,State,Texas,Stonewall,0.147576092334933,519.6492
Gubernatorial,Texas,State,Texas,Sutton,0.17236406423021,1015.281
Gubernatorial,Texas,State,Texas,Swisher,0.17174436925696,1632.4554
Gubernatorial,Texas,State,Texas,Tarrant,0.503426216212724,590338.2306
Gubernatorial,Texas,State,Texas,Taylor,0.254658885209123,39899.4516
Gubernatorial,Texas,State,Texas,Terrell,0.242741881958794,294.759
Gubernatorial,Texas,State,Texas,Terry,0.171020698500014,2475.9756
Gubernatorial,Texas,State,Texas,Throckmorton,0.0864218753091602,652.1088
Gubernatorial,Texas,State,Texas,Titus,0.234622886429931,7376.9808
Gubernatorial,Texas,State,Texas,Tom Green,0.265559335285604,32739.3552
Gubernatorial,Texas,State,Texas,Travis,0.744940958914822,414677.1504
Gubernatorial,Texas,State,Texas,Trinity,0.172827335507249,5335.5018
Gubernatorial,Texas,State,Texas,Tyler,0.131432527247482,6939.573
Gubernatorial,Texas,State,Texas,Upshur,0.148051937859897,14380.6002
Gubernatorial,Texas,State,Texas,Upton,0.128782025842639,942.501
Gubernatorial,Texas,State,Texas,Uvalde,0.393928958786112,7059.66
Gubernatorial,Texas,State,Texas,Val Verde,0.418536487628699,10512.3432
Gubernatorial,Texas,State,Texas,Van Zandt,0.132721176344896,20233.5678
Gubernatorial,Texas,State,Texas,Victoria,0.288742712905783,25478.8224
Gubernatorial,Texas,State,Texas,Walker,0.310359855945104,18177.5328
Gubernatorial,Texas,State,Texas,Waller,0.354997519719665,19839.828
Gubernatorial,Texas,State,Texas,Ward,0.183141715280113,2723.4276
Gubernatorial,Texas,State,Texas,Washington,0.229581425281349,13157.1684
Gubernatorial,Texas,State,Texas,Webb,0.602353331358388,47551.5408
Gubernatorial,Texas,State,Texas,Wharton,0.248074212663801,11898.8022
Gubernatorial,Texas,State,Texas,Wheeler,0.0730039849742741,1646.2836
Gubernatorial,Texas,State,Texas,Wichita,0.280960448064048,32063.229
Gubernatorial,Texas,State,Texas,Wilbarger,0.191228666949482,3221.2428
Gubernatorial,Texas,State,Texas,Willacy,0.561766193545684,4024.0062
Gubernatorial,Texas,State,Texas,Williamson,0.519846663870164,220578.7128
Gubernatorial,Texas,State,Texas,Wilson,0.244923553073611,19753.2198
Gubernatorial,Texas,State,Texas,Winkler,0.152378663146181,1403.9262
Gubernatorial,Texas,State,Texas,Wise,0.15494338560524,27649.122
Gubernatorial,Texas,State,Texas,Wood,0.149168425968451,17641.1442
Gubernatorial,Texas,State,Texas,Yoakum,0.138699358675847,1732.8918
Gubernatorial,Texas,State,Texas,Young,0.118062387056463,6011.628
Gubernatorial,Texas,State,Texas,Zapata,0.464437790070712,3527.6466
Gubernatorial,Texas,State,Texas,Zavala,0.665485164605538,2522.5548
Gubernatorial,Vermont,State,Vermont,Addison,0.458752199902798,15807.816
Gubernatorial,Vermont,State,Vermont,Bennington,0.436151220775121,14572.7394
Gubernatorial,Vermont,State,Vermont,Caledonia,0.36815921322382,11574.9312
Gubernatorial,Vermont,State,Vermont,Chittenden,0.524825926879869,68116.9854
Gubernatorial,Vermont,State,Vermont,Essex,0.266112141208482,2353.7052
Gubernatorial,Vermont,State,Vermont,Franklin,0.29775808137591,18755.406
Gubernatorial,Vermont,State,Vermont,Grand Isle,0.352302344139463,3517.4574
Gubernatorial,Vermont,State,Vermont,Lamoille,0.417851534345107,10402.4454
Gubernatorial,Vermont,State,Vermont,Orange,0.413714227343976,12302.0034
Gubernatorial,Vermont,State,Vermont,Orleans,0.327455764413581,10363.1442
Gubernatorial,Vermont,State,Vermont,Rutland,0.330216376996894,23989.0158
Gubernatorial,Vermont,State,Vermont,Washington,0.503558742918646,24638.9412
Gubernatorial,Vermont,State,Vermont,Windham,0.559430587897385,18072.7296
Gubernatorial,Vermont,State,Vermont,Windsor,0.457251705714743,24037.0506
Gubernatorial,Wisconsin,State,Wisconsin,Adams,0.407303514266528,8883.5268
Gubernatorial,Wisconsin,State,Wisconsin,Ashland,0.569212150007824,6406.8234
Gubernatorial,Wisconsin,State,Wisconsin,Barron,0.390930707017032,18680.4426
Gubernatorial,Wisconsin,State,Wisconsin,Bayfield,0.601402538686899,7981.7826
Gubernatorial,Wisconsin,State,Wisconsin,Brown,0.50759409041845,107036.8182
Gubernatorial,Wisconsin,State,Wisconsin,Buffalo,0.389075580192906,5806.3884
Gubernatorial,Wisconsin,State,Wisconsin,Burnett,0.385727191412852,7767.8094
Gubernatorial,Wisconsin,State,Wisconsin,Calumet,0.44335287335865,23591.637
Gubernatorial,Wisconsin,State,Wisconsin,Chippewa,0.427855135746299,27636.0216
Gubernatorial,Wisconsin,State,Wisconsin,Clark,0.340610803933955,10909.722
Gubernatorial,Wisconsin,State,Wisconsin,Columbia,0.522424877826786,25018.8528
Gubernatorial,Wisconsin,State,Wisconsin,Crawford,0.475468737835446,6530.5494
Gubernatorial,Wisconsin,State,Wisconsin,Dane,0.793810132780656,261606.9822
Gubernatorial,Wisconsin,State,Wisconsin,Dodge,0.374919319808479,36087.963
Gubernatorial,Wisconsin,State,Wisconsin,Door,0.556760640511745,15039.2592
Gubernatorial,Wisconsin,State,Wisconsin,Douglas,0.572276209405019,18053.079
Gubernatorial,Wisconsin,State,Wisconsin,Dunn,0.464610026408592,18463.5582
Gubernatorial,Wisconsin,State,Wisconsin,Eau Claire,0.598334201688397,45216.7584
Gubernatorial,Wisconsin,State,Wisconsin,Florence,0.285228435934527,2284.5642
Gubernatorial,Wisconsin,State,Wisconsin,Fond du Lac,0.397678807128476,42042.8226
Gubernatorial,Wisconsin,State,Wisconsin,Forest,0.373749852168692,3684.8514
Gubernatorial,Wisconsin,State,Wisconsin,Grant,0.452645605943371,19569.0864
Gubernatorial,Wisconsin,State,Wisconsin,Green,0.546969479420179,15826.7388
Gubernatorial,Wisconsin,State,Wisconsin,Green Lake,0.357027829275762,7938.1146
Gubernatorial,Wisconsin,State,Wisconsin,Iowa,0.583911744298025,10466.4918
Gubernatorial,Wisconsin,State,Wisconsin,Iron,0.411163213901924,2943.2232
Gubernatorial,Wisconsin,State,Wisconsin,Jackson,0.445841967188293,7540.7358
Gubernatorial,Wisconsin,State,Wisconsin,Jefferson,0.461967467453197,35913.291
Gubernatorial,Wisconsin,State,Wisconsin,Juneau,0.379610547713533,10465.0362
Gubernatorial,Wisconsin,State,Wisconsin,Kenosha,0.514038046338246,64995.4512
Gubernatorial,Wisconsin,State,Wisconsin,Kewaunee,0.370885517225076,8970.8628
Gubernatorial,Wisconsin,State,Wisconsin,La Crosse,0.592245743217225,51859.389
Gubernatorial,Wisconsin,State,Wisconsin,Lafayette,0.442113555199521,6350.055
Gubernatorial,Wisconsin,State,Wisconsin,Langlade,0.366279910515656,8390.0784
Gubernatorial,Wisconsin,State,Wisconsin,Lincoln,0.4159198666041,12328.2042
Gubernatorial,Wisconsin,State,Wisconsin,Manitowoc,0.425558948013253,33186.9522
Gubernatorial,Wisconsin,State,Wisconsin,Marathon,0.45030507381427,56580.6276
Gubernatorial,Wisconsin,State,Wisconsin,Marinette,0.348147859560426,17529.063
Gubernatorial,Wisconsin,State,Wisconsin,Marquette,0.392602894509327,6763.4454
Gubernatorial,Wisconsin,State,Wisconsin,Menominee,0.83701357653837,1136.8236
Gubernatorial,Wisconsin,State,Wisconsin,Milwaukee,0.733444212326801,330649.7292
Gubernatorial,Wisconsin,State,Wisconsin,Monroe,0.411363840273198,16767.7842
Gubernatorial,Wisconsin,State,Wisconsin,Oconto,0.321246069922123,17934.4476
Gubernatorial,Wisconsin,State,Wisconsin,Oneida,0.455723313417362,17856.573
Gubernatorial,Wisconsin,State,Wisconsin,Outagamie,0.493900509260953,80250.867
Gubernatorial,Wisconsin,State,Wisconsin,Ozaukee,0.492384172076389,45398.7084
Gubernatorial,Wisconsin,State,Wisconsin,Pepin,0.395247396476138,3144.8238
Gubernatorial,Wisconsin,State,Wisconsin,Pierce,0.458606880344908,17895.1464
Gubernatorial,Wisconsin,State,Wisconsin,Polk,0.385694313490782,20278.6914
Gubernatorial,Wisconsin,State,Wisconsin,Portage,0.551616582411511,30924.222
Gubernatorial,Wisconsin,State,Wisconsin,Price,0.38502688989672,6381.3504
Gubernatorial,Wisconsin,State,Wisconsin,Racine,0.514449379436259,77196.2904
Gubernatorial,Wisconsin,State,Wisconsin,Richland,0.478874752443698,6689.9376
Gubernatorial,Wisconsin,State,Wisconsin,Rock,0.58202748694621,63216.708
Gubernatorial,Wisconsin,State,Wisconsin,Rusk,0.348000854385934,5950.4928
Gubernatorial,Wisconsin,State,Wisconsin,Sauk,0.537192848332686,26906.766
Gubernatorial,Wisconsin,State,Wisconsin,Sawyer,0.462327662569945,8021.0838
Gubernatorial,Wisconsin,State,Wisconsin,Shawano,0.357217738862093,16874.7708
Gubernatorial,Wisconsin,State,Wisconsin,Sheboygan,0.462108838501767,48397.2444
Gubernatorial,Wisconsin,State,Wisconsin,St. Croix,0.44644701964008,43236.4146
Gubernatorial,Wisconsin,State,Wisconsin,Taylor,0.292242883993252,8029.0896
Gubernatorial,Wisconsin,State,Wisconsin,Trempealeau,0.435960460149823,11557.464
Gubernatorial,Wisconsin,State,Wisconsin,Vernon,0.50603378810419,11878.4238
Gubernatorial,Wisconsin,State,Wisconsin,Vilas,0.427554231622795,11612.7768
Gubernatorial,Wisconsin,State,Wisconsin,Walworth,0.431742543552038,43496.2392
Gubernatorial,Wisconsin,State,Wisconsin,Washburn,0.400094220043131,7881.3462
Gubernatorial,Wisconsin,State,Wisconsin,Washington,0.357147340273904,65580.6024
Gubernatorial,Wisconsin,State,Wisconsin,Waukesha,0.444513655761082,197412.8388
Gubernatorial,Wisconsin,State,Wisconsin,Waupaca,0.372808914543232,21863.112
Gubernatorial,Wisconsin,State,Wisconsin,Waushara,0.36315035452208,10331.8488
Gubernatorial,Wisconsin,State,Wisconsin,Winnebago,0.521618208946933,68296.0242
Gubernatorial,Wisconsin,State,Wisconsin,Wood,0.44361630893785,30273.5688
Gubernatorial,Wyoming,State,Wyoming,Albany,0.565819457589723,12591.6678
Gubernatorial,Wyoming,State,Wyoming,Big Horn,0.174880387622273,4082.2302
Gubernatorial,Wyoming,State,Wyoming,Campbell,0.148254065625064,13107.678
Gubernatorial,Wyoming,State,Wyoming,Carbon,0.263438589287649,4531.2828
Gubernatorial,Wyoming,State,Wyoming,Converse,0.169495947087878,4804.2078
Gubernatorial,Wyoming,State,Wyoming,Crook,0.139308665996366,3091.6944
Gubernatorial,Wyoming,State,Wyoming,Fremont,0.383956349887128,12176.8218
Gubernatorial,Wyoming,State,Wyoming,Goshen,0.24724088070704,4402.4622
Gubernatorial,Wyoming,State,Wyoming,Hot Springs,0.245768151114906,1870.446
Gubernatorial,Wyoming,State,Wyoming,Johnson,0.230274493934153,3481.0674
Gubernatorial,Wyoming,State,Wyoming,Laramie,0.412154054034847,30724.8048
Gubernatorial,Wyoming,State,Wyoming,Lincoln,0.201217639348129,7700.124
Gubernatorial,Wyoming,State,Wyoming,Natrona,0.319631155343691,24023.2224
Gubernatorial,Wyoming,State,Wyoming,Niobrara,0.12321237077014,887.916
Gubernatorial,Wyoming,State,Wyoming,Park,0.257211611001906,11894.4354
Gubernatorial,Wyoming,State,Wyoming,Platte,0.218694360325217,3387.1812
Gubernatorial,Wyoming,State,Wyoming,Sheridan,0.311574594178733,11616.4158
Gubernatorial,Wyoming,State,Wyoming,Sublette,0.246720217275791,3511.635
Gubernatorial,Wyoming,State,Wyoming,Sweetwater,0.292583535144923,11842.7616
Gubernatorial,Wyoming,State,Wyoming,Teton,0.746311755918702,9375.5196
Gubernatorial,Wyoming,State,Wyoming,Uinta,0.229591144410806,6435.9354
Gubernatorial,Wyoming,State,Wyoming,Washakie,0.225906560211807,2751.8118
Gubernatorial,Wyoming,State,Wyoming,Weston,0.146195782828663,2508.7266
