DemSeatsMean,RepSeatsMean,DemSeatsLow95,DemSeatsHigh95,RepSeatsLow95,RepSeatsHigh95,DemWinChance,RepWinChance,DemPopVoteMean,RepPopVoteMean,DemPopVoteLow95,DemPopVoteHigh95,RepPopVoteLow95,RepPopVoteHigh95,DemPopVoteWinChance,RepPopVoteWinChance
221.13,213.87,202.807719124308,243.198874787574,191.801125212426,232.192280875692,0.5902,0.4098,0.523988744045917,0.476011255954083,0.496829166126381,0.551148321965452,0.448851678034548,0.503170833873619,0.926881054824139,0.0731189451758607
