DemSeatsMean,RepSeatsMean,DemSeatsLow95,DemSeatsHigh95,RepSeatsLow95,RepSeatsHigh95,DemWinChance,RepWinChance,DemPopVoteMean,RepPopVoteMean,DemPopVoteLow95,DemPopVoteHigh95,RepPopVoteLow95,RepPopVoteHigh95,DemPopVoteWinChance,RepPopVoteWinChance
226.8565,208.1435,207,249,186,228,0.7763,0.2237,0.533578241146578,0.466421758853422,0.504322667535426,0.562833814757731,0.437166185242269,0.495677332464574,0.970490887679206,0.0295091123207943
