DemSeatsMean,RepSeatsMean,DemSeatsLow95,DemSeatsHigh95,RepSeatsLow95,RepSeatsHigh95,DemWinChance,RepWinChance,DemPopVoteMean,RepPopVoteMean,DemPopVoteLow95,DemPopVoteHigh95,RepPopVoteLow95,RepPopVoteHigh95,DemPopVoteWinChance,RepPopVoteWinChance
223.3075,211.6925,203.145877425786,246.512011661667,188.487988338333,231.854122574214,0.6555,0.3445,0.537827712924921,0.462172287075079,0.509780078059521,0.565875347790321,0.434124652209679,0.490219921940479,0.986743152737954,0.0132568472620462
