DemSeatsMean,RepSeatsMean,DemSeatsLow95,DemSeatsHigh95,RepSeatsLow95,RepSeatsHigh95,DemWinChance,RepWinChance,DemPopVoteMean,RepPopVoteMean,DemPopVoteLow95,DemPopVoteHigh95,RepPopVoteLow95,RepPopVoteHigh95,DemPopVoteWinChance,RepPopVoteWinChance
227.5849,207.4151,209,249,186,226,0.8004,0.1996,0.536411051645637,0.463588948354363,0.507633685139356,0.565188418151917,0.434811581848083,0.492366314860644,0.981299707816482,0.0187002921835179
