DemSeatsMean,RepSeatsMean,DemSeatsLow95,DemSeatsHigh95,RepSeatsLow95,RepSeatsHigh95,DemWinChance,RepWinChance,DemPopVoteMean,RepPopVoteMean,DemPopVoteLow95,DemPopVoteHigh95,RepPopVoteLow95,RepPopVoteHigh95,DemPopVoteWinChance,RepPopVoteWinChance
229.1468,205.8532,207,259,176,228,0.8316,0.1684,0.530125965076177,0.469874034923823,0.493445317319588,0.566806612832766,0.433193387167234,0.506554682680412,0.949767981023151,0.0502320189768493
