DemSeatsMean,RepSeatsMean,DemSeatsLow95,DemSeatsHigh95,RepSeatsLow95,RepSeatsHigh95,DemWinChance,RepWinChance,DemPopVoteMean,RepPopVoteMean,DemPopVoteLow95,DemPopVoteHigh95,RepPopVoteLow95,RepPopVoteHigh95,DemPopVoteWinChance,RepPopVoteWinChance
221.162,213.838,202.744337982705,242.464020174011,192.535979825989,232.255662017295,0.5951,0.4049,0.524063227933092,0.475936772066908,0.497006530476724,0.55111992538946,0.44888007461054,0.502993469523276,0.928266621867441,0.0717333781325586
