DemSeatsMean,RepSeatsMean,DemSeatsLow95,DemSeatsHigh95,RepSeatsLow95,RepSeatsHigh95,DemWinChance,RepWinChance,DemPopVoteMean,RepPopVoteMean,DemPopVoteLow95,DemPopVoteHigh95,RepPopVoteLow95,RepPopVoteHigh95,DemPopVoteWinChance,RepPopVoteWinChance
224.2515,210.7485,204.619766537673,246.967235027739,188.032764972261,230.380233462327,0.6918,0.3082,0.535725433643485,0.464274566356515,0.505110607049581,0.566340260237389,0.433659739762611,0.494889392950419,0.972546019959034,0.0274539800409657
