DemSeatsMean,RepSeatsMean,DemSeatsLow95,DemSeatsHigh95,RepSeatsLow95,RepSeatsHigh95,DemWinChance,RepWinChance,DemPopVoteMean,RepPopVoteMean,DemPopVoteLow95,DemPopVoteHigh95,RepPopVoteLow95,RepPopVoteHigh95,DemPopVoteWinChance,RepPopVoteWinChance
226.9016,208.0984,207,249,186,228,0.7773,0.2227,0.533755275091763,0.466244724908237,0.504541386752465,0.562969163431061,0.437030836568939,0.495458613247535,0.971330664010689,0.0286693359893107
