DemSeatsMean,RepSeatsMean,DemSeatsLow95,DemSeatsHigh95,RepSeatsLow95,RepSeatsHigh95,DemWinChance,RepWinChance,DemPopVoteMean,RepPopVoteMean,DemPopVoteLow95,DemPopVoteHigh95,RepPopVoteLow95,RepPopVoteHigh95,DemPopVoteWinChance,RepPopVoteWinChance
223.4649,211.5351,202.987071205113,247.439410471338,187.560589528662,232.012928794887,0.6585,0.3415,0.538711786926637,0.461288213073363,0.510805812768878,0.566617761084397,0.433382238915603,0.489194187231122,0.988754754896389,0.0112452451036115
