DemSeatsMean,RepSeatsMean,DemSeatsLow95,DemSeatsHigh95,RepSeatsLow95,RepSeatsHigh95,DemWinChance,RepWinChance,DemPopVoteMean,RepPopVoteMean,DemPopVoteLow95,DemPopVoteHigh95,RepPopVoteLow95,RepPopVoteHigh95,DemPopVoteWinChance,RepPopVoteWinChance
227.7667,207.2333,210,249,186,225,0.8116,0.1884,0.536411051645637,0.463588948354363,0.507633685139356,0.565188418151917,0.434811581848083,0.492366314860644,0.981299707816482,0.0187002921835179
