DemSeatsMean,RepSeatsMean,DemSeatsLow95,DemSeatsHigh95,RepSeatsLow95,RepSeatsHigh95,DemWinChance,RepWinChance,DemPopVoteMean,RepPopVoteMean,DemPopVoteLow95,DemPopVoteHigh95,RepPopVoteLow95,RepPopVoteHigh95,DemPopVoteWinChance,RepPopVoteWinChance
229.4233,205.5767,211,252,183,224,0.8451,0.1549,0.540090608988365,0.459909391011635,0.511409261627346,0.568771956349384,0.431228043650616,0.488590738372654,0.989258052872956,0.0107419471270443
