DemSeatsMean,RepSeatsMean,DemSeatsLow95,DemSeatsHigh95,RepSeatsLow95,RepSeatsHigh95,DemWinChance,RepWinChance,DemPopVoteMean,RepPopVoteMean,DemPopVoteLow95,DemPopVoteHigh95,RepPopVoteLow95,RepPopVoteHigh95,DemPopVoteWinChance,RepPopVoteWinChance
222.8212,212.1788,201.444394954251,247.289980533136,187.710019466864,233.555605045749,0.6414,0.3586,0.533184802443069,0.466815197556931,0.505431289217515,0.560938315668624,0.439061684331376,0.494568710782485,0.975403906984446,0.0245960930155539
