DemSeatsMean,RepSeatsMean,DemSeatsLow95,DemSeatsHigh95,RepSeatsLow95,RepSeatsHigh95,DemWinChance,RepWinChance,DemPopVoteMean,RepPopVoteMean,DemPopVoteLow95,DemPopVoteHigh95,RepPopVoteLow95,RepPopVoteHigh95,DemPopVoteWinChance,RepPopVoteWinChance
226.8176,208.1824,206.680376203337,250.635285081927,184.364714918073,228.319623796663,0.7545,0.2455,0.539368705859122,0.460631294140878,0.510950011702328,0.567787400015915,0.432212599984085,0.489049988297672,0.988661568782738,0.0113384312172615
