DemSeatsMean,RepSeatsMean,DemSeatsLow95,DemSeatsHigh95,RepSeatsLow95,RepSeatsHigh95,DemWinChance,RepWinChance,DemPopVoteMean,RepPopVoteMean,DemPopVoteLow95,DemPopVoteHigh95,RepPopVoteLow95,RepPopVoteHigh95,DemPopVoteWinChance,RepPopVoteWinChance
221.1538,213.8462,202.707209459878,243.409820422931,191.590179577069,232.292790540122,0.5921,0.4079,0.523993020461716,0.476006979538284,0.496784074922078,0.551201966001354,0.448798033998646,0.503215925077922,0.926550380246231,0.0734496197537694
