DemSeatsMean,RepSeatsMean,DemSeatsLow95,DemSeatsHigh95,RepSeatsLow95,RepSeatsHigh95,DemWinChance,RepWinChance,DemPopVoteMean,RepPopVoteMean,DemPopVoteLow95,DemPopVoteHigh95,RepPopVoteLow95,RepPopVoteHigh95,DemPopVoteWinChance,RepPopVoteWinChance
221.329,213.671,202.864992264001,242.840056476632,192.159943523368,232.135007735999,0.5993,0.4007,0.524268368311717,0.475731631688283,0.497233130301697,0.551303606321737,0.448696393678263,0.502766869698303,0.930114672315307,0.0698853276846931
