DemSeatsMean,RepSeatsMean,DemSeatsLow95,DemSeatsHigh95,RepSeatsLow95,RepSeatsHigh95,DemWinChance,RepWinChance,DemPopVoteMean,RepPopVoteMean,DemPopVoteLow95,DemPopVoteHigh95,RepPopVoteLow95,RepPopVoteHigh95,DemPopVoteWinChance,RepPopVoteWinChance
221.3952,213.6048,203.161665048739,243.167570150033,191.832429849967,231.838334951261,0.6019,0.3981,0.524082174877753,0.475917825122247,0.497022551856246,0.551141797899261,0.448858202100739,0.502977448143754,0.928402468301721,0.0715975316982793
