DemSeatsMean,RepSeatsMean,DemSeatsLow95,DemSeatsHigh95,RepSeatsLow95,RepSeatsHigh95,DemWinChance,RepWinChance,DemPopVoteMean,RepPopVoteMean,DemPopVoteLow95,DemPopVoteHigh95,RepPopVoteLow95,RepPopVoteHigh95,DemPopVoteWinChance,RepPopVoteWinChance
224.5789,210.4211,204.532627091136,247.932905249214,187.067094750786,230.467372908864,0.6975,0.3025,0.53784027662254,0.46215972337746,0.50974666667296,0.56593388657212,0.43406611342788,0.49025333332704,0.986644269515488,0.0133557304845124
