DemSeatsMean,RepSeatsMean,DemSeatsLow95,DemSeatsHigh95,RepSeatsLow95,RepSeatsHigh95,DemWinChance,RepWinChance,DemPopVoteMean,RepPopVoteMean,DemPopVoteLow95,DemPopVoteHigh95,RepPopVoteLow95,RepPopVoteHigh95,DemPopVoteWinChance,RepPopVoteWinChance
224.845,210.155,204.644156795471,248.817683968495,186.182316031505,230.355843204529,0.6984,0.3016,0.538148265986742,0.461851734013258,0.51005012742533,0.566246404548154,0.433753595451846,0.48994987257467,0.987238142132352,0.0127618578676482
