DemSeatsMean,RepSeatsMean,DemSeatsLow95,DemSeatsHigh95,RepSeatsLow95,RepSeatsHigh95,DemWinChance,RepWinChance,DemPopVoteMean,RepPopVoteMean,DemPopVoteLow95,DemPopVoteHigh95,RepPopVoteLow95,RepPopVoteHigh95,DemPopVoteWinChance,RepPopVoteWinChance
222.7689,212.2311,202.209954516913,247.149561530336,187.850438469664,232.790045483087,0.6397,0.3603,0.536869623019764,0.463130376980236,0.508871770620934,0.564867475418595,0.435132524581405,0.491128229379066,0.984854204267259,0.0151457957327406
