DemSeatsMean,RepSeatsMean,DemSeatsLow95,DemSeatsHigh95,RepSeatsLow95,RepSeatsHigh95,DemWinChance,RepWinChance,DemPopVoteMean,RepPopVoteMean,DemPopVoteLow95,DemPopVoteHigh95,RepPopVoteLow95,RepPopVoteHigh95,DemPopVoteWinChance,RepPopVoteWinChance
222.3292,212.6708,202.157431252056,246.247244342995,188.752755657005,232.842568747944,0.6281,0.3719,0.536869623019764,0.463130376980236,0.508871770620934,0.564867475418595,0.435132524581405,0.491128229379066,0.984854204267259,0.0151457957327406
