DemSeatsMean,RepSeatsMean,DemSeatsLow95,DemSeatsHigh95,RepSeatsLow95,RepSeatsHigh95,DemWinChance,RepWinChance,DemPopVoteMean,RepPopVoteMean,DemPopVoteLow95,DemPopVoteHigh95,RepPopVoteLow95,RepPopVoteHigh95,DemPopVoteWinChance,RepPopVoteWinChance
226.7647,208.2353,206,252,183,229,0.7408,0.2592,0.539439145138361,0.460560854861639,0.51091776691118,0.567960523365542,0.432039476634458,0.48908223308882,0.988537838746649,0.0114621612533512
