DemSeatsMean,RepSeatsMean,DemSeatsLow95,DemSeatsHigh95,RepSeatsLow95,RepSeatsHigh95,DemWinChance,RepWinChance,DemPopVoteMean,RepPopVoteMean,DemPopVoteLow95,DemPopVoteHigh95,RepPopVoteLow95,RepPopVoteHigh95,DemPopVoteWinChance,RepPopVoteWinChance
226.8677,208.1323,206.430582303745,251.215070725875,183.784929274125,228.569417696255,0.7509,0.2491,0.542679810830505,0.457320189169495,0.514461579505072,0.570898042155937,0.429101957844063,0.485538420494928,0.993577664090686,0.00642233590931374
