DemSeatsMean,RepSeatsMean,DemSeatsLow95,DemSeatsHigh95,RepSeatsLow95,RepSeatsHigh95,DemWinChance,RepWinChance,DemPopVoteMean,RepPopVoteMean,DemPopVoteLow95,DemPopVoteHigh95,RepPopVoteLow95,RepPopVoteHigh95,DemPopVoteWinChance,RepPopVoteWinChance
222.6754,212.3246,203.743580031386,245.38702998916,189.61297001084,231.256419968614,0.6439,0.3561,0.526583359419945,0.473416640580055,0.499151339165388,0.554015379674502,0.445984620325498,0.500848660834612,0.944544171406507,0.0554558285934929
