DemSeatsMean,RepSeatsMean,DemSeatsLow95,DemSeatsHigh95,RepSeatsLow95,RepSeatsHigh95,DemWinChance,RepWinChance,DemPopVoteMean,RepPopVoteMean,DemPopVoteLow95,DemPopVoteHigh95,RepPopVoteLow95,RepPopVoteHigh95,DemPopVoteWinChance,RepPopVoteWinChance
228.576,206.424,211.5,250,185,223.5,0.835,0.165,0.538077097695199,0.461922902304801,0.508904269575584,0.567249925814813,0.432750074185187,0.491095730424416,0.984107129875208,0.015892870124792
