DemSeatsMean,RepSeatsMean,DemSeatsLow95,DemSeatsHigh95,RepSeatsLow95,RepSeatsHigh95,DemWinChance,RepWinChance,DemPopVoteMean,RepPopVoteMean,DemPopVoteLow95,DemPopVoteHigh95,RepPopVoteLow95,RepPopVoteHigh95,DemPopVoteWinChance,RepPopVoteWinChance
226.7629,208.2371,206,251,184,229,0.7522,0.2478,0.539469844172542,0.460530155827458,0.510920131908747,0.568019556436336,0.431980443563664,0.489079868091253,0.988523163152971,0.011476836847029
