DemSeatsMean,RepSeatsMean,DemSeatsLow95,DemSeatsHigh95,RepSeatsLow95,RepSeatsHigh95,DemWinChance,RepWinChance,DemPopVoteMean,RepPopVoteMean,DemPopVoteLow95,DemPopVoteHigh95,RepPopVoteLow95,RepPopVoteHigh95,DemPopVoteWinChance,RepPopVoteWinChance
219.9678,215.0322,201.179517380706,240.972773209879,194.027226790121,233.820482619294,0.5625,0.4375,0.530684702097866,0.469315297902134,0.502953109905946,0.558416294289786,0.441583705710214,0.497046890094054,0.965633776952779,0.0343662230472209
