DemSeatsMean,RepSeatsMean,DemSeatsLow95,DemSeatsHigh95,RepSeatsLow95,RepSeatsHigh95,DemWinChance,RepWinChance,DemPopVoteMean,RepPopVoteMean,DemPopVoteLow95,DemPopVoteHigh95,RepPopVoteLow95,RepPopVoteHigh95,DemPopVoteWinChance,RepPopVoteWinChance
219.8548,215.1452,201.567500134884,240.858249333929,194.141750666071,233.432499865116,0.5571,0.4429,0.530683816158888,0.469316183841112,0.502952221472526,0.558415410845249,0.441584589154751,0.497047778527474,0.965629764034846,0.034370235965154
