DemSeatsMean,RepSeatsMean,DemSeatsLow95,DemSeatsHigh95,RepSeatsLow95,RepSeatsHigh95,DemWinChance,RepWinChance,DemPopVoteMean,RepPopVoteMean,DemPopVoteLow95,DemPopVoteHigh95,RepPopVoteLow95,RepPopVoteHigh95,DemPopVoteWinChance,RepPopVoteWinChance
231.4364,203.5636,214,253,182,221,0.8973,0.1027,0.538233426817265,0.461766573182735,0.509188447242139,0.56727840639239,0.43272159360761,0.490811552757861,0.984821451615529,0.0151785483844714
