DemSeatsMean,RepSeatsMean,DemSeatsLow95,DemSeatsHigh95,RepSeatsLow95,RepSeatsHigh95,DemWinChance,RepWinChance,DemPopVoteMean,RepPopVoteMean,DemPopVoteLow95,DemPopVoteHigh95,RepPopVoteLow95,RepPopVoteHigh95,DemPopVoteWinChance,RepPopVoteWinChance
223.0381,211.9619,202.466074712905,246.915917230718,188.084082769282,232.533925287095,0.6455,0.3545,0.538646759009097,0.461353240990903,0.510740779491555,0.566552738526638,0.433447261473362,0.489259220508445,0.988641084323847,0.0113589156761525
