DemSeatsMean,RepSeatsMean,DemSeatsLow95,DemSeatsHigh95,RepSeatsLow95,RepSeatsHigh95,DemWinChance,RepWinChance,DemPopVoteMean,RepPopVoteMean,DemPopVoteLow95,DemPopVoteHigh95,RepPopVoteLow95,RepPopVoteHigh95,DemPopVoteWinChance,RepPopVoteWinChance
231.931,203.069,214,254,181,221,0.8965,0.1035,0.538410451767784,0.461589548232216,0.509496311808375,0.567324591727192,0.432675408272808,0.490503688191625,0.985565460162072,0.014434539837928
