DemSeatsMean,RepSeatsMean,DemSeatsLow95,DemSeatsHigh95,RepSeatsLow95,RepSeatsHigh95,DemWinChance,RepWinChance,DemPopVoteMean,RepPopVoteMean,DemPopVoteLow95,DemPopVoteHigh95,RepPopVoteLow95,RepPopVoteHigh95,DemPopVoteWinChance,RepPopVoteWinChance
228.4544,206.5456,211,250,185,224,0.8322,0.1678,0.537900637458346,0.462099362541654,0.508700634363513,0.56710064055318,0.43289935944682,0.491299365636487,0.983625846746343,0.0163741532536568
