DemSeatsMean,RepSeatsMean,DemSeatsLow95,DemSeatsHigh95,RepSeatsLow95,RepSeatsHigh95,DemWinChance,RepWinChance,DemPopVoteMean,RepPopVoteMean,DemPopVoteLow95,DemPopVoteHigh95,RepPopVoteLow95,RepPopVoteHigh95,DemPopVoteWinChance,RepPopVoteWinChance
228.0162,206.9838,211,249,186,224,0.8228,0.1772,0.537330815031339,0.462669184968661,0.508267126250609,0.566394503812069,0.433605496187931,0.491732873749391,0.98269610587208,0.0173038941279199
