DemSeatsMean,RepSeatsMean,DemSeatsLow95,DemSeatsHigh95,RepSeatsLow95,RepSeatsHigh95,DemWinChance,RepWinChance,DemPopVoteMean,RepPopVoteMean,DemPopVoteLow95,DemPopVoteHigh95,RepPopVoteLow95,RepPopVoteHigh95,DemPopVoteWinChance,RepPopVoteWinChance
226.8993,208.1007,207,249,186,228,0.7773,0.2227,0.533746531853015,0.466253468146985,0.50453294121443,0.562960122491601,0.437039877508399,0.49546705878557,0.971299659041181,0.0287003409588192
