DemSeatsMean,RepSeatsMean,DemSeatsLow95,DemSeatsHigh95,RepSeatsLow95,RepSeatsHigh95,DemWinChance,RepWinChance,DemPopVoteMean,RepPopVoteMean,DemPopVoteLow95,DemPopVoteHigh95,RepPopVoteLow95,RepPopVoteHigh95,DemPopVoteWinChance,RepPopVoteWinChance
222.9801,212.0199,202.950795419582,246.359471116012,188.640528883988,232.049204580418,0.652,0.348,0.539145134667697,0.460854865332303,0.511150326870211,0.567139942465182,0.432860057534818,0.488849673129789,0.989281644737249,0.0107183552627506
