DemSeatsMean,RepSeatsMean,DemSeatsLow95,DemSeatsHigh95,RepSeatsLow95,RepSeatsHigh95,DemWinChance,RepWinChance,DemPopVoteMean,RepPopVoteMean,DemPopVoteLow95,DemPopVoteHigh95,RepPopVoteLow95,RepPopVoteHigh95,DemPopVoteWinChance,RepPopVoteWinChance
222.2827,212.7173,201.488132175319,246.152920252914,188.847079747086,233.511867824681,0.6256,0.3744,0.53731415738353,0.46268584261647,0.509461484466961,0.565166830300098,0.434833169699902,0.490538515533039,0.986230879999012,0.0137691200009877
