DemSeatsMean,RepSeatsMean,DemSeatsLow95,DemSeatsHigh95,RepSeatsLow95,RepSeatsHigh95,DemWinChance,RepWinChance,DemPopVoteMean,RepPopVoteMean,DemPopVoteLow95,DemPopVoteHigh95,RepPopVoteLow95,RepPopVoteHigh95,DemPopVoteWinChance,RepPopVoteWinChance
221.5307,213.4693,202.843106624689,243.948252934862,191.051747065138,232.156893375311,0.6034,0.3966,0.524767891602374,0.475232108397626,0.497409683541152,0.552126099663596,0.447873900336404,0.502590316458848,0.9317890828725,0.0682109171275003
