DemSeatsMean,RepSeatsMean,DemSeatsLow95,DemSeatsHigh95,RepSeatsLow95,RepSeatsHigh95,DemWinChance,RepWinChance,DemPopVoteMean,RepPopVoteMean,DemPopVoteLow95,DemPopVoteHigh95,RepPopVoteLow95,RepPopVoteHigh95,DemPopVoteWinChance,RepPopVoteWinChance
226.2805,208.7195,206,250,185,229,0.7398,0.2602,0.5388338803375,0.4611661196625,0.510400725313428,0.567267035361572,0.432732964638428,0.489599274686572,0.987671480679858,0.0123285193201423
