DemSeatsMean,RepSeatsMean,DemSeatsLow95,DemSeatsHigh95,RepSeatsLow95,RepSeatsHigh95,DemWinChance,RepWinChance,DemPopVoteMean,RepPopVoteMean,DemPopVoteLow95,DemPopVoteHigh95,RepPopVoteLow95,RepPopVoteHigh95,DemPopVoteWinChance,RepPopVoteWinChance
227.6975,207.3025,207.465819160105,252.090651254794,182.909348745206,227.534180839895,0.7741,0.2259,0.543831681087427,0.456168318912573,0.515609228281771,0.572054133893083,0.427945866106917,0.484390771718229,0.994687771124915,0.00531222887508542
