DemSeatsMean,RepSeatsMean,DemSeatsLow95,DemSeatsHigh95,RepSeatsLow95,RepSeatsHigh95,DemWinChance,RepWinChance,DemPopVoteMean,RepPopVoteMean,DemPopVoteLow95,DemPopVoteHigh95,RepPopVoteLow95,RepPopVoteHigh95,DemPopVoteWinChance,RepPopVoteWinChance
223.3364,211.6636,203.077186149043,247.327733659274,187.672266340726,231.922813850957,0.6538,0.3462,0.537827712924921,0.462172287075079,0.509780078059521,0.565875347790321,0.434124652209679,0.490219921940479,0.986743152737954,0.0132568472620462
