DemSeatsMean,RepSeatsMean,DemSeatsLow95,DemSeatsHigh95,RepSeatsLow95,RepSeatsHigh95,DemWinChance,RepWinChance,DemPopVoteMean,RepPopVoteMean,DemPopVoteLow95,DemPopVoteHigh95,RepPopVoteLow95,RepPopVoteHigh95,DemPopVoteWinChance,RepPopVoteWinChance
220.3034,214.6966,201.634770960967,241.861638090197,193.138361909803,233.365229039033,0.5695,0.4305,0.530683816158888,0.469316183841112,0.502952221472526,0.558415410845249,0.441584589154751,0.497047778527474,0.965629764034846,0.034370235965154
