DemSeatsMean,RepSeatsMean,DemSeatsLow95,DemSeatsHigh95,RepSeatsLow95,RepSeatsHigh95,DemWinChance,RepWinChance,DemPopVoteMean,RepPopVoteMean,DemPopVoteLow95,DemPopVoteHigh95,RepPopVoteLow95,RepPopVoteHigh95,DemPopVoteWinChance,RepPopVoteWinChance
226.568,208.432,206,250,185,229,0.7622,0.2378,0.533257991581934,0.466742008418066,0.504036648759327,0.562479334404541,0.437520665595459,0.495963351240673,0.969413365518461,0.0305866344815385
