DemSeatsMean,RepSeatsMean,DemSeatsLow95,DemSeatsHigh95,RepSeatsLow95,RepSeatsHigh95,DemWinChance,RepWinChance,DemPopVoteMean,RepPopVoteMean,DemPopVoteLow95,DemPopVoteHigh95,RepPopVoteLow95,RepPopVoteHigh95,DemPopVoteWinChance,RepPopVoteWinChance
221.1755,213.8245,202.744337982705,242.506250490588,192.493749509412,232.255662017295,0.5952,0.4048,0.524082174877753,0.475917825122247,0.497022551856246,0.551141797899261,0.448858202100739,0.502977448143754,0.928402468301721,0.0715975316982793
