DemSeatsMean,RepSeatsMean,DemSeatsLow95,DemSeatsHigh95,RepSeatsLow95,RepSeatsHigh95,DemWinChance,RepWinChance,DemPopVoteMean,RepPopVoteMean,DemPopVoteLow95,DemPopVoteHigh95,RepPopVoteLow95,RepPopVoteHigh95,DemPopVoteWinChance,RepPopVoteWinChance
220.9368,214.0632,202.235629890711,242.878529976298,192.121470023702,232.764370109289,0.5898,0.4102,0.524124726484489,0.475875273515511,0.496774656058294,0.551474796910685,0.448525203089315,0.503225343941706,0.926611204475866,0.0733887955241341
