DemSeatsMean,RepSeatsMean,DemSeatsLow95,DemSeatsHigh95,RepSeatsLow95,RepSeatsHigh95,DemWinChance,RepWinChance,DemPopVoteMean,RepPopVoteMean,DemPopVoteLow95,DemPopVoteHigh95,RepPopVoteLow95,RepPopVoteHigh95,DemPopVoteWinChance,RepPopVoteWinChance
221.5995,213.4005,202.040461376066,243.847237355115,191.152762644885,232.959538623934,0.608,0.392,0.532450342931006,0.467549657068994,0.504736937684282,0.56016374817773,0.43983625182227,0.495263062315718,0.972958614718719,0.0270413852812806
