DemSeatsMean,RepSeatsMean,DemSeatsLow95,DemSeatsHigh95,RepSeatsLow95,RepSeatsHigh95,DemWinChance,RepWinChance,DemPopVoteMean,RepPopVoteMean,DemPopVoteLow95,DemPopVoteHigh95,RepPopVoteLow95,RepPopVoteHigh95,DemPopVoteWinChance,RepPopVoteWinChance
223.9988,211.0012,203.377679686667,248.286663751715,186.713336248285,231.622320313333,0.6752,0.3248,0.539756103884722,0.460243896115278,0.511790682353964,0.567721525415479,0.432278474584521,0.488209317646036,0.990320868073996,0.009679131926004
