DemSeatsMean,RepSeatsMean,DemSeatsLow95,DemSeatsHigh95,RepSeatsLow95,RepSeatsHigh95,DemWinChance,RepWinChance,DemPopVoteMean,RepPopVoteMean,DemPopVoteLow95,DemPopVoteHigh95,RepPopVoteLow95,RepPopVoteHigh95,DemPopVoteWinChance,RepPopVoteWinChance
226.2029,208.7971,206.019109546117,250.23279653802,184.76720346198,228.980890453883,0.7349,0.2651,0.53874127328947,0.46125872671053,0.510309383588689,0.567173162990252,0.432826837009748,0.489690616411311,0.987502366415734,0.0124976335842664
