DemSeatsMean,RepSeatsMean,DemSeatsLow95,DemSeatsHigh95,RepSeatsLow95,RepSeatsHigh95,DemWinChance,RepWinChance,DemPopVoteMean,RepPopVoteMean,DemPopVoteLow95,DemPopVoteHigh95,RepPopVoteLow95,RepPopVoteHigh95,DemPopVoteWinChance,RepPopVoteWinChance
225.9982,209.0018,206,251,184,229,0.723,0.277,0.538518263458342,0.461481736541658,0.509890581873141,0.567145945043544,0.432854054956456,0.490109418126859,0.986562593017455,0.0134374069825451
