DemSeatsMean,RepSeatsMean,DemSeatsLow95,DemSeatsHigh95,RepSeatsLow95,RepSeatsHigh95,DemWinChance,RepWinChance,DemPopVoteMean,RepPopVoteMean,DemPopVoteLow95,DemPopVoteHigh95,RepPopVoteLow95,RepPopVoteHigh95,DemPopVoteWinChance,RepPopVoteWinChance
231.8528,203.1472,214,253,182,221,0.8989,0.1011,0.53821113612316,0.46178886387684,0.509357632808893,0.567064639437427,0.432935360562573,0.490642367191107,0.985315534850675,0.0146844651493254
