DemSeatsMean,RepSeatsMean,DemSeatsLow95,DemSeatsHigh95,RepSeatsLow95,RepSeatsHigh95,DemWinChance,RepWinChance,DemPopVoteMean,RepPopVoteMean,DemPopVoteLow95,DemPopVoteHigh95,RepPopVoteLow95,RepPopVoteHigh95,DemPopVoteWinChance,RepPopVoteWinChance
226.5565,208.4435,206.593727345522,250.167156875939,184.832843124061,228.406272654478,0.7477,0.2523,0.539072245449115,0.460927754550885,0.510714025663805,0.567430465234424,0.432569534765576,0.489285974336195,0.988289540236096,0.0117104597639042
