DemSeatsMean,RepSeatsMean,DemSeatsLow95,DemSeatsHigh95,RepSeatsLow95,RepSeatsHigh95,DemWinChance,RepWinChance,DemPopVoteMean,RepPopVoteMean,DemPopVoteLow95,DemPopVoteHigh95,RepPopVoteLow95,RepPopVoteHigh95,DemPopVoteWinChance,RepPopVoteWinChance
222.9382,212.0618,202.648723277281,246.297843249214,188.702156750786,232.351276722719,0.6514,0.3486,0.537543971528559,0.462456028471441,0.50955253435706,0.565535408700058,0.434464591299942,0.49044746564294,0.986321405397621,0.0136785946023787
