DemSeatsMean,RepSeatsMean,DemSeatsLow95,DemSeatsHigh95,RepSeatsLow95,RepSeatsHigh95,DemWinChance,RepWinChance,DemPopVoteMean,RepPopVoteMean,DemPopVoteLow95,DemPopVoteHigh95,RepPopVoteLow95,RepPopVoteHigh95,DemPopVoteWinChance,RepPopVoteWinChance
227.0903,207.9097,202,257,178,233,0.7753,0.2247,0.529002217689394,0.470997782310606,0.493421209864851,0.564583225513937,0.435416774486063,0.506578790135149,0.948471203729545,0.0515287962704549
