DemSeatsMean,RepSeatsMean,DemSeatsLow95,DemSeatsHigh95,RepSeatsLow95,RepSeatsHigh95,DemWinChance,RepWinChance,DemPopVoteMean,RepPopVoteMean,DemPopVoteLow95,DemPopVoteHigh95,RepPopVoteLow95,RepPopVoteHigh95,DemPopVoteWinChance,RepPopVoteWinChance
222.9157,212.0843,201.482356948165,247.610602311179,187.389397688821,233.517643051835,0.6444,0.3556,0.5332628017402,0.4667371982598,0.505552213164648,0.560973390315751,0.439026609684249,0.494447786835352,0.975843180835145,0.0241568191648549
