DemSeatsMean,RepSeatsMean,DemSeatsLow95,DemSeatsHigh95,RepSeatsLow95,RepSeatsHigh95,DemWinChance,RepWinChance,DemPopVoteMean,RepPopVoteMean,DemPopVoteLow95,DemPopVoteHigh95,RepPopVoteLow95,RepPopVoteHigh95,DemPopVoteWinChance,RepPopVoteWinChance
225.7183,209.2817,205.073965211648,249.743556501971,185.256443498029,229.926034788352,0.7175,0.2825,0.539294982693869,0.460705017306131,0.511112443705,0.567477521682738,0.432522478317262,0.488887556295,0.989094047892609,0.0109059521073909
