DemSeatsMean,RepSeatsMean,DemSeatsLow95,DemSeatsHigh95,RepSeatsLow95,RepSeatsHigh95,DemWinChance,RepWinChance,DemPopVoteMean,RepPopVoteMean,DemPopVoteLow95,DemPopVoteHigh95,RepPopVoteLow95,RepPopVoteHigh95,DemPopVoteWinChance,RepPopVoteWinChance
223.2379,211.7621,203.153365152675,247.229511095805,187.770488904195,231.846634847325,0.656,0.344,0.538646759009097,0.461353240990903,0.510740779491555,0.566552738526638,0.433447261473362,0.489259220508445,0.988641084323847,0.0113589156761525
