DemSeatsMean,RepSeatsMean,DemSeatsLow95,DemSeatsHigh95,RepSeatsLow95,RepSeatsHigh95,DemWinChance,RepWinChance,DemPopVoteMean,RepPopVoteMean,DemPopVoteLow95,DemPopVoteHigh95,RepPopVoteLow95,RepPopVoteHigh95,DemPopVoteWinChance,RepPopVoteWinChance
229.7868,205.2132,212,251,184,223,0.8544,0.1456,0.539247795682811,0.460752204317189,0.510489301837217,0.568006289528404,0.431993710471596,0.489510698162783,0.987615716309939,0.0123842836900611
