DemSeatsMean,RepSeatsMean,DemSeatsLow95,DemSeatsHigh95,RepSeatsLow95,RepSeatsHigh95,DemWinChance,RepWinChance,DemPopVoteMean,RepPopVoteMean,DemPopVoteLow95,DemPopVoteHigh95,RepPopVoteLow95,RepPopVoteHigh95,DemPopVoteWinChance,RepPopVoteWinChance
227.9218,207.0782,208,254,181,227,0.8323,0.1677,0.532482394683958,0.467517605316042,0.496847334456618,0.568117454911299,0.431882545088701,0.503152665543382,0.965852713011087,0.0341472869889129
