DemSeatsMean,RepSeatsMean,DemSeatsLow95,DemSeatsHigh95,RepSeatsLow95,RepSeatsHigh95,DemWinChance,RepWinChance,DemPopVoteMean,RepPopVoteMean,DemPopVoteLow95,DemPopVoteHigh95,RepPopVoteLow95,RepPopVoteHigh95,DemPopVoteWinChance,RepPopVoteWinChance
221.4693,213.5307,202.883677704965,243.581062660223,191.418937339777,232.116322295035,0.6072,0.3928,0.524802970191291,0.475197029808709,0.497438523722254,0.552167416660327,0.447832583339673,0.502561476277746,0.932021633263145,0.067978366736855
