DemSeatsMean,RepSeatsMean,DemSeatsLow95,DemSeatsHigh95,RepSeatsLow95,RepSeatsHigh95,DemWinChance,RepWinChance,DemPopVoteMean,RepPopVoteMean,DemPopVoteLow95,DemPopVoteHigh95,RepPopVoteLow95,RepPopVoteHigh95,DemPopVoteWinChance,RepPopVoteWinChance
226.7312,208.2688,207,250.5,184.5,228,0.7516,0.2484,0.539498889737671,0.460501110262329,0.510970833056155,0.568026946419187,0.431973053580813,0.489029166943845,0.988624969226208,0.011375030773792
