DemSeatsMean,RepSeatsMean,DemSeatsLow95,DemSeatsHigh95,RepSeatsLow95,RepSeatsHigh95,DemWinChance,RepWinChance,DemPopVoteMean,RepPopVoteMean,DemPopVoteLow95,DemPopVoteHigh95,RepPopVoteLow95,RepPopVoteHigh95,DemPopVoteWinChance,RepPopVoteWinChance
231.3265,203.6735,213,252.5,182.5,222,0.8912,0.1088,0.537462088598523,0.462537911401477,0.508660124217945,0.5662640529791,0.4337359470209,0.491339875782055,0.983807082411486,0.0161929175885138
