DemSeatsMean,RepSeatsMean,DemSeatsLow95,DemSeatsHigh95,RepSeatsLow95,RepSeatsHigh95,DemWinChance,RepWinChance,DemPopVoteMean,RepPopVoteMean,DemPopVoteLow95,DemPopVoteHigh95,RepPopVoteLow95,RepPopVoteHigh95,DemPopVoteWinChance,RepPopVoteWinChance
221.2844,213.7156,202.587871562733,243.506209478135,191.493790521865,232.412128437267,0.6008,0.3992,0.524630960507983,0.475369039492017,0.497267254978272,0.551994666037694,0.448005333962306,0.502732745021728,0.930659126042253,0.0693408739577466
