DemSeatsMean,RepSeatsMean,DemSeatsLow95,DemSeatsHigh95,RepSeatsLow95,RepSeatsHigh95,DemWinChance,RepWinChance,DemPopVoteMean,RepPopVoteMean,DemPopVoteLow95,DemPopVoteHigh95,RepPopVoteLow95,RepPopVoteHigh95,DemPopVoteWinChance,RepPopVoteWinChance
222.316,212.684,202.951768223142,244.919140620634,190.080859379366,232.048231776858,0.6379,0.3621,0.533596448301029,0.466403551698971,0.505956636055362,0.561236260546696,0.438763739453304,0.494043363944638,0.977223549036203,0.0227764509637972
