DemSeatsMean,RepSeatsMean,DemSeatsLow95,DemSeatsHigh95,RepSeatsLow95,RepSeatsHigh95,DemWinChance,RepWinChance,DemPopVoteMean,RepPopVoteMean,DemPopVoteLow95,DemPopVoteHigh95,RepPopVoteLow95,RepPopVoteHigh95,DemPopVoteWinChance,RepPopVoteWinChance
226.0027,208.9973,206,250,185,229,0.7292,0.2708,0.53874127328947,0.46125872671053,0.510309383588689,0.567173162990252,0.432826837009748,0.489690616411311,0.987502366415734,0.0124976335842664
