DemSeatsMean,RepSeatsMean,DemSeatsLow95,DemSeatsHigh95,RepSeatsLow95,RepSeatsHigh95,DemWinChance,RepWinChance,DemPopVoteMean,RepPopVoteMean,DemPopVoteLow95,DemPopVoteHigh95,RepPopVoteLow95,RepPopVoteHigh95,DemPopVoteWinChance,RepPopVoteWinChance
221.1174,213.8826,202.819291048659,242.539070441939,192.460929558061,232.180708951341,0.5936,0.4064,0.52409982647933,0.47590017352067,0.496935349138042,0.551264303820618,0.448735696179382,0.503064650861958,0.92777438235857,0.0722256176414301
