DemSeatsMean,RepSeatsMean,DemSeatsLow95,DemSeatsHigh95,RepSeatsLow95,RepSeatsHigh95,DemWinChance,RepWinChance,DemPopVoteMean,RepPopVoteMean,DemPopVoteLow95,DemPopVoteHigh95,RepPopVoteLow95,RepPopVoteHigh95,DemPopVoteWinChance,RepPopVoteWinChance
222.488,212.512,203.663186291723,245.222234171937,189.777765828063,231.336813708277,0.6314,0.3686,0.526277058172544,0.473722941827456,0.498800396081553,0.553753720263534,0.446246279736466,0.501199603918447,0.942161534620767,0.0578384653792329
