DemSeatsMean,RepSeatsMean,DemSeatsLow95,DemSeatsHigh95,RepSeatsLow95,RepSeatsHigh95,DemWinChance,RepWinChance,DemPopVoteMean,RepPopVoteMean,DemPopVoteLow95,DemPopVoteHigh95,RepPopVoteLow95,RepPopVoteHigh95,DemPopVoteWinChance,RepPopVoteWinChance
221.1165,213.8835,202.558512419257,242.941667338734,192.058332661266,232.441487580743,0.5956,0.4044,0.524354861292013,0.475645138707987,0.497028097872498,0.551681624711528,0.448318375288472,0.502971902127502,0.928689372346791,0.0713106276532085
