DemSeatsMean,RepSeatsMean,DemSeatsLow95,DemSeatsHigh95,RepSeatsLow95,RepSeatsHigh95,DemWinChance,RepWinChance,DemPopVoteMean,RepPopVoteMean,DemPopVoteLow95,DemPopVoteHigh95,RepPopVoteLow95,RepPopVoteHigh95,DemPopVoteWinChance,RepPopVoteWinChance
226.6405,208.3595,201,256,179,234,0.7617,0.2383,0.528277289777566,0.471722710222434,0.492720787171956,0.563833792383175,0.436166207616825,0.507279212828044,0.944145141474795,0.0558548585252052
