DemSeatsMean,RepSeatsMean,DemSeatsLow95,DemSeatsHigh95,RepSeatsLow95,RepSeatsHigh95,DemWinChance,RepWinChance,DemPopVoteMean,RepPopVoteMean,DemPopVoteLow95,DemPopVoteHigh95,RepPopVoteLow95,RepPopVoteHigh95,DemPopVoteWinChance,RepPopVoteWinChance
220.0616,214.9384,201.512329575293,241.538862178694,193.461137821306,233.487670424707,0.5661,0.4339,0.530684702097866,0.469315297902134,0.502953109905946,0.558416294289786,0.441583705710214,0.497046890094054,0.965633776952779,0.0343662230472209
