DemSeatsMean,RepSeatsMean,DemSeatsLow95,DemSeatsHigh95,RepSeatsLow95,RepSeatsHigh95,DemWinChance,RepWinChance,DemPopVoteMean,RepPopVoteMean,DemPopVoteLow95,DemPopVoteHigh95,RepPopVoteLow95,RepPopVoteHigh95,DemPopVoteWinChance,RepPopVoteWinChance
229.5131,205.4869,211,251,184,224,0.8437,0.1563,0.538970688764354,0.461029311235646,0.510261864960562,0.567679512568147,0.432320487431853,0.489738135039438,0.987225504228807,0.0127744957711933
