DemSeatsMean,RepSeatsMean,DemSeatsLow95,DemSeatsHigh95,RepSeatsLow95,RepSeatsHigh95,DemWinChance,RepWinChance,DemPopVoteMean,RepPopVoteMean,DemPopVoteLow95,DemPopVoteHigh95,RepPopVoteLow95,RepPopVoteHigh95,DemPopVoteWinChance,RepPopVoteWinChance
223.9788,211.0212,203.895343077718,247.631149610347,187.368850389653,231.104656922282,0.6789,0.3211,0.540363883038461,0.459636116961539,0.512394697148899,0.568333068928024,0.431666931071976,0.487605302851101,0.991201503498411,0.00879849650158948
