DemSeatsMean,RepSeatsMean,DemSeatsLow95,DemSeatsHigh95,RepSeatsLow95,RepSeatsHigh95,DemWinChance,RepWinChance,DemPopVoteMean,RepPopVoteMean,DemPopVoteLow95,DemPopVoteHigh95,RepPopVoteLow95,RepPopVoteHigh95,DemPopVoteWinChance,RepPopVoteWinChance
223.2344,211.7656,202.891481120972,246.815244884704,188.184755115296,232.108518879028,0.6567,0.3433,0.537827712924921,0.462172287075079,0.509780078059521,0.565875347790321,0.434124652209679,0.490219921940479,0.986743152737954,0.0132568472620462
