DemSeatsMean,RepSeatsMean,DemSeatsLow95,DemSeatsHigh95,RepSeatsLow95,RepSeatsHigh95,DemWinChance,RepWinChance,DemPopVoteMean,RepPopVoteMean,DemPopVoteLow95,DemPopVoteHigh95,RepPopVoteLow95,RepPopVoteHigh95,DemPopVoteWinChance,RepPopVoteWinChance
222.5319,212.4681,203.546579200586,245.005301040266,189.994698959734,231.453420799414,0.6381,0.3619,0.526206844586978,0.473793155413022,0.498731967298093,0.553681721875863,0.446318278124137,0.501268032701907,0.941685260818273,0.0583147391817269
