DemSeatsMean,RepSeatsMean,DemSeatsLow95,DemSeatsHigh95,RepSeatsLow95,RepSeatsHigh95,DemWinChance,RepWinChance,DemPopVoteMean,RepPopVoteMean,DemPopVoteLow95,DemPopVoteHigh95,RepPopVoteLow95,RepPopVoteHigh95,DemPopVoteWinChance,RepPopVoteWinChance
223.2975,211.7025,203.46932830236,246.809392672026,188.190607327974,231.53067169764,0.6529,0.3471,0.537827712924921,0.462172287075079,0.509780078059521,0.565875347790321,0.434124652209679,0.490219921940479,0.986743152737954,0.0132568472620462
