DemSeatsMean,RepSeatsMean,DemSeatsLow95,DemSeatsHigh95,RepSeatsLow95,RepSeatsHigh95,DemWinChance,RepWinChance,DemPopVoteMean,RepPopVoteMean,DemPopVoteLow95,DemPopVoteHigh95,RepPopVoteLow95,RepPopVoteHigh95,DemPopVoteWinChance,RepPopVoteWinChance
225.8118,209.1882,205,249,186,230,0.7254,0.2746,0.538185066258338,0.461814933741662,0.509549014340996,0.56682111817568,0.43317888182432,0.490450985659004,0.985865888580615,0.0141341114193855
