DemSeatsMean,RepSeatsMean,DemSeatsLow95,DemSeatsHigh95,RepSeatsLow95,RepSeatsHigh95,DemWinChance,RepWinChance,DemPopVoteMean,RepPopVoteMean,DemPopVoteLow95,DemPopVoteHigh95,RepPopVoteLow95,RepPopVoteHigh95,DemPopVoteWinChance,RepPopVoteWinChance
221.9803,213.0197,203.186078547546,244.075427747012,190.924572252988,231.813921452454,0.6246,0.3754,0.525700637969093,0.474299362030907,0.498217303237217,0.553183972700968,0.446816027299032,0.501782696762783,0.938012073970257,0.0619879260297429
