DemSeatsMean,RepSeatsMean,DemSeatsLow95,DemSeatsHigh95,RepSeatsLow95,RepSeatsHigh95,DemWinChance,RepWinChance,DemPopVoteMean,RepPopVoteMean,DemPopVoteLow95,DemPopVoteHigh95,RepPopVoteLow95,RepPopVoteHigh95,DemPopVoteWinChance,RepPopVoteWinChance
222.7879,212.2121,203.063540423934,245.914196855346,189.085803144654,231.936459576066,0.6444,0.3556,0.526685828092589,0.473314171907411,0.499222700702953,0.554148955482225,0.445851044517775,0.500777299297047,0.945027560476947,0.0549724395230533
