DemSeatsMean,RepSeatsMean,DemSeatsLow95,DemSeatsHigh95,RepSeatsLow95,RepSeatsHigh95,DemWinChance,RepWinChance,DemPopVoteMean,RepPopVoteMean,DemPopVoteLow95,DemPopVoteHigh95,RepPopVoteLow95,RepPopVoteHigh95,DemPopVoteWinChance,RepPopVoteWinChance
221.6005,213.3995,202.670445897816,243.99419514155,191.00580485845,232.329554102184,0.6101,0.3899,0.532450342931006,0.467549657068994,0.504736937684282,0.56016374817773,0.43983625182227,0.495263062315718,0.972958614718719,0.0270413852812806
