DemSeatsMean,RepSeatsMean,DemSeatsLow95,DemSeatsHigh95,RepSeatsLow95,RepSeatsHigh95,DemWinChance,RepWinChance,DemPopVoteMean,RepPopVoteMean,DemPopVoteLow95,DemPopVoteHigh95,RepPopVoteLow95,RepPopVoteHigh95,DemPopVoteWinChance,RepPopVoteWinChance
226.5625,208.4375,206.593727345522,250.167156875939,184.832843124061,228.406272654478,0.748,0.252,0.539081146389902,0.460918853610098,0.510723184277674,0.56743910850213,0.43256089149787,0.489276815722326,0.988305948791441,0.0116940512085594
