DemSeatsMean,RepSeatsMean,DemSeatsLow95,DemSeatsHigh95,RepSeatsLow95,RepSeatsHigh95,DemWinChance,RepWinChance,DemPopVoteMean,RepPopVoteMean,DemPopVoteLow95,DemPopVoteHigh95,RepPopVoteLow95,RepPopVoteHigh95,DemPopVoteWinChance,RepPopVoteWinChance
229.3307,205.6693,208.617023653388,254.085289214151,180.914710785849,226.382976346612,0.8087,0.1913,0.544613204232676,0.455386795767324,0.51636276701013,0.572863641455222,0.427136358544778,0.48363723298987,0.995308715765925,0.00469128423407494
