DemSeatsMean,RepSeatsMean,DemSeatsLow95,DemSeatsHigh95,RepSeatsLow95,RepSeatsHigh95,DemWinChance,RepWinChance,DemPopVoteMean,RepPopVoteMean,DemPopVoteLow95,DemPopVoteHigh95,RepPopVoteLow95,RepPopVoteHigh95,DemPopVoteWinChance,RepPopVoteWinChance
226.2803,208.7197,206,251,184,229,0.7322,0.2678,0.538751075306241,0.461248924693759,0.510321199794338,0.567180950818144,0.432819049181856,0.489678800205662,0.987525834505651,0.0124741654943487
