DemSeatsMean,RepSeatsMean,DemSeatsLow95,DemSeatsHigh95,RepSeatsLow95,RepSeatsHigh95,DemWinChance,RepWinChance,DemPopVoteMean,RepPopVoteMean,DemPopVoteLow95,DemPopVoteHigh95,RepPopVoteLow95,RepPopVoteHigh95,DemPopVoteWinChance,RepPopVoteWinChance
231.8939,203.1061,214,253,182,221,0.9003,0.0997,0.538447005191803,0.461552994808197,0.509532931666883,0.567361078716723,0.432638921283277,0.490467068333117,0.985641665813279,0.0143583341867207
