DemSeatsMean,RepSeatsMean,DemSeatsLow95,DemSeatsHigh95,RepSeatsLow95,RepSeatsHigh95,DemWinChance,RepWinChance,DemPopVoteMean,RepPopVoteMean,DemPopVoteLow95,DemPopVoteHigh95,RepPopVoteLow95,RepPopVoteHigh95,DemPopVoteWinChance,RepPopVoteWinChance
229.8133,205.1867,211,252,183,224,0.8457,0.1543,0.539177004275724,0.460822995724276,0.510419024214948,0.567934984336501,0.432065015663499,0.489580975785052,0.987486442983951,0.0125135570160492
