DemSeatsMean,RepSeatsMean,DemSeatsLow95,DemSeatsHigh95,RepSeatsLow95,RepSeatsHigh95,DemWinChance,RepWinChance,DemPopVoteMean,RepPopVoteMean,DemPopVoteLow95,DemPopVoteHigh95,RepPopVoteLow95,RepPopVoteHigh95,DemPopVoteWinChance,RepPopVoteWinChance
222.7149,212.2851,202.245445078091,246.837201539075,188.162798460925,232.754554921909,0.6353,0.3647,0.536869623019764,0.463130376980236,0.508871770620934,0.564867475418595,0.435132524581405,0.491128229379066,0.984854204267259,0.0151457957327406
