DemSeatsMean,RepSeatsMean,DemSeatsLow95,DemSeatsHigh95,RepSeatsLow95,RepSeatsHigh95,DemWinChance,RepWinChance,DemPopVoteMean,RepPopVoteMean,DemPopVoteLow95,DemPopVoteHigh95,RepPopVoteLow95,RepPopVoteHigh95,DemPopVoteWinChance,RepPopVoteWinChance
228.2924,206.7076,210,250,185,225,0.8164,0.1836,0.536908194619823,0.463091805380177,0.508102990515311,0.565713398724335,0.434286601275665,0.491897009484689,0.982473406442405,0.0175265935575947
