DemSeatsMean,RepSeatsMean,DemSeatsLow95,DemSeatsHigh95,RepSeatsLow95,RepSeatsHigh95,DemWinChance,RepWinChance,DemPopVoteMean,RepPopVoteMean,DemPopVoteLow95,DemPopVoteHigh95,RepPopVoteLow95,RepPopVoteHigh95,DemPopVoteWinChance,RepPopVoteWinChance
228.463,206.537,211,250,185,224,0.8292,0.1708,0.538086509865357,0.461913490134643,0.50904407388691,0.567128945843803,0.432871054156197,0.49095592611309,0.984507593456616,0.0154924065433836
