DemSeatsMean,RepSeatsMean,DemSeatsLow95,DemSeatsHigh95,RepSeatsLow95,RepSeatsHigh95,DemWinChance,RepWinChance,DemPopVoteMean,RepPopVoteMean,DemPopVoteLow95,DemPopVoteHigh95,RepPopVoteLow95,RepPopVoteHigh95,DemPopVoteWinChance,RepPopVoteWinChance
231.9866,203.0134,214,254,181,221,0.9011,0.0989,0.538490362465224,0.461509637534776,0.509612448870772,0.567368276059675,0.432631723940325,0.490387551129228,0.985830562049722,0.0141694379502784
