DemSeatsMean,RepSeatsMean,DemSeatsLow95,DemSeatsHigh95,RepSeatsLow95,RepSeatsHigh95,DemWinChance,RepWinChance,DemPopVoteMean,RepPopVoteMean,DemPopVoteLow95,DemPopVoteHigh95,RepPopVoteLow95,RepPopVoteHigh95,DemPopVoteWinChance,RepPopVoteWinChance
221.9335,213.0665,200.990648141679,245.576972617704,189.423027382296,234.009351858321,0.6136,0.3864,0.537309301827394,0.462690698172606,0.50945662817686,0.565161975477928,0.434838024522072,0.49054337182314,0.986220786437616,0.0137792135623844
