DemSeatsMean,RepSeatsMean,DemSeatsLow95,DemSeatsHigh95,RepSeatsLow95,RepSeatsHigh95,DemWinChance,RepWinChance,DemPopVoteMean,RepPopVoteMean,DemPopVoteLow95,DemPopVoteHigh95,RepPopVoteLow95,RepPopVoteHigh95,DemPopVoteWinChance,RepPopVoteWinChance
223.0963,211.9037,202.620340567519,246.997237866995,188.002762133005,232.379659432481,0.6466,0.3534,0.53712773104002,0.46287226895998,0.50913258089019,0.56512288118985,0.43487711881015,0.49086741910981,0.985431651230891,0.0145683487691085
