DemSeatsMean,RepSeatsMean,DemSeatsLow95,DemSeatsHigh95,RepSeatsLow95,RepSeatsHigh95,DemWinChance,RepWinChance,DemPopVoteMean,RepPopVoteMean,DemPopVoteLow95,DemPopVoteHigh95,RepPopVoteLow95,RepPopVoteHigh95,DemPopVoteWinChance,RepPopVoteWinChance
221.3726,213.6274,202.806177236941,243.389550060224,191.610449939776,232.193822763059,0.6039,0.3961,0.524726101299106,0.475273898700894,0.497377120843666,0.552075081754545,0.447924918245455,0.502622879156334,0.931523987800149,0.0684760121998508
