DemSeatsMean,RepSeatsMean,DemSeatsLow95,DemSeatsHigh95,RepSeatsLow95,RepSeatsHigh95,DemWinChance,RepWinChance,DemPopVoteMean,RepPopVoteMean,DemPopVoteLow95,DemPopVoteHigh95,RepPopVoteLow95,RepPopVoteHigh95,DemPopVoteWinChance,RepPopVoteWinChance
221.0383,213.9617,202.786705482324,242.416417459368,192.583582540632,232.213294517676,0.5912,0.4088,0.523988744045917,0.476011255954083,0.496829166126381,0.551148321965452,0.448851678034548,0.503170833873619,0.926881054824139,0.0731189451758607
