DemSeatsMean,RepSeatsMean,DemSeatsLow95,DemSeatsHigh95,RepSeatsLow95,RepSeatsHigh95,DemWinChance,RepWinChance,DemPopVoteMean,RepPopVoteMean,DemPopVoteLow95,DemPopVoteHigh95,RepPopVoteLow95,RepPopVoteHigh95,DemPopVoteWinChance,RepPopVoteWinChance
221.8349,213.1651,203.560004363884,243.504701226455,191.495298773545,231.439995636116,0.6162,0.3838,0.523711599378928,0.476288400621072,0.4961685491827,0.551254649575155,0.448745350424845,0.5038314508173,0.92163681038632,0.0783631896136798
