DemSeatsMean,RepSeatsMean,DemSeatsLow95,DemSeatsHigh95,RepSeatsLow95,RepSeatsHigh95,DemWinChance,RepWinChance,DemPopVoteMean,RepPopVoteMean,DemPopVoteLow95,DemPopVoteHigh95,RepPopVoteLow95,RepPopVoteHigh95,DemPopVoteWinChance,RepPopVoteWinChance
226.7906,208.2094,207,250,185,228,0.7677,0.2323,0.528277289777566,0.471722710222434,0.499032066384452,0.557522513170679,0.442477486829321,0.500967933615548,0.944145141474795,0.0558548585252052
