DemSeatsMean,RepSeatsMean,DemSeatsLow95,DemSeatsHigh95,RepSeatsLow95,RepSeatsHigh95,DemWinChance,RepWinChance,DemPopVoteMean,RepPopVoteMean,DemPopVoteLow95,DemPopVoteHigh95,RepPopVoteLow95,RepPopVoteHigh95,DemPopVoteWinChance,RepPopVoteWinChance
222.588,212.412,201.324308520493,246.879475029028,188.120524970972,233.675691479507,0.634,0.366,0.533200640451287,0.466799359548713,0.505478951021904,0.560922329880669,0.439077670119331,0.494521048978096,0.975587687806841,0.0244123121931585
