DemSeatsMean,RepSeatsMean,DemSeatsLow95,DemSeatsHigh95,RepSeatsLow95,RepSeatsHigh95,DemWinChance,RepWinChance,DemPopVoteMean,RepPopVoteMean,DemPopVoteLow95,DemPopVoteHigh95,RepPopVoteLow95,RepPopVoteHigh95,DemPopVoteWinChance,RepPopVoteWinChance
226.6979,208.3021,207,251,184,228,0.7456,0.2544,0.539250288796759,0.460749711203241,0.510656946559098,0.56784363103442,0.43215636896558,0.489343053440902,0.988030395041412,0.0119696049585877
