DemSeatsMean,RepSeatsMean,DemSeatsLow95,DemSeatsHigh95,RepSeatsLow95,RepSeatsHigh95,DemWinChance,RepWinChance,DemPopVoteMean,RepPopVoteMean,DemPopVoteLow95,DemPopVoteHigh95,RepPopVoteLow95,RepPopVoteHigh95,DemPopVoteWinChance,RepPopVoteWinChance
222.5241,212.4759,201.546512405012,246.56186511095,188.43813488905,233.453487594988,0.6311,0.3689,0.538010445922954,0.461989554077046,0.510135893969806,0.565884997876102,0.434115002123898,0.489864106030194,0.987556870430267,0.012443129569733
