DemSeatsMean,RepSeatsMean,DemSeatsLow95,DemSeatsHigh95,RepSeatsLow95,RepSeatsHigh95,DemWinChance,RepWinChance,DemPopVoteMean,RepPopVoteMean,DemPopVoteLow95,DemPopVoteHigh95,RepPopVoteLow95,RepPopVoteHigh95,DemPopVoteWinChance,RepPopVoteWinChance
228.2954,206.7046,211,250,185,224,0.8286,0.1714,0.537661383348594,0.462338616651406,0.508449181792415,0.566873584904772,0.433126415095228,0.491550818207585,0.98303030489052,0.01696969510948
