DemSeatsMean,RepSeatsMean,DemSeatsLow95,DemSeatsHigh95,RepSeatsLow95,RepSeatsHigh95,DemWinChance,RepWinChance,DemPopVoteMean,RepPopVoteMean,DemPopVoteLow95,DemPopVoteHigh95,RepPopVoteLow95,RepPopVoteHigh95,DemPopVoteWinChance,RepPopVoteWinChance
221.1895,213.8105,202.587303860926,243.094414655691,191.905585344309,232.412696139074,0.5985,0.4015,0.524453641044973,0.475546358955027,0.497127843933559,0.551779438156387,0.448220561843613,0.502872156066441,0.929502734156774,0.0704972658432259
