DemSeatsMean,RepSeatsMean,DemSeatsLow95,DemSeatsHigh95,RepSeatsLow95,RepSeatsHigh95,DemWinChance,RepWinChance,DemPopVoteMean,RepPopVoteMean,DemPopVoteLow95,DemPopVoteHigh95,RepPopVoteLow95,RepPopVoteHigh95,DemPopVoteWinChance,RepPopVoteWinChance
223.6255,211.3745,203.252826432002,247.584393363986,187.415606636014,231.747173567998,0.6606,0.3394,0.537827712924921,0.462172287075079,0.509780078059521,0.565875347790321,0.434124652209679,0.490219921940479,0.986743152737954,0.0132568472620462
