DemSeatsMean,RepSeatsMean,DemSeatsLow95,DemSeatsHigh95,RepSeatsLow95,RepSeatsHigh95,DemWinChance,RepWinChance,DemPopVoteMean,RepPopVoteMean,DemPopVoteLow95,DemPopVoteHigh95,RepPopVoteLow95,RepPopVoteHigh95,DemPopVoteWinChance,RepPopVoteWinChance
222.6449,212.3551,202.008003707489,247.254646359112,187.745353640888,232.991996292511,0.6294,0.3706,0.536869623019764,0.463130376980236,0.508871770620934,0.564867475418595,0.435132524581405,0.491128229379066,0.984854204267259,0.0151457957327406
