DemSeatsMean,RepSeatsMean,DemSeatsLow95,DemSeatsHigh95,RepSeatsLow95,RepSeatsHigh95,DemWinChance,RepWinChance,DemPopVoteMean,RepPopVoteMean,DemPopVoteLow95,DemPopVoteHigh95,RepPopVoteLow95,RepPopVoteHigh95,DemPopVoteWinChance,RepPopVoteWinChance
222.6189,212.3811,202.051936963359,247.027535996677,187.972464003323,232.948063036641,0.6294,0.3706,0.53324149405864,0.46675850594136,0.505490129636657,0.560992858480623,0.439007141519377,0.494509870363343,0.975605727004773,0.0243942729952272
