DemSeatsMean,RepSeatsMean,DemSeatsLow95,DemSeatsHigh95,RepSeatsLow95,RepSeatsHigh95,DemWinChance,RepWinChance,DemPopVoteMean,RepPopVoteMean,DemPopVoteLow95,DemPopVoteHigh95,RepPopVoteLow95,RepPopVoteHigh95,DemPopVoteWinChance,RepPopVoteWinChance
221.752,213.248,202.510210328812,244.220605872715,190.779394127285,232.489789671188,0.6127,0.3873,0.532457059369192,0.467542940630808,0.504743654840025,0.560170463898359,0.439829536101641,0.495256345159975,0.97298348985312,0.0270165101468798
