DemSeatsMean,RepSeatsMean,DemSeatsLow95,DemSeatsHigh95,RepSeatsLow95,RepSeatsHigh95,DemWinChance,RepWinChance,DemPopVoteMean,RepPopVoteMean,DemPopVoteLow95,DemPopVoteHigh95,RepPopVoteLow95,RepPopVoteHigh95,DemPopVoteWinChance,RepPopVoteWinChance
232.0662,202.9338,214,254,181,221,0.9022,0.0978,0.538603290251405,0.461396709748595,0.509731450139655,0.567475130363155,0.432524869636845,0.490268549860345,0.986077329481005,0.0139226705189952
