DemSeatsMean,RepSeatsMean,DemSeatsLow95,DemSeatsHigh95,RepSeatsLow95,RepSeatsHigh95,DemWinChance,RepWinChance,DemPopVoteMean,RepPopVoteMean,DemPopVoteLow95,DemPopVoteHigh95,RepPopVoteLow95,RepPopVoteHigh95,DemPopVoteWinChance,RepPopVoteWinChance
226.8493,208.1507,206.203838447999,251.867221757917,183.132778242083,228.796161552001,0.7449,0.2551,0.543537069576153,0.456462930423847,0.515324647146014,0.571749492006292,0.428250507993708,0.484675352853986,0.994434261894658,0.00556573810534167
