DemSeatsMean,RepSeatsMean,DemSeatsLow95,DemSeatsHigh95,RepSeatsLow95,RepSeatsHigh95,DemWinChance,RepWinChance,DemPopVoteMean,RepPopVoteMean,DemPopVoteLow95,DemPopVoteHigh95,RepPopVoteLow95,RepPopVoteHigh95,DemPopVoteWinChance,RepPopVoteWinChance
228.6039,206.3961,209,257,178,226,0.8378,0.1622,0.533190482589405,0.466809517410595,0.497534684895882,0.568846280282928,0.431153719717072,0.502465315104118,0.968678426282963,0.0313215737170375
