DemSeatsMean,RepSeatsMean,DemSeatsLow95,DemSeatsHigh95,RepSeatsLow95,RepSeatsHigh95,DemWinChance,RepWinChance,DemPopVoteMean,RepPopVoteMean,DemPopVoteLow95,DemPopVoteHigh95,RepPopVoteLow95,RepPopVoteHigh95,DemPopVoteWinChance,RepPopVoteWinChance
226.6483,208.3517,206.140417177226,250.891808872931,184.108191127069,228.859582822774,0.7429,0.2571,0.541240550303706,0.458759449696294,0.512885445481348,0.569595655126063,0.430404344873937,0.487114554518652,0.99163388407141,0.0083661159285896
