DemSeatsMean,RepSeatsMean,DemSeatsLow95,DemSeatsHigh95,RepSeatsLow95,RepSeatsHigh95,DemWinChance,RepWinChance,DemPopVoteMean,RepPopVoteMean,DemPopVoteLow95,DemPopVoteHigh95,RepPopVoteLow95,RepPopVoteHigh95,DemPopVoteWinChance,RepPopVoteWinChance
229.8787,205.1213,214,252,183,221,0.927,0.073,0.531680984290869,0.468319015709131,0.506635166255437,0.556726802326302,0.443273197673698,0.493364833744563,0.994294308970229,0.00570569102977103
