DemSeatsMean,RepSeatsMean,DemSeatsLow95,DemSeatsHigh95,RepSeatsLow95,RepSeatsHigh95,DemWinChance,RepWinChance,DemPopVoteMean,RepPopVoteMean,DemPopVoteLow95,DemPopVoteHigh95,RepPopVoteLow95,RepPopVoteHigh95,DemPopVoteWinChance,RepPopVoteWinChance
226.4338,208.5662,206.153382539492,250.748317303664,184.251682696336,228.846617460508,0.7431,0.2569,0.541035518890336,0.458964481109664,0.512670932846099,0.569400104934573,0.430599895065427,0.487329067153901,0.991340130581756,0.00865986941824415
