DemSeatsMean,RepSeatsMean,DemSeatsLow95,DemSeatsHigh95,RepSeatsLow95,RepSeatsHigh95,DemWinChance,RepWinChance,DemPopVoteMean,RepPopVoteMean,DemPopVoteLow95,DemPopVoteHigh95,RepPopVoteLow95,RepPopVoteHigh95,DemPopVoteWinChance,RepPopVoteWinChance
225.432,209.568,205.229903371671,249.194563423138,185.805436576862,229.770096628329,0.7135,0.2865,0.539228863555248,0.460771136444752,0.511070215979714,0.567387511130782,0.432612488869218,0.488929784020286,0.98903883548333,0.0109611645166703
