DemSeatsMean,RepSeatsMean,DemSeatsLow95,DemSeatsHigh95,RepSeatsLow95,RepSeatsHigh95,DemWinChance,RepWinChance,DemPopVoteMean,RepPopVoteMean,DemPopVoteLow95,DemPopVoteHigh95,RepPopVoteLow95,RepPopVoteHigh95,DemPopVoteWinChance,RepPopVoteWinChance
227.1187,207.8813,208,250,185,227,0.7813,0.2187,0.534031267939382,0.465968732060618,0.504836566930971,0.563225968947794,0.436774031052206,0.495163433069029,0.972414076258823,0.0275859237411774
