DemSeatsMean,RepSeatsMean,DemSeatsLow95,DemSeatsHigh95,RepSeatsLow95,RepSeatsHigh95,DemWinChance,RepWinChance,DemPopVoteMean,RepPopVoteMean,DemPopVoteLow95,DemPopVoteHigh95,RepPopVoteLow95,RepPopVoteHigh95,DemPopVoteWinChance,RepPopVoteWinChance
226.861,208.139,206,251,184,229,0.77,0.23,0.532994689376973,0.467005310623027,0.503793630275692,0.562195748478254,0.437804251521746,0.496206369724308,0.968465783646046,0.0315342163539538
