DemSeatsMean,RepSeatsMean,DemSeatsLow95,DemSeatsHigh95,RepSeatsLow95,RepSeatsHigh95,DemWinChance,RepWinChance,DemPopVoteMean,RepPopVoteMean,DemPopVoteLow95,DemPopVoteHigh95,RepPopVoteLow95,RepPopVoteHigh95,DemPopVoteWinChance,RepPopVoteWinChance
221.4693,213.5307,202.880303246293,243.365017960955,191.634982039045,232.119696753707,0.6073,0.3927,0.524543537285883,0.475456462714117,0.497266561686477,0.55182051288529,0.44817948711471,0.502733438313523,0.930583895454756,0.0694161045452437
