DemSeatsMean,RepSeatsMean,DemSeatsLow95,DemSeatsHigh95,RepSeatsLow95,RepSeatsHigh95,DemWinChance,RepWinChance,DemPopVoteMean,RepPopVoteMean,DemPopVoteLow95,DemPopVoteHigh95,RepPopVoteLow95,RepPopVoteHigh95,DemPopVoteWinChance,RepPopVoteWinChance
228.2653,206.7347,211,250,185,224,0.8267,0.1733,0.537661924615402,0.462338075384598,0.508449723041704,0.566874126189099,0.433125873810901,0.491550276958296,0.983031587858735,0.0169684121412652
