DemSeatsMean,RepSeatsMean,DemSeatsLow95,DemSeatsHigh95,RepSeatsLow95,RepSeatsHigh95,DemWinChance,RepWinChance,DemPopVoteMean,RepPopVoteMean,DemPopVoteLow95,DemPopVoteHigh95,RepPopVoteLow95,RepPopVoteHigh95,DemPopVoteWinChance,RepPopVoteWinChance
223.5167,211.4833,202.867592037062,247.598973320691,187.401026679309,232.132407962938,0.6595,0.3405,0.537427756858852,0.462572243141148,0.50937986125007,0.565475652467635,0.434524347532365,0.49062013874993,0.985922713468494,0.0140772865315055
