DemSeatsMean,RepSeatsMean,DemSeatsLow95,DemSeatsHigh95,RepSeatsLow95,RepSeatsHigh95,DemWinChance,RepWinChance,DemPopVoteMean,RepPopVoteMean,DemPopVoteLow95,DemPopVoteHigh95,RepPopVoteLow95,RepPopVoteHigh95,DemPopVoteWinChance,RepPopVoteWinChance
226.8863,208.1137,206.613307159051,250.677400592054,184.322599407946,228.386692840949,0.7569,0.2431,0.541457208423507,0.458542791576493,0.513097845332336,0.569816571514679,0.430183428485321,0.486902154667664,0.991908178594346,0.00809182140565357
