DemSeatsMean,RepSeatsMean,DemSeatsLow95,DemSeatsHigh95,RepSeatsLow95,RepSeatsHigh95,DemWinChance,RepWinChance,DemPopVoteMean,RepPopVoteMean,DemPopVoteLow95,DemPopVoteHigh95,RepPopVoteLow95,RepPopVoteHigh95,DemPopVoteWinChance,RepPopVoteWinChance
222.163,212.837,201.44904558533,245.582466911534,189.417533088466,233.55095441467,0.624,0.376,0.536646450278215,0.463353549721785,0.508821647249586,0.564471253306844,0.435528746693156,0.491178352750414,0.984864837323004,0.0151351626769964
