DemSeatsMean,RepSeatsMean,DemSeatsLow95,DemSeatsHigh95,RepSeatsLow95,RepSeatsHigh95,DemWinChance,RepWinChance,DemPopVoteMean,RepPopVoteMean,DemPopVoteLow95,DemPopVoteHigh95,RepPopVoteLow95,RepPopVoteHigh95,DemPopVoteWinChance,RepPopVoteWinChance
223.6976,211.3024,203.815990536829,248.415750529505,186.584249470495,231.184009463171,0.6627,0.3373,0.537915425667305,0.462084574332695,0.509822617493001,0.566008233841608,0.433991766158392,0.490177382506999,0.98679646389508,0.0132035361049195
