DemSeatsMean,RepSeatsMean,DemSeatsLow95,DemSeatsHigh95,RepSeatsLow95,RepSeatsHigh95,DemWinChance,RepWinChance,DemPopVoteMean,RepPopVoteMean,DemPopVoteLow95,DemPopVoteHigh95,RepPopVoteLow95,RepPopVoteHigh95,DemPopVoteWinChance,RepPopVoteWinChance
227.7096,207.2904,210,250,185,225,0.8032,0.1968,0.536304702206473,0.463695297793527,0.505630587144861,0.566978817268086,0.433021182731914,0.494369412855139,0.974230156768159,0.0257698432318406
