DemSeatsMean,RepSeatsMean,DemSeatsLow95,DemSeatsHigh95,RepSeatsLow95,RepSeatsHigh95,DemWinChance,RepWinChance,DemPopVoteMean,RepPopVoteMean,DemPopVoteLow95,DemPopVoteHigh95,RepPopVoteLow95,RepPopVoteHigh95,DemPopVoteWinChance,RepPopVoteWinChance
224.6229,210.3771,204.554605926114,248.570848905481,186.429151094519,230.445394073886,0.6877,0.3123,0.538148265986742,0.461851734013258,0.51005012742533,0.566246404548154,0.433753595451846,0.48994987257467,0.987238142132352,0.0127618578676482
