DemSeatsMean,RepSeatsMean,DemSeatsLow95,DemSeatsHigh95,RepSeatsLow95,RepSeatsHigh95,DemWinChance,RepWinChance,DemPopVoteMean,RepPopVoteMean,DemPopVoteLow95,DemPopVoteHigh95,RepPopVoteLow95,RepPopVoteHigh95,DemPopVoteWinChance,RepPopVoteWinChance
219.9914,215.0086,200.986557093919,241.204733267725,193.795266732275,234.013442906081,0.5624,0.4376,0.530634882692349,0.469365117307651,0.502894827981188,0.55837493740351,0.44162506259649,0.497105172018812,0.965365775659654,0.0346342243403465
