DemSeatsMean,RepSeatsMean,DemSeatsLow95,DemSeatsHigh95,RepSeatsLow95,RepSeatsHigh95,DemWinChance,RepWinChance,DemPopVoteMean,RepPopVoteMean,DemPopVoteLow95,DemPopVoteHigh95,RepPopVoteLow95,RepPopVoteHigh95,DemPopVoteWinChance,RepPopVoteWinChance
222.7792,212.2208,202.720136736031,245.902035774569,189.097964225431,232.279863263969,0.6421,0.3579,0.53712773104002,0.46287226895998,0.50913258089019,0.56512288118985,0.43487711881015,0.49086741910981,0.985431651230891,0.0145683487691085
