DemSeatsMean,RepSeatsMean,DemSeatsLow95,DemSeatsHigh95,RepSeatsLow95,RepSeatsHigh95,DemWinChance,RepWinChance,DemPopVoteMean,RepPopVoteMean,DemPopVoteLow95,DemPopVoteHigh95,RepPopVoteLow95,RepPopVoteHigh95,DemPopVoteWinChance,RepPopVoteWinChance
232.1262,202.8738,214,254,181,221,0.8979,0.1021,0.53848638791655,0.46151361208345,0.509614332869498,0.567358442963602,0.432641557036398,0.490385667130502,0.985838437205978,0.0141615627940216
