DemSeatsMean,RepSeatsMean,DemSeatsLow95,DemSeatsHigh95,RepSeatsLow95,RepSeatsHigh95,DemWinChance,RepWinChance,DemPopVoteMean,RepPopVoteMean,DemPopVoteLow95,DemPopVoteHigh95,RepPopVoteLow95,RepPopVoteHigh95,DemPopVoteWinChance,RepPopVoteWinChance
228.5961,206.4039,211,250,185,224,0.8305,0.1695,0.538176780660675,0.461823219339325,0.50901332044637,0.56734024087498,0.43265975912502,0.49098667955363,0.984356653514928,0.015643346485072
