DemSeatsMean,RepSeatsMean,DemSeatsLow95,DemSeatsHigh95,RepSeatsLow95,RepSeatsHigh95,DemWinChance,RepWinChance,DemPopVoteMean,RepPopVoteMean,DemPopVoteLow95,DemPopVoteHigh95,RepPopVoteLow95,RepPopVoteHigh95,DemPopVoteWinChance,RepPopVoteWinChance
223.0057,211.9943,204.184353857192,245.396717299865,189.603282700135,230.815646142808,0.6499,0.3501,0.526223784951792,0.473776215048208,0.499242127098849,0.553205442804735,0.446794557195265,0.500757872901151,0.945066864515302,0.0549331354846978
