DemSeatsMean,RepSeatsMean,DemSeatsLow95,DemSeatsHigh95,RepSeatsLow95,RepSeatsHigh95,DemWinChance,RepWinChance,DemPopVoteMean,RepPopVoteMean,DemPopVoteLow95,DemPopVoteHigh95,RepPopVoteLow95,RepPopVoteHigh95,DemPopVoteWinChance,RepPopVoteWinChance
222.4301,212.5699,201.46946138384,246.400273989177,188.599726010823,233.53053861616,0.6282,0.3718,0.537863696967015,0.462136303032985,0.509996716981927,0.565730676952103,0.434269323047897,0.490003283018073,0.987294954680329,0.0127050453196709
