DemSeatsMean,RepSeatsMean,DemSeatsLow95,DemSeatsHigh95,RepSeatsLow95,RepSeatsHigh95,DemWinChance,RepWinChance,DemPopVoteMean,RepPopVoteMean,DemPopVoteLow95,DemPopVoteHigh95,RepPopVoteLow95,RepPopVoteHigh95,DemPopVoteWinChance,RepPopVoteWinChance
222.974,212.026,202.660159997897,246.35875823372,188.64124176628,232.339840002103,0.6523,0.3477,0.537585912043113,0.462414087956887,0.509594704345772,0.565577119740455,0.434422880259545,0.490405295654228,0.986408016570305,0.0135919834296955
