DemSeatsMean,RepSeatsMean,DemSeatsLow95,DemSeatsHigh95,RepSeatsLow95,RepSeatsHigh95,DemWinChance,RepWinChance,DemPopVoteMean,RepPopVoteMean,DemPopVoteLow95,DemPopVoteHigh95,RepPopVoteLow95,RepPopVoteHigh95,DemPopVoteWinChance,RepPopVoteWinChance
223.3681,211.6319,202.809421248527,247.236624512386,187.763375487614,232.190578751473,0.656,0.344,0.538580604977992,0.461419395022008,0.51067466969595,0.566486540260034,0.433513459739966,0.48932533030405,0.988524543779201,0.0114754562207989
