DemSeatsMean,RepSeatsMean,DemSeatsLow95,DemSeatsHigh95,RepSeatsLow95,RepSeatsHigh95,DemWinChance,RepWinChance,DemPopVoteMean,RepPopVoteMean,DemPopVoteLow95,DemPopVoteHigh95,RepPopVoteLow95,RepPopVoteHigh95,DemPopVoteWinChance,RepPopVoteWinChance
223.3322,211.6678,203.050659892824,247.0802450788,187.9197549212,231.949340107176,0.6544,0.3456,0.537915425667305,0.462084574332695,0.509822617493001,0.566008233841608,0.433991766158392,0.490177382506999,0.98679646389508,0.0132035361049195
