DemSeatsMean,RepSeatsMean,DemSeatsLow95,DemSeatsHigh95,RepSeatsLow95,RepSeatsHigh95,DemWinChance,RepWinChance,DemPopVoteMean,RepPopVoteMean,DemPopVoteLow95,DemPopVoteHigh95,RepPopVoteLow95,RepPopVoteHigh95,DemPopVoteWinChance,RepPopVoteWinChance
229.4609,205.5391,208,260,175,227,0.8384,0.1616,0.534134380317945,0.465865619682055,0.497800727922725,0.570468032713165,0.429531967286835,0.502199272077275,0.969873671518627,0.0301263284813725
