DemSeatsMean,RepSeatsMean,DemSeatsLow95,DemSeatsHigh95,RepSeatsLow95,RepSeatsHigh95,DemWinChance,RepWinChance,DemPopVoteMean,RepPopVoteMean,DemPopVoteLow95,DemPopVoteHigh95,RepPopVoteLow95,RepPopVoteHigh95,DemPopVoteWinChance,RepPopVoteWinChance
221.3325,213.6675,203.0089855289,242.764323209649,192.235676790351,231.9910144711,0.6022,0.3978,0.524404380564715,0.475595619435285,0.497293523635282,0.551515237494148,0.448484762505852,0.502706476364718,0.930667353395537,0.0693326466044633
