DemSeatsMean,RepSeatsMean,DemSeatsLow95,DemSeatsHigh95,RepSeatsLow95,RepSeatsHigh95,DemWinChance,RepWinChance,DemPopVoteMean,RepPopVoteMean,DemPopVoteLow95,DemPopVoteHigh95,RepPopVoteLow95,RepPopVoteHigh95,DemPopVoteWinChance,RepPopVoteWinChance
219.9137,215.0863,201.568434686945,240.509697068536,194.490302931464,233.431565313055,0.5619,0.4381,0.530683816158888,0.469316183841112,0.502952221472526,0.558415410845249,0.441584589154751,0.497047778527474,0.965629764034846,0.034370235965154
