DemSeatsMean,RepSeatsMean,DemSeatsLow95,DemSeatsHigh95,RepSeatsLow95,RepSeatsHigh95,DemWinChance,RepWinChance,DemPopVoteMean,RepPopVoteMean,DemPopVoteLow95,DemPopVoteHigh95,RepPopVoteLow95,RepPopVoteHigh95,DemPopVoteWinChance,RepPopVoteWinChance
221.1081,213.8919,202.539695235657,242.74590482225,192.25409517775,232.460304764343,0.5944,0.4056,0.524041867384777,0.475958132615223,0.496847436971352,0.551236297798203,0.448763702201797,0.503152563028648,0.927068484366894,0.0729315156331055
