DemSeatsMean,RepSeatsMean,DemSeatsLow95,DemSeatsHigh95,RepSeatsLow95,RepSeatsHigh95,DemWinChance,RepWinChance,DemPopVoteMean,RepPopVoteMean,DemPopVoteLow95,DemPopVoteHigh95,RepPopVoteLow95,RepPopVoteHigh95,DemPopVoteWinChance,RepPopVoteWinChance
227.9232,207.0768,211,249,186,224,0.8168,0.1832,0.537256007112841,0.462743992887159,0.508190792239945,0.566321221985737,0.433678778014263,0.491809207760055,0.98250927877237,0.01749072122763
