DemSeatsMean,RepSeatsMean,DemSeatsLow95,DemSeatsHigh95,RepSeatsLow95,RepSeatsHigh95,DemWinChance,RepWinChance,DemPopVoteMean,RepPopVoteMean,DemPopVoteLow95,DemPopVoteHigh95,RepPopVoteLow95,RepPopVoteHigh95,DemPopVoteWinChance,RepPopVoteWinChance
221.5695,213.4305,202.614489751234,243.749830487629,191.250169512371,232.385510248766,0.6112,0.3888,0.532450342931006,0.467549657068994,0.504736937684282,0.56016374817773,0.43983625182227,0.495263062315718,0.972958614718719,0.0270413852812806
