DemSeatsMean,RepSeatsMean,DemSeatsLow95,DemSeatsHigh95,RepSeatsLow95,RepSeatsHigh95,DemWinChance,RepWinChance,DemPopVoteMean,RepPopVoteMean,DemPopVoteLow95,DemPopVoteHigh95,RepPopVoteLow95,RepPopVoteHigh95,DemPopVoteWinChance,RepPopVoteWinChance
221.1669,213.8331,202.853307495504,242.542254702443,192.457745297557,232.146692504496,0.5963,0.4037,0.524151176701249,0.475848823298751,0.496984738064634,0.551317615337864,0.448682384662136,0.503015261935366,0.928186634032486,0.0718133659675136
