DemSeatsMean,RepSeatsMean,DemSeatsLow95,DemSeatsHigh95,RepSeatsLow95,RepSeatsHigh95,DemWinChance,RepWinChance,DemPopVoteMean,RepPopVoteMean,DemPopVoteLow95,DemPopVoteHigh95,RepPopVoteLow95,RepPopVoteHigh95,DemPopVoteWinChance,RepPopVoteWinChance
223.9741,211.0259,203.895343077718,247.61981599272,187.38018400728,231.104656922282,0.6789,0.3211,0.540358334162616,0.459641665837384,0.512389039634581,0.568327628690651,0.431672371309349,0.487610960365419,0.991193503906368,0.00880649609363193
