DemSeatsMean,RepSeatsMean,DemSeatsLow95,DemSeatsHigh95,RepSeatsLow95,RepSeatsHigh95,DemWinChance,RepWinChance,DemPopVoteMean,RepPopVoteMean,DemPopVoteLow95,DemPopVoteHigh95,RepPopVoteLow95,RepPopVoteHigh95,DemPopVoteWinChance,RepPopVoteWinChance
226.7643,208.2357,207,250,185,228,0.778,0.222,0.533499869791321,0.466500130208679,0.504242189138177,0.562757550444466,0.437242449555534,0.495757810861823,0.970184708076492,0.029815291923508
