DemSeatsMean,RepSeatsMean,DemSeatsLow95,DemSeatsHigh95,RepSeatsLow95,RepSeatsHigh95,DemWinChance,RepWinChance,DemPopVoteMean,RepPopVoteMean,DemPopVoteLow95,DemPopVoteHigh95,RepPopVoteLow95,RepPopVoteHigh95,DemPopVoteWinChance,RepPopVoteWinChance
222.6885,212.3115,201.385911812696,246.97195215521,188.02804784479,233.614088187304,0.6357,0.3643,0.53324149405864,0.46675850594136,0.505490129636657,0.560992858480623,0.439007141519377,0.494509870363343,0.975605727004773,0.0243942729952272
