DemSeatsMean,RepSeatsMean,DemSeatsLow95,DemSeatsHigh95,RepSeatsLow95,RepSeatsHigh95,DemWinChance,RepWinChance,DemPopVoteMean,RepPopVoteMean,DemPopVoteLow95,DemPopVoteHigh95,RepPopVoteLow95,RepPopVoteHigh95,DemPopVoteWinChance,RepPopVoteWinChance
226.9126,208.0874,207,252,183,228,0.7486,0.2514,0.539312121285498,0.460687878714502,0.510745783713875,0.56787845885712,0.43212154114288,0.489254216286125,0.988206752521557,0.0117932474784427
