DemSeatsMean,RepSeatsMean,DemSeatsLow95,DemSeatsHigh95,RepSeatsLow95,RepSeatsHigh95,DemWinChance,RepWinChance,DemPopVoteMean,RepPopVoteMean,DemPopVoteLow95,DemPopVoteHigh95,RepPopVoteLow95,RepPopVoteHigh95,DemPopVoteWinChance,RepPopVoteWinChance
222.7368,212.2632,201.692003940429,247.174990976213,187.825009023787,233.307996059571,0.64,0.36,0.533184802443069,0.466815197556931,0.505431289217515,0.560938315668624,0.439061684331376,0.494568710782485,0.975403906984446,0.0245960930155539
