DemSeatsMean,RepSeatsMean,DemSeatsLow95,DemSeatsHigh95,RepSeatsLow95,RepSeatsHigh95,DemWinChance,RepWinChance,DemPopVoteMean,RepPopVoteMean,DemPopVoteLow95,DemPopVoteHigh95,RepPopVoteLow95,RepPopVoteHigh95,DemPopVoteWinChance,RepPopVoteWinChance
221.3552,213.6448,203.397854390393,242.510393425879,192.489606574121,231.602145609607,0.6028,0.3972,0.524063227933092,0.475936772066908,0.497006530476724,0.55111992538946,0.44888007461054,0.502993469523276,0.928266621867441,0.0717333781325586
