DemSeatsMean,RepSeatsMean,DemSeatsLow95,DemSeatsHigh95,RepSeatsLow95,RepSeatsHigh95,DemWinChance,RepWinChance,DemPopVoteMean,RepPopVoteMean,DemPopVoteLow95,DemPopVoteHigh95,RepPopVoteLow95,RepPopVoteHigh95,DemPopVoteWinChance,RepPopVoteWinChance
222.7036,212.2964,202.186680158213,246.292893012764,188.707106987236,232.813319841787,0.642,0.358,0.53712773104002,0.46287226895998,0.50913258089019,0.56512288118985,0.43487711881015,0.49086741910981,0.985431651230891,0.0145683487691085
