DemSeatsMean,RepSeatsMean,DemSeatsLow95,DemSeatsHigh95,RepSeatsLow95,RepSeatsHigh95,DemWinChance,RepWinChance,DemPopVoteMean,RepPopVoteMean,DemPopVoteLow95,DemPopVoteHigh95,RepPopVoteLow95,RepPopVoteHigh95,DemPopVoteWinChance,RepPopVoteWinChance
226.1935,208.8065,206.135459026902,249.955227333924,185.044772666076,228.864540973098,0.7377,0.2623,0.53874127328947,0.46125872671053,0.510309383588689,0.567173162990252,0.432826837009748,0.489690616411311,0.987502366415734,0.0124976335842664
