DemSeatsMean,RepSeatsMean,DemSeatsLow95,DemSeatsHigh95,RepSeatsLow95,RepSeatsHigh95,DemWinChance,RepWinChance,DemPopVoteMean,RepPopVoteMean,DemPopVoteLow95,DemPopVoteHigh95,RepPopVoteLow95,RepPopVoteHigh95,DemPopVoteWinChance,RepPopVoteWinChance
232.0729,202.9271,214,254,181,221,0.9024,0.0976,0.538531785374025,0.461468214625975,0.509657630126659,0.567405940621391,0.432594059378609,0.490342369873341,0.985925672510509,0.0140743274894912
