DemSeatsMean,RepSeatsMean,DemSeatsLow95,DemSeatsHigh95,RepSeatsLow95,RepSeatsHigh95,DemWinChance,RepWinChance,DemPopVoteMean,RepPopVoteMean,DemPopVoteLow95,DemPopVoteHigh95,RepPopVoteLow95,RepPopVoteHigh95,DemPopVoteWinChance,RepPopVoteWinChance
222.345,212.655,203.014100589729,244.589179237314,190.410820762686,231.985899410271,0.637,0.363,0.523927353032348,0.476072646967652,0.496299664076471,0.551555041988225,0.448444958011775,0.503700335923529,0.92287450959298,0.0771254904070198
