DemSeatsMean,RepSeatsMean,DemSeatsLow95,DemSeatsHigh95,RepSeatsLow95,RepSeatsHigh95,DemWinChance,RepWinChance,DemPopVoteMean,RepPopVoteMean,DemPopVoteLow95,DemPopVoteHigh95,RepPopVoteLow95,RepPopVoteHigh95,DemPopVoteWinChance,RepPopVoteWinChance
227.0688,207.9312,206.524580002055,251.102130204779,183.897869795221,228.475419997945,0.757,0.243,0.541073404720454,0.458926595279546,0.512887242690248,0.569259566750659,0.430740433249341,0.487112757309752,0.991737854939177,0.0082621450608229
