DemSeatsMean,RepSeatsMean,DemSeatsLow95,DemSeatsHigh95,RepSeatsLow95,RepSeatsHigh95,DemWinChance,RepWinChance,DemPopVoteMean,RepPopVoteMean,DemPopVoteLow95,DemPopVoteHigh95,RepPopVoteLow95,RepPopVoteHigh95,DemPopVoteWinChance,RepPopVoteWinChance
229.7867,205.2133,212,251,184,223,0.8544,0.1456,0.539248151326179,0.460751848673821,0.510488298557413,0.568008004094945,0.431991995905055,0.489511701442587,0.987612964036618,0.0123870359633822
