DemSeatsMean,RepSeatsMean,DemSeatsLow95,DemSeatsHigh95,RepSeatsLow95,RepSeatsHigh95,DemWinChance,RepWinChance,DemPopVoteMean,RepPopVoteMean,DemPopVoteLow95,DemPopVoteHigh95,RepPopVoteLow95,RepPopVoteHigh95,DemPopVoteWinChance,RepPopVoteWinChance
226.3643,208.6357,206,251,184,229,0.7339,0.2661,0.538817133196626,0.461182866803374,0.510381683114426,0.567252583278825,0.432747416721175,0.489618316885574,0.987634658262747,0.0123653417372527
