DemSeatsMean,RepSeatsMean,DemSeatsLow95,DemSeatsHigh95,RepSeatsLow95,RepSeatsHigh95,DemWinChance,RepWinChance,DemPopVoteMean,RepPopVoteMean,DemPopVoteLow95,DemPopVoteHigh95,RepPopVoteLow95,RepPopVoteHigh95,DemPopVoteWinChance,RepPopVoteWinChance
222.6063,212.3937,201.440142950474,246.589673434486,188.410326565514,233.559857049526,0.6368,0.3632,0.533225226759302,0.466774773240698,0.505474371185779,0.560976082332825,0.439023917667175,0.494525628814221,0.975552537230834,0.0244474627691655
