DemSeatsMean,RepSeatsMean,DemSeatsLow95,DemSeatsHigh95,RepSeatsLow95,RepSeatsHigh95,DemWinChance,RepWinChance,DemPopVoteMean,RepPopVoteMean,DemPopVoteLow95,DemPopVoteHigh95,RepPopVoteLow95,RepPopVoteHigh95,DemPopVoteWinChance,RepPopVoteWinChance
225.6026,209.3974,205.666081188944,249.003229666561,185.996770333439,229.333918811056,0.719,0.281,0.539303947353555,0.460696052646445,0.511185728394489,0.567422166312621,0.432577833687379,0.488814271605511,0.989258842399636,0.010741157600364
