DemSeatsMean,RepSeatsMean,DemSeatsLow95,DemSeatsHigh95,RepSeatsLow95,RepSeatsHigh95,DemWinChance,RepWinChance,DemPopVoteMean,RepPopVoteMean,DemPopVoteLow95,DemPopVoteHigh95,RepPopVoteLow95,RepPopVoteHigh95,DemPopVoteWinChance,RepPopVoteWinChance
222.3613,212.6387,201.453701953241,246.445305113854,188.554694886146,233.546298046759,0.6272,0.3728,0.537935631169148,0.462064368830852,0.510087392194272,0.565783870144024,0.434216129855976,0.489912607805728,0.987482553724202,0.0125174462757984
