DemSeatsMean,RepSeatsMean,DemSeatsLow95,DemSeatsHigh95,RepSeatsLow95,RepSeatsHigh95,DemWinChance,RepWinChance,DemPopVoteMean,RepPopVoteMean,DemPopVoteLow95,DemPopVoteHigh95,RepPopVoteLow95,RepPopVoteHigh95,DemPopVoteWinChance,RepPopVoteWinChance
230.1313,204.8687,212,252,183,223,0.8607,0.1393,0.539856513509598,0.460143486490402,0.511165500534322,0.568547526484875,0.431452473515125,0.488834499465678,0.988848694457754,0.0111513055422457
