DemSeatsMean,RepSeatsMean,DemSeatsLow95,DemSeatsHigh95,RepSeatsLow95,RepSeatsHigh95,DemWinChance,RepWinChance,DemPopVoteMean,RepPopVoteMean,DemPopVoteLow95,DemPopVoteHigh95,RepPopVoteLow95,RepPopVoteHigh95,DemPopVoteWinChance,RepPopVoteWinChance
221.6761,213.3239,202.465104175977,244.277976836517,190.722023163483,232.534895824023,0.6102,0.3898,0.532450342931006,0.467549657068994,0.504736937684282,0.56016374817773,0.43983625182227,0.495263062315718,0.972958614718719,0.0270413852812806
