DemSeatsMean,RepSeatsMean,DemSeatsLow95,DemSeatsHigh95,RepSeatsLow95,RepSeatsHigh95,DemWinChance,RepWinChance,DemPopVoteMean,RepPopVoteMean,DemPopVoteLow95,DemPopVoteHigh95,RepPopVoteLow95,RepPopVoteHigh95,DemPopVoteWinChance,RepPopVoteWinChance
226.8966,208.1034,206.140514481074,251.322087585249,183.677912414751,228.859485518926,0.7489,0.2511,0.542679810830505,0.457320189169495,0.514461579505072,0.570898042155937,0.429101957844063,0.485538420494928,0.993577664090686,0.00642233590931374
