DemSeatsMean,RepSeatsMean,DemSeatsLow95,DemSeatsHigh95,RepSeatsLow95,RepSeatsHigh95,DemWinChance,RepWinChance,DemPopVoteMean,RepPopVoteMean,DemPopVoteLow95,DemPopVoteHigh95,RepPopVoteLow95,RepPopVoteHigh95,DemPopVoteWinChance,RepPopVoteWinChance
221.9329,213.0671,203.263504684836,243.960666138944,191.039333861056,231.736495315164,0.6191,0.3809,0.525739888621241,0.474260111378759,0.498192982744939,0.553286794497542,0.446713205502458,0.501807017255061,0.937864556391179,0.0621354436088208
