DemSeatsMean,RepSeatsMean,DemSeatsLow95,DemSeatsHigh95,RepSeatsLow95,RepSeatsHigh95,DemWinChance,RepWinChance,DemPopVoteMean,RepPopVoteMean,DemPopVoteLow95,DemPopVoteHigh95,RepPopVoteLow95,RepPopVoteHigh95,DemPopVoteWinChance,RepPopVoteWinChance
222.7979,212.2021,202.566628273427,246.040819893428,188.959180106572,232.433371726573,0.6467,0.3533,0.537356555277351,0.462643444722649,0.509360176472012,0.56535293408269,0.43464706591731,0.490639823527988,0.985917537439814,0.0140824625601864
