DemSeatsMean,RepSeatsMean,DemSeatsLow95,DemSeatsHigh95,RepSeatsLow95,RepSeatsHigh95,DemWinChance,RepWinChance,DemPopVoteMean,RepPopVoteMean,DemPopVoteLow95,DemPopVoteHigh95,RepPopVoteLow95,RepPopVoteHigh95,DemPopVoteWinChance,RepPopVoteWinChance
221.4695,213.5305,203.096942768722,243.148453071589,191.851546928411,231.903057231278,0.6054,0.3946,0.524533666775579,0.475466333224421,0.49735779773258,0.551709535818578,0.448290464181422,0.50264220226742,0.931236452547692,0.0687635474523078
