DemSeatsMean,RepSeatsMean,DemSeatsLow95,DemSeatsHigh95,RepSeatsLow95,RepSeatsHigh95,DemWinChance,RepWinChance,DemPopVoteMean,RepPopVoteMean,DemPopVoteLow95,DemPopVoteHigh95,RepPopVoteLow95,RepPopVoteHigh95,DemPopVoteWinChance,RepPopVoteWinChance
227.0089,207.9911,206.709444552916,251.903440192846,183.096559807154,228.290555447084,0.7445,0.2555,0.539670244026605,0.460329755973395,0.511286060822391,0.568054427230819,0.431945572769181,0.488713939177609,0.989249845022328,0.0107501549776724
