DemSeatsMean,RepSeatsMean,DemSeatsLow95,DemSeatsHigh95,RepSeatsLow95,RepSeatsHigh95,DemWinChance,RepWinChance,DemPopVoteMean,RepPopVoteMean,DemPopVoteLow95,DemPopVoteHigh95,RepPopVoteLow95,RepPopVoteHigh95,DemPopVoteWinChance,RepPopVoteWinChance
226.7321,208.2679,206.46879379129,250.36874908566,184.63125091434,228.53120620871,0.757,0.243,0.541245527662151,0.458754472337849,0.512889080178885,0.569601975145417,0.430398024854583,0.487110919821115,0.99163788342567,0.0083621165743295
