DemSeatsMean,RepSeatsMean,DemSeatsLow95,DemSeatsHigh95,RepSeatsLow95,RepSeatsHigh95,DemWinChance,RepWinChance,DemPopVoteMean,RepPopVoteMean,DemPopVoteLow95,DemPopVoteHigh95,RepPopVoteLow95,RepPopVoteHigh95,DemPopVoteWinChance,RepPopVoteWinChance
222.1183,212.8817,201.76707288303,245.870531515667,189.129468484333,233.23292711697,0.6227,0.3773,0.53731415738353,0.46268584261647,0.509461484466961,0.565166830300098,0.434833169699902,0.490538515533039,0.986230879999012,0.0137691200009877
