DemSeatsMean,RepSeatsMean,DemSeatsLow95,DemSeatsHigh95,RepSeatsLow95,RepSeatsHigh95,DemWinChance,RepWinChance,DemPopVoteMean,RepPopVoteMean,DemPopVoteLow95,DemPopVoteHigh95,RepPopVoteLow95,RepPopVoteHigh95,DemPopVoteWinChance,RepPopVoteWinChance
229.8596,205.1404,211,252,183,224,0.8469,0.1531,0.539248151326179,0.460751848673821,0.510488298557413,0.568008004094945,0.431991995905055,0.489511701442587,0.987612964036618,0.0123870359633822
