DemSeatsMean,RepSeatsMean,DemSeatsLow95,DemSeatsHigh95,RepSeatsLow95,RepSeatsHigh95,DemWinChance,RepWinChance,DemPopVoteMean,RepPopVoteMean,DemPopVoteLow95,DemPopVoteHigh95,RepPopVoteLow95,RepPopVoteHigh95,DemPopVoteWinChance,RepPopVoteWinChance
221.9438,213.0562,203.246453480829,244.269430859783,190.730569140217,231.753546519171,0.616,0.384,0.525537643643251,0.474462356356749,0.498050749515212,0.553024537771291,0.446975462228709,0.501949250484788,0.936786397840179,0.0632136021598206
