DemSeatsMean,RepSeatsMean,DemSeatsLow95,DemSeatsHigh95,RepSeatsLow95,RepSeatsHigh95,DemWinChance,RepWinChance,DemPopVoteMean,RepPopVoteMean,DemPopVoteLow95,DemPopVoteHigh95,RepPopVoteLow95,RepPopVoteHigh95,DemPopVoteWinChance,RepPopVoteWinChance
223.0964,211.9036,202.568734724303,246.939328062701,188.060671937299,232.431265275697,0.6482,0.3518,0.538711786926637,0.461288213073363,0.510805812768878,0.566617761084397,0.433382238915603,0.489194187231122,0.988754754896389,0.0112452451036115
