DemSeatsMean,RepSeatsMean,DemSeatsLow95,DemSeatsHigh95,RepSeatsLow95,RepSeatsHigh95,DemWinChance,RepWinChance,DemPopVoteMean,RepPopVoteMean,DemPopVoteLow95,DemPopVoteHigh95,RepPopVoteLow95,RepPopVoteHigh95,DemPopVoteWinChance,RepPopVoteWinChance
232.0663,202.9337,214,254,181,221,0.9023,0.0977,0.538519818266351,0.461480181733649,0.50964551476224,0.567394121770461,0.432605878229539,0.49035448523776,0.985900807664915,0.0140991923350848
