DemSeatsMean,RepSeatsMean,DemSeatsLow95,DemSeatsHigh95,RepSeatsLow95,RepSeatsHigh95,DemWinChance,RepWinChance,DemPopVoteMean,RepPopVoteMean,DemPopVoteLow95,DemPopVoteHigh95,RepPopVoteLow95,RepPopVoteHigh95,DemPopVoteWinChance,RepPopVoteWinChance
222.5918,212.4082,202.411963092549,245.590520865948,189.409479134052,232.588036907451,0.638,0.362,0.536869623019764,0.463130376980236,0.508871770620934,0.564867475418595,0.435132524581405,0.491128229379066,0.984854204267259,0.0151457957327406
