DemSeatsMean,RepSeatsMean,DemSeatsLow95,DemSeatsHigh95,RepSeatsLow95,RepSeatsHigh95,DemWinChance,RepWinChance,DemPopVoteMean,RepPopVoteMean,DemPopVoteLow95,DemPopVoteHigh95,RepPopVoteLow95,RepPopVoteHigh95,DemPopVoteWinChance,RepPopVoteWinChance
221.1354,213.8646,202.560459971238,243.000851627788,191.999148372212,232.439540028762,0.5966,0.4034,0.524377896865391,0.475622103134609,0.49705112504053,0.551704668690252,0.448295331309748,0.50294887495947,0.928877979234369,0.071122020765631
