DemSeatsMean,RepSeatsMean,DemSeatsLow95,DemSeatsHigh95,RepSeatsLow95,RepSeatsHigh95,DemWinChance,RepWinChance,DemPopVoteMean,RepPopVoteMean,DemPopVoteLow95,DemPopVoteHigh95,RepPopVoteLow95,RepPopVoteHigh95,DemPopVoteWinChance,RepPopVoteWinChance
221.5309,213.4691,203.61359247282,242.822681133362,192.177318866638,231.38640752718,0.6067,0.3933,0.52469732938504,0.47530267061496,0.497661220378652,0.551733438391429,0.448266561608571,0.502338779621348,0.933541530200636,0.066458469799364
