DemSeatsMean,RepSeatsMean,DemSeatsLow95,DemSeatsHigh95,RepSeatsLow95,RepSeatsHigh95,DemWinChance,RepWinChance,DemPopVoteMean,RepPopVoteMean,DemPopVoteLow95,DemPopVoteHigh95,RepPopVoteLow95,RepPopVoteHigh95,DemPopVoteWinChance,RepPopVoteWinChance
227.4925,207.5075,207.390155149243,252.10741926202,182.89258073798,227.609844850757,0.7628,0.2372,0.543831681087427,0.456168318912573,0.515609228281771,0.572054133893083,0.427945866106917,0.484390771718229,0.994687771124915,0.00531222887508542
