DemSeatsMean,RepSeatsMean,DemSeatsLow95,DemSeatsHigh95,RepSeatsLow95,RepSeatsHigh95,DemWinChance,RepWinChance,DemPopVoteMean,RepPopVoteMean,DemPopVoteLow95,DemPopVoteHigh95,RepPopVoteLow95,RepPopVoteHigh95,DemPopVoteWinChance,RepPopVoteWinChance
222.5298,212.4702,201.175627514959,246.858982575079,188.141017424921,233.824372485041,0.6324,0.3676,0.533225226759302,0.466774773240698,0.505474371185779,0.560976082332825,0.439023917667175,0.494525628814221,0.975552537230834,0.0244474627691655
