DemSeatsMean,RepSeatsMean,DemSeatsLow95,DemSeatsHigh95,RepSeatsLow95,RepSeatsHigh95,DemWinChance,RepWinChance,DemPopVoteMean,RepPopVoteMean,DemPopVoteLow95,DemPopVoteHigh95,RepPopVoteLow95,RepPopVoteHigh95,DemPopVoteWinChance,RepPopVoteWinChance
224.2447,210.7553,204.311170461426,247.786999346455,187.213000653545,230.688829538574,0.685,0.315,0.53784027662254,0.46215972337746,0.50974666667296,0.56593388657212,0.43406611342788,0.49025333332704,0.986644269515488,0.0133557304845124
