DemSeatsMean,RepSeatsMean,DemSeatsLow95,DemSeatsHigh95,RepSeatsLow95,RepSeatsHigh95,DemWinChance,RepWinChance,DemPopVoteMean,RepPopVoteMean,DemPopVoteLow95,DemPopVoteHigh95,RepPopVoteLow95,RepPopVoteHigh95,DemPopVoteWinChance,RepPopVoteWinChance
227.9226,207.0774,207,252,183,228,0.7795,0.2205,0.540897005150504,0.459102994849496,0.51240418028593,0.569389830015077,0.430610169984923,0.48759581971407,0.990890595900914,0.00910940409908645
