DemSeatsMean,RepSeatsMean,DemSeatsLow95,DemSeatsHigh95,RepSeatsLow95,RepSeatsHigh95,DemWinChance,RepWinChance,DemPopVoteMean,RepPopVoteMean,DemPopVoteLow95,DemPopVoteHigh95,RepPopVoteLow95,RepPopVoteHigh95,DemPopVoteWinChance,RepPopVoteWinChance
221.5026,213.4974,203.47184205021,242.620990424028,192.379009575972,231.52815794979,0.6064,0.3936,0.524241417621875,0.475758582378125,0.497197301383692,0.551285533860059,0.448714466139941,0.502802698616308,0.929829389066213,0.0701706109337868
