DemSeatsMean,RepSeatsMean,DemSeatsLow95,DemSeatsHigh95,RepSeatsLow95,RepSeatsHigh95,DemWinChance,RepWinChance,DemPopVoteMean,RepPopVoteMean,DemPopVoteLow95,DemPopVoteHigh95,RepPopVoteLow95,RepPopVoteHigh95,DemPopVoteWinChance,RepPopVoteWinChance
226.9306,208.0694,206.641865492477,250.730595076739,184.269404923261,228.358134507523,0.7578,0.2422,0.541512757740145,0.458487242259855,0.513190776513137,0.569834738967153,0.430165261032847,0.486809223486863,0.992048801574209,0.00795119842579051
