DemSeatsMean,RepSeatsMean,DemSeatsLow95,DemSeatsHigh95,RepSeatsLow95,RepSeatsHigh95,DemWinChance,RepWinChance,DemPopVoteMean,RepPopVoteMean,DemPopVoteLow95,DemPopVoteHigh95,RepPopVoteLow95,RepPopVoteHigh95,DemPopVoteWinChance,RepPopVoteWinChance
221.2766,213.7234,202.694712275065,243.536466247186,191.463533752814,232.305287724935,0.5966,0.4034,0.524453641044973,0.475546358955027,0.497127843933559,0.551779438156387,0.448220561843613,0.502872156066441,0.929502734156774,0.0704972658432259
