DemSeatsMean,RepSeatsMean,DemSeatsLow95,DemSeatsHigh95,RepSeatsLow95,RepSeatsHigh95,DemWinChance,RepWinChance,DemPopVoteMean,RepPopVoteMean,DemPopVoteLow95,DemPopVoteHigh95,RepPopVoteLow95,RepPopVoteHigh95,DemPopVoteWinChance,RepPopVoteWinChance
225.9479,209.0521,206,251,184,229,0.7257,0.2743,0.538081465380346,0.461918534619654,0.509444924281114,0.566718006479578,0.433281993520422,0.490555075718886,0.985648986017841,0.014351013982159
