DemSeatsMean,RepSeatsMean,DemSeatsLow95,DemSeatsHigh95,RepSeatsLow95,RepSeatsHigh95,DemWinChance,RepWinChance,DemPopVoteMean,RepPopVoteMean,DemPopVoteLow95,DemPopVoteHigh95,RepPopVoteLow95,RepPopVoteHigh95,DemPopVoteWinChance,RepPopVoteWinChance
222.7208,212.2792,201.852070921993,247.081400201126,187.918599798874,233.147929078007,0.6375,0.3625,0.53324149405864,0.46675850594136,0.505490129636657,0.560992858480623,0.439007141519377,0.494509870363343,0.975605727004773,0.0243942729952272
