DemSeatsMean,RepSeatsMean,DemSeatsLow95,DemSeatsHigh95,RepSeatsLow95,RepSeatsHigh95,DemWinChance,RepWinChance,DemPopVoteMean,RepPopVoteMean,DemPopVoteLow95,DemPopVoteHigh95,RepPopVoteLow95,RepPopVoteHigh95,DemPopVoteWinChance,RepPopVoteWinChance
220.5896,214.4104,201.761539900985,242.361776479063,192.638223520937,233.238460099015,0.5798,0.4202,0.523551636994286,0.476448363005714,0.496256771496478,0.550846502492094,0.449153497507906,0.503743228503522,0.922109375013912,0.0778906249860879
