DemSeatsMean,RepSeatsMean,DemSeatsLow95,DemSeatsHigh95,RepSeatsLow95,RepSeatsHigh95,DemWinChance,RepWinChance,DemPopVoteMean,RepPopVoteMean,DemPopVoteLow95,DemPopVoteHigh95,RepPopVoteLow95,RepPopVoteHigh95,DemPopVoteWinChance,RepPopVoteWinChance
222.7186,212.2814,201.301998994165,247.04991148305,187.95008851695,233.698001005835,0.6362,0.3638,0.533422757237479,0.466577242762521,0.505724084278626,0.561121430196331,0.438878569803669,0.494275915721374,0.976424891808457,0.0235751081915428
