DemSeatsMean,RepSeatsMean,DemSeatsLow95,DemSeatsHigh95,RepSeatsLow95,RepSeatsHigh95,DemWinChance,RepWinChance,DemPopVoteMean,RepPopVoteMean,DemPopVoteLow95,DemPopVoteHigh95,RepPopVoteLow95,RepPopVoteHigh95,DemPopVoteWinChance,RepPopVoteWinChance
228.5773,206.4227,212,250,185,223,0.8356,0.1644,0.538086019988284,0.461913980011716,0.508915172512367,0.567256867464201,0.432743132535799,0.491084827487633,0.984132937754762,0.015867062245238
