DemSeatsMean,RepSeatsMean,DemSeatsLow95,DemSeatsHigh95,RepSeatsLow95,RepSeatsHigh95,DemWinChance,RepWinChance
50.2345,49.7655,45.9749158673829,54.6254706690927,45.3745293309073,54.0250841326171,0.4495,0.5505
