DemSeatsMean,RepSeatsMean,DemSeatsLow95,DemSeatsHigh95,RepSeatsLow95,RepSeatsHigh95,DemWinChance,RepWinChance
50.607,49.393,46.5187522864004,54.9868423740586,45.0131576259414,53.4812477135996,0.5042,0.4958
