DemSeatsMean,RepSeatsMean,DemSeatsLow95,DemSeatsHigh95,RepSeatsLow95,RepSeatsHigh95,DemWinChance,RepWinChance
50.4448,49.5552,46.218798223371,54.9482720733581,45.0517279266419,53.781201776629,0.4819,0.5181
