DemSeatsMean,RepSeatsMean,DemSeatsLow95,DemSeatsHigh95,RepSeatsLow95,RepSeatsHigh95,DemWinChance,RepWinChance
50.6055,49.3945,46.3415408826288,55.1198107002874,44.8801892997126,53.6584591173712,0.5059,0.4941
