DemSeatsMean,RepSeatsMean,DemSeatsLow95,DemSeatsHigh95,RepSeatsLow95,RepSeatsHigh95,DemWinChance,RepWinChance
49.8216,50.1784,45.7510890380215,54.0592950193586,45.9407049806414,54.2489109619785,0.3877,0.6123
