DemSeatsMean,RepSeatsMean,DemSeatsLow95,DemSeatsHigh95,RepSeatsLow95,RepSeatsHigh95,DemWinChance,RepWinChance
49.7702,50.2298,45.6180332826202,53.9801772203363,46.0198227796637,54.3819667173798,0.3861,0.6139
