DemSeatsMean,RepSeatsMean,DemSeatsLow95,DemSeatsHigh95,RepSeatsLow95,RepSeatsHigh95,DemWinChance,RepWinChance
50.1719,49.8281,45.7902418064788,54.6118708361402,45.3881291638598,54.2097581935212,0.447,0.553
