DemSeatsMean,RepSeatsMean,DemSeatsLow95,DemSeatsHigh95,RepSeatsLow95,RepSeatsHigh95,DemWinChance,RepWinChance
50.1935,49.8065,45.934979219584,54.6102350941622,45.3897649058378,54.065020780416,0.439,0.561
