DemSeatsMean,RepSeatsMean,DemSeatsLow95,DemSeatsHigh95,RepSeatsLow95,RepSeatsHigh95,DemWinChance,RepWinChance
49.7429,50.2571,45.6735892627324,53.8998502348963,46.1001497651037,54.3264107372676,0.3754,0.6246
