DemSeatsMean,RepSeatsMean,DemSeatsLow95,DemSeatsHigh95,RepSeatsLow95,RepSeatsHigh95,DemWinChance,RepWinChance
50.2506,49.7494,46.0087496222318,54.6814277228193,45.3185722771807,53.9912503777682,0.4529,0.5471
