DemSeatsMean,RepSeatsMean,DemSeatsLow95,DemSeatsHigh95,RepSeatsLow95,RepSeatsHigh95,DemWinChance,RepWinChance
49.9564,50.0436,45.8428387724403,54.2180522968467,45.7819477031533,54.1571612275597,0.4099,0.5901
