DemSeatsMean,RepSeatsMean,DemSeatsLow95,DemSeatsHigh95,RepSeatsLow95,RepSeatsHigh95,DemWinChance,RepWinChance
50.1539,49.8461,45.8066989285731,54.6361281901213,45.3638718098787,54.1933010714269,0.4403,0.5597
