DemSeatsMean,RepSeatsMean,DemSeatsLow95,DemSeatsHigh95,RepSeatsLow95,RepSeatsHigh95,DemWinChance,RepWinChance
49.9845,50.0155,45.9171220149133,54.1946429837675,45.8053570162325,54.0828779850867,0.4134,0.5866
