DemSeatsMean,RepSeatsMean,DemSeatsLow95,DemSeatsHigh95,RepSeatsLow95,RepSeatsHigh95,DemWinChance,RepWinChance
49.6375,50.3625,45.4937966451122,53.8591997836486,46.1408002163514,54.5062033548878,0.3631,0.6369
