DemSeatsMean,RepSeatsMean,DemSeatsLow95,DemSeatsHigh95,RepSeatsLow95,RepSeatsHigh95,DemWinChance,RepWinChance
50.1253,49.8747,45.8141202712926,54.5048538710782,45.4951461289218,54.1858797287074,0.4344,0.5656
