DemSeatsMean,RepSeatsMean,DemSeatsLow95,DemSeatsHigh95,RepSeatsLow95,RepSeatsHigh95,DemWinChance,RepWinChance
50.2323,49.7677,46.0104975023894,54.5829308771227,45.4170691228773,53.9895024976106,0.4504,0.5496
