DemSeatsMean,RepSeatsMean,DemSeatsLow95,DemSeatsHigh95,RepSeatsLow95,RepSeatsHigh95,DemWinChance,RepWinChance
50.1207,49.8793,46.0279494157233,54.2738529396935,45.7261470603065,53.9720505842767,0.4364,0.5636
