DemSeatsMean,RepSeatsMean,DemSeatsLow95,DemSeatsHigh95,RepSeatsLow95,RepSeatsHigh95,DemWinChance,RepWinChance
50.2461,49.7539,45.9752427095047,54.6417250484555,45.3582749515445,54.0247572904953,0.4527,0.5473
