DemSeatsMean,RepSeatsMean,DemSeatsLow95,DemSeatsHigh95,RepSeatsLow95,RepSeatsHigh95,DemWinChance,RepWinChance
50.6303,49.3697,46.3184070621474,55.1644773927921,44.8355226072079,53.6815929378526,0.5127,0.4873
