DemSeatsMean,RepSeatsMean,DemSeatsLow95,DemSeatsHigh95,RepSeatsLow95,RepSeatsHigh95,DemWinChance,RepWinChance
49.9168,50.0832,45.7699636306649,54.1079948737017,45.8920051262983,54.2300363693351,0.4021,0.5979
