DemSeatsMean,RepSeatsMean,DemSeatsLow95,DemSeatsHigh95,RepSeatsLow95,RepSeatsHigh95,DemWinChance,RepWinChance
50.2001,49.7999,46.1441280409902,54.6309914093681,45.3690085906319,53.8558719590098,0.4334,0.5666
