DemSeatsMean,RepSeatsMean,DemSeatsLow95,DemSeatsHigh95,RepSeatsLow95,RepSeatsHigh95,DemWinChance,RepWinChance
50.5297,49.4703,46.45235295007,54.9213894904473,45.0786105095527,53.54764704993,0.491,0.509
