DemSeatsMean,RepSeatsMean,DemSeatsLow95,DemSeatsHigh95,RepSeatsLow95,RepSeatsHigh95,DemWinChance,RepWinChance
50.5643,49.4357,46.5676359990369,54.8940703746346,45.1059296253654,53.4323640009631,0.4991,0.5009
