DemSeatsMean,RepSeatsMean,DemSeatsLow95,DemSeatsHigh95,RepSeatsLow95,RepSeatsHigh95,DemWinChance,RepWinChance
49.9468,50.0532,45.8156019532325,54.2109724672191,45.7890275327809,54.1843980467675,0.4092,0.5908
