DemSeatsMean,RepSeatsMean,DemSeatsLow95,DemSeatsHigh95,RepSeatsLow95,RepSeatsHigh95,DemWinChance,RepWinChance
50.2696,49.7304,45.9816295505934,54.6618423321266,45.3381576678734,54.0183704494066,0.4625,0.5375
