DemSeatsMean,RepSeatsMean,DemSeatsLow95,DemSeatsHigh95,RepSeatsLow95,RepSeatsHigh95,DemWinChance,RepWinChance
49.8948,50.1052,45.777838183216,54.0789908655031,45.9210091344969,54.222161816784,0.4015,0.5985
