DemSeatsMean,RepSeatsMean,DemSeatsLow95,DemSeatsHigh95,RepSeatsLow95,RepSeatsHigh95,DemWinChance,RepWinChance
50.2866,49.7134,45.988488804777,54.7188179388531,45.2811820611469,54.011511195223,0.4619,0.5381
