DemSeatsMean,RepSeatsMean,DemSeatsLow95,DemSeatsHigh95,RepSeatsLow95,RepSeatsHigh95,DemWinChance,RepWinChance
50.2557,49.7443,45.9424088387018,54.7405982699609,45.2594017300391,54.0575911612982,0.4562,0.5438
