DemSeatsMean,RepSeatsMean,DemSeatsLow95,DemSeatsHigh95,RepSeatsLow95,RepSeatsHigh95,DemWinChance,RepWinChance
50.2927,49.7073,45.9193496960538,54.7602088012687,45.2397911987313,54.0806503039462,0.4592,0.5408
