DemSeatsMean,RepSeatsMean,DemSeatsLow95,DemSeatsHigh95,RepSeatsLow95,RepSeatsHigh95,DemWinChance,RepWinChance
50.0804,49.9196,45.8293597079327,54.4457735884228,45.5542264115772,54.1706402920673,0.4298,0.5702
