DemSeatsMean,RepSeatsMean,DemSeatsLow95,DemSeatsHigh95,RepSeatsLow95,RepSeatsHigh95,DemWinChance,RepWinChance
49.6722,50.3278,45.5713920303049,53.9838927692401,46.0161072307599,54.4286079696951,0.3657,0.6343
