DemSeatsMean,RepSeatsMean,DemSeatsLow95,DemSeatsHigh95,RepSeatsLow95,RepSeatsHigh95,DemWinChance,RepWinChance
49.8407,50.1593,45.6757956641938,54.1555546348554,45.8444453651446,54.3242043358062,0.394,0.606
