DemSeatsMean,RepSeatsMean,DemSeatsLow95,DemSeatsHigh95,RepSeatsLow95,RepSeatsHigh95,DemWinChance,RepWinChance
50.2961,49.7039,46.0429099683098,54.6150201079153,45.3849798920847,53.9570900316902,0.4639,0.5361
