DemSeatsMean,RepSeatsMean,DemSeatsLow95,DemSeatsHigh95,RepSeatsLow95,RepSeatsHigh95,DemWinChance,RepWinChance
49.6746,50.3254,45.6034829386774,53.8978930433768,46.1021069566232,54.3965170613226,0.3652,0.6348
