DemSeatsMean,RepSeatsMean,DemSeatsLow95,DemSeatsHigh95,RepSeatsLow95,RepSeatsHigh95,DemWinChance,RepWinChance
49.7774,50.2226,45.6607545468242,54.0429948940171,45.9570051059829,54.3392454531758,0.3803,0.6197
