DemSeatsMean,RepSeatsMean,DemSeatsLow95,DemSeatsHigh95,RepSeatsLow95,RepSeatsHigh95,DemWinChance,RepWinChance
49.8403,50.1597,45.7121868725083,54.166680181692,45.833319818308,54.2878131274917,0.388,0.612
