DemSeatsMean,RepSeatsMean,DemSeatsLow95,DemSeatsHigh95,RepSeatsLow95,RepSeatsHigh95,DemWinChance,RepWinChance
50.3308,49.6692,46.1270713294518,54.7470354336429,45.2529645663571,53.8729286705482,0.4624,0.5376
