DemSeatsMean,RepSeatsMean,DemSeatsLow95,DemSeatsHigh95,RepSeatsLow95,RepSeatsHigh95,DemWinChance,RepWinChance
50.204,49.796,46.1480781505568,54.6366568437747,45.3633431562253,53.8519218494432,0.4385,0.5615
