DemSeatsMean,RepSeatsMean,DemSeatsLow95,DemSeatsHigh95,RepSeatsLow95,RepSeatsHigh95,DemWinChance,RepWinChance
50.1342,49.8658,45.9096135332191,54.3146232102297,45.6853767897703,54.0903864667809,0.4408,0.5592
