DemSeatsMean,RepSeatsMean,DemSeatsLow95,DemSeatsHigh95,RepSeatsLow95,RepSeatsHigh95,DemWinChance,RepWinChance
50.0067,49.9933,45.8005723236457,54.2715367654227,45.7284632345773,54.1994276763543,0.4188,0.5812
