DemSeatsMean,RepSeatsMean,DemSeatsLow95,DemSeatsHigh95,RepSeatsLow95,RepSeatsHigh95,DemWinChance,RepWinChance
50.3851,49.6149,46.0988797349379,54.849726307773,45.150273692227,53.9011202650621,0.4758,0.5242
