DemSeatsMean,RepSeatsMean,DemSeatsLow95,DemSeatsHigh95,RepSeatsLow95,RepSeatsHigh95,DemWinChance,RepWinChance
50.1866,49.8134,45.9374471856633,54.6863617464354,45.3136382535646,54.0625528143367,0.4415,0.5585
