DemSeatsMean,RepSeatsMean,DemSeatsLow95,DemSeatsHigh95,RepSeatsLow95,RepSeatsHigh95,DemWinChance,RepWinChance
50.6059,49.3941,46.5495745790467,55.0071474048599,44.9928525951401,53.4504254209533,0.5054,0.4946
