DemSeatsMean,RepSeatsMean,DemSeatsLow95,DemSeatsHigh95,RepSeatsLow95,RepSeatsHigh95,DemWinChance,RepWinChance
50.1948,49.8052,46.0103275139855,54.5170417336827,45.4829582663173,53.9896724860145,0.4449,0.5551
