DemSeatsMean,RepSeatsMean,DemSeatsLow95,DemSeatsHigh95,RepSeatsLow95,RepSeatsHigh95,DemWinChance,RepWinChance
49.777,50.223,45.6578149888365,54.0607501501655,45.9392498498345,54.3421850111635,0.3801,0.6199
