DemSeatsMean,RepSeatsMean,DemSeatsLow95,DemSeatsHigh95,RepSeatsLow95,RepSeatsHigh95,DemWinChance,RepWinChance
49.9483,50.0517,45.759622128777,54.2916624710396,45.7083375289604,54.240377871223,0.4079,0.5921
