DemSeatsMean,RepSeatsMean,DemSeatsLow95,DemSeatsHigh95,RepSeatsLow95,RepSeatsHigh95,DemWinChance,RepWinChance
50.0276,49.9724,45.7246968099407,54.3372574530834,45.6627425469166,54.2753031900593,0.4264,0.5736
