DemSeatsMean,RepSeatsMean,DemSeatsLow95,DemSeatsHigh95,RepSeatsLow95,RepSeatsHigh95,DemWinChance,RepWinChance
49.8909,50.1091,45.7306194395367,54.2000171145216,45.7999828854784,54.2693805604633,0.3983,0.6017
