DemSeatsMean,RepSeatsMean,DemSeatsLow95,DemSeatsHigh95,RepSeatsLow95,RepSeatsHigh95,DemWinChance,RepWinChance
49.8002,50.1998,45.6747437390903,54.0669229883045,45.9330770116955,54.3252562609097,0.3841,0.6159
