DemSeatsMean,RepSeatsMean,DemSeatsLow95,DemSeatsHigh95,RepSeatsLow95,RepSeatsHigh95,DemWinChance,RepWinChance
50.2073,49.7927,46.0971668544033,54.4981438070126,45.5018561929874,53.9028331455967,0.4417,0.5583
