DemSeatsMean,RepSeatsMean,DemSeatsLow95,DemSeatsHigh95,RepSeatsLow95,RepSeatsHigh95,DemWinChance,RepWinChance
49.6648,50.3352,45.6289240597607,53.9291954581886,46.0708045418114,54.3710759402393,0.3629,0.6371
