DemSeatsMean,RepSeatsMean,DemSeatsLow95,DemSeatsHigh95,RepSeatsLow95,RepSeatsHigh95,DemWinChance,RepWinChance
50.1512,49.8488,45.9817214996072,54.4200066694473,45.5799933305527,54.0182785003928,0.4368,0.5632
