DemSeatsMean,RepSeatsMean,DemSeatsLow95,DemSeatsHigh95,RepSeatsLow95,RepSeatsHigh95,DemWinChance,RepWinChance
50.1228,49.8772,45.9422458494402,54.2473783972148,45.7526216027852,54.0577541505598,0.4401,0.5599
