DemSeatsMean,RepSeatsMean,DemSeatsLow95,DemSeatsHigh95,RepSeatsLow95,RepSeatsHigh95,DemWinChance,RepWinChance
50.1409,49.8591,46.00033227713,54.3335750159556,45.6664249840444,53.99966772287,0.4347,0.5653
