DemSeatsMean,RepSeatsMean,DemSeatsLow95,DemSeatsHigh95,RepSeatsLow95,RepSeatsHigh95,DemWinChance,RepWinChance
50.5431,49.4569,46.4819538369158,54.8949388529139,45.1050611470861,53.5180461630842,0.4965,0.5035
