DemSeatsMean,RepSeatsMean,DemSeatsLow95,DemSeatsHigh95,RepSeatsLow95,RepSeatsHigh95,DemWinChance,RepWinChance
50.3854,49.6146,46.0988797349379,54.852781118992,45.147218881008,53.9011202650621,0.4759,0.5241
