DemSeatsMean,RepSeatsMean,DemSeatsLow95,DemSeatsHigh95,RepSeatsLow95,RepSeatsHigh95,DemWinChance,RepWinChance
50.2002,49.7998,45.9337925143549,54.5865089654393,45.4134910345607,54.0662074856451,0.4458,0.5542
