DemSeatsMean,RepSeatsMean,DemSeatsLow95,DemSeatsHigh95,RepSeatsLow95,RepSeatsHigh95,DemWinChance,RepWinChance
50.1823,49.8177,46.0566661190833,54.3658322748836,45.6341677251164,53.9433338809167,0.4464,0.5536
