DemSeatsMean,RepSeatsMean,DemSeatsLow95,DemSeatsHigh95,RepSeatsLow95,RepSeatsHigh95,DemWinChance,RepWinChance
50.2496,49.7504,45.9937647985969,54.7109020040492,45.2890979959508,54.0062352014031,0.4534,0.5466
