DemSeatsMean,RepSeatsMean,DemSeatsLow95,DemSeatsHigh95,RepSeatsLow95,RepSeatsHigh95,DemWinChance,RepWinChance
49.748,50.252,45.5462701279855,53.982469659329,46.017530340671,54.4537298720145,0.3811,0.6189
