DemSeatsMean,RepSeatsMean,DemSeatsLow95,DemSeatsHigh95,RepSeatsLow95,RepSeatsHigh95,DemWinChance,RepWinChance
49.9629,50.0371,45.8637438659645,54.1795193211388,45.8204806788612,54.1362561340355,0.4074,0.5926
