DemSeatsMean,RepSeatsMean,DemSeatsLow95,DemSeatsHigh95,RepSeatsLow95,RepSeatsHigh95,DemWinChance,RepWinChance
50.3207,49.6793,46.1304726856471,54.7298277459127,45.2701722540873,53.8695273143529,0.4598,0.5402
