DemSeatsMean,RepSeatsMean,DemSeatsLow95,DemSeatsHigh95,RepSeatsLow95,RepSeatsHigh95,DemWinChance,RepWinChance
50.262,49.738,46.0458686959949,54.7601989023246,45.2398010976754,53.9541313040051,0.4452,0.5548
