DemSeatsMean,RepSeatsMean,DemSeatsLow95,DemSeatsHigh95,RepSeatsLow95,RepSeatsHigh95,DemWinChance,RepWinChance
50.0547,49.9453,45.8253203988339,54.3622606530863,45.6377393469137,54.1746796011661,0.4237,0.5763
