DemSeatsMean,RepSeatsMean,DemSeatsLow95,DemSeatsHigh95,RepSeatsLow95,RepSeatsHigh95,DemWinChance,RepWinChance
50.2115,49.7885,45.8213671159609,54.5921116862861,45.4078883137139,54.1786328840391,0.4495,0.5505
