DemSeatsMean,RepSeatsMean,DemSeatsLow95,DemSeatsHigh95,RepSeatsLow95,RepSeatsHigh95,DemWinChance,RepWinChance
50.4579,49.5421,46.3786632049074,54.8129968819714,45.1870031180286,53.6213367950926,0.4816,0.5184
