DemSeatsMean,RepSeatsMean,DemSeatsLow95,DemSeatsHigh95,RepSeatsLow95,RepSeatsHigh95,DemWinChance,RepWinChance
50.1361,49.8639,45.9120579747014,54.31547750993,45.68452249007,54.0879420252986,0.4407,0.5593
