DemSeatsMean,RepSeatsMean,DemSeatsLow95,DemSeatsHigh95,RepSeatsLow95,RepSeatsHigh95,DemWinChance,RepWinChance
49.8394,50.1606,45.7039338845473,54.1099966491505,45.8900033508495,54.2960661154527,0.389,0.611
