DemSeatsMean,RepSeatsMean,DemSeatsLow95,DemSeatsHigh95,RepSeatsLow95,RepSeatsHigh95,DemWinChance,RepWinChance
49.7894,50.2106,45.6565953518045,54.060674289546,45.939325710454,54.3434046481955,0.382,0.618
