DemSeatsMean,RepSeatsMean,DemSeatsLow95,DemSeatsHigh95,RepSeatsLow95,RepSeatsHigh95,DemWinChance,RepWinChance
50.2766,49.7234,46.0205257796143,54.7886202483415,45.2113797516585,53.9794742203857,0.4553,0.5447
