DemSeatsMean,RepSeatsMean,DemSeatsLow95,DemSeatsHigh95,RepSeatsLow95,RepSeatsHigh95,DemWinChance,RepWinChance
50.3948,49.6052,46.1426968800968,54.9568524062019,45.0431475937981,53.8573031199032,0.4725,0.5275
