DemSeatsMean,RepSeatsMean,DemSeatsLow95,DemSeatsHigh95,RepSeatsLow95,RepSeatsHigh95,DemWinChance,RepWinChance
50.3609,49.6391,46.1139005615056,54.7555681631383,45.2444318368617,53.8860994384944,0.4744,0.5256
