DemSeatsMean,RepSeatsMean,DemSeatsLow95,DemSeatsHigh95,RepSeatsLow95,RepSeatsHigh95,DemWinChance,RepWinChance
49.9636,50.0364,45.7199517742349,54.1573631277453,45.8426368722547,54.2800482257651,0.415,0.585
