DemSeatsMean,RepSeatsMean,DemSeatsLow95,DemSeatsHigh95,RepSeatsLow95,RepSeatsHigh95,DemWinChance,RepWinChance
50.3547,49.6453,46.0178780258808,54.9303524094601,45.0696475905399,53.9821219741192,0.4645,0.5355
