DemSeatsMean,RepSeatsMean,DemSeatsLow95,DemSeatsHigh95,RepSeatsLow95,RepSeatsHigh95,DemWinChance,RepWinChance
49.4297,50.5703,45.3997560657186,53.8240122291817,46.1759877708183,54.6002439342814,0.3252,0.6748
