DemSeatsMean,RepSeatsMean,DemSeatsLow95,DemSeatsHigh95,RepSeatsLow95,RepSeatsHigh95,DemWinChance,RepWinChance
50.2885,49.7115,46.0932437127442,54.5915376946557,45.4084623053443,53.9067562872558,0.4631,0.5369
