DemSeatsMean,RepSeatsMean,DemSeatsLow95,DemSeatsHigh95,RepSeatsLow95,RepSeatsHigh95,DemWinChance,RepWinChance
49.9272,50.0728,45.7041078684744,54.3171718849635,45.6828281150365,54.2958921315256,0.4034,0.5966
