DemSeatsMean,RepSeatsMean,DemSeatsLow95,DemSeatsHigh95,RepSeatsLow95,RepSeatsHigh95,DemWinChance,RepWinChance
50.0538,49.9462,45.877059843007,54.2234059929566,45.7765940070434,54.122940156993,0.4258,0.5742
