DemSeatsMean,RepSeatsMean,DemSeatsLow95,DemSeatsHigh95,RepSeatsLow95,RepSeatsHigh95,DemWinChance,RepWinChance
50.1921,49.8079,45.9139981540188,54.5829406494297,45.4170593505703,54.0860018459812,0.4484,0.5516
