DemSeatsMean,RepSeatsMean,DemSeatsLow95,DemSeatsHigh95,RepSeatsLow95,RepSeatsHigh95,DemWinChance,RepWinChance
49.8249,50.1751,45.7682081882643,54.0458107411962,45.9541892588038,54.2317918117357,0.3854,0.6146
