DemSeatsMean,RepSeatsMean,DemSeatsLow95,DemSeatsHigh95,RepSeatsLow95,RepSeatsHigh95,DemWinChance,RepWinChance
49.9337,50.0663,45.8409523233278,54.1746084100057,45.8253915899943,54.1590476766722,0.405,0.595
