DemSeatsMean,RepSeatsMean,DemSeatsLow95,DemSeatsHigh95,RepSeatsLow95,RepSeatsHigh95,DemWinChance,RepWinChance
49.7391,50.2609,45.6711570902186,53.9627895412522,46.0372104587478,54.3288429097814,0.3724,0.6276
