DemSeatsMean,RepSeatsMean,DemSeatsLow95,DemSeatsHigh95,RepSeatsLow95,RepSeatsHigh95,DemWinChance,RepWinChance
49.962,50.038,45.761380696751,54.3052609166172,45.6947390833828,54.238619303249,0.4066,0.5934
