DemSeatsMean,RepSeatsMean,DemSeatsLow95,DemSeatsHigh95,RepSeatsLow95,RepSeatsHigh95,DemWinChance,RepWinChance
50.4043,49.5957,46.2809842235569,54.9156935642576,45.0843064357424,53.7190157764431,0.4742,0.5258
