DemSeatsMean,RepSeatsMean,DemSeatsLow95,DemSeatsHigh95,RepSeatsLow95,RepSeatsHigh95,DemWinChance,RepWinChance
50.0421,49.9579,45.7961393972625,54.3217221679096,45.6782778320904,54.2038606027375,0.4253,0.5747
