DemSeatsMean,RepSeatsMean,DemSeatsLow95,DemSeatsHigh95,RepSeatsLow95,RepSeatsHigh95,DemWinChance,RepWinChance
50.2283,49.7717,46.154756648893,54.6584042965367,45.3415957034633,53.845243351107,0.4401,0.5599
