DemSeatsMean,RepSeatsMean,DemSeatsLow95,DemSeatsHigh95,RepSeatsLow95,RepSeatsHigh95,DemWinChance,RepWinChance
49.6514,50.3486,45.5481531105889,53.9500722840133,46.0499277159867,54.4518468894111,0.3654,0.6346
