DemSeatsMean,RepSeatsMean,DemSeatsLow95,DemSeatsHigh95,RepSeatsLow95,RepSeatsHigh95,DemWinChance,RepWinChance
49.9023,50.0977,45.7925742083789,54.1466693687997,45.8533306312003,54.2074257916211,0.4002,0.5998
