DemSeatsMean,RepSeatsMean,DemSeatsLow95,DemSeatsHigh95,RepSeatsLow95,RepSeatsHigh95,DemWinChance,RepWinChance
50.2485,49.7515,46.0081646335038,54.681084485552,45.318915514448,53.9918353664962,0.4522,0.5478
