DemSeatsMean,RepSeatsMean,DemSeatsLow95,DemSeatsHigh95,RepSeatsLow95,RepSeatsHigh95,DemWinChance,RepWinChance
50.2355,49.7645,46.0158685795728,54.6971093299434,45.3028906700566,53.9841314204272,0.4413,0.5587
