DemSeatsMean,RepSeatsMean,DemSeatsLow95,DemSeatsHigh95,RepSeatsLow95,RepSeatsHigh95,DemWinChance,RepWinChance
49.734,50.266,45.6522770040514,53.9863460805918,46.0136539194082,54.3477229959486,0.3714,0.6286
