DemSeatsMean,RepSeatsMean,DemSeatsLow95,DemSeatsHigh95,RepSeatsLow95,RepSeatsHigh95,DemWinChance,RepWinChance
49.9311,50.0689,45.8736592087751,54.1795193211388,45.8204806788612,54.1263407912249,0.4055,0.5945
