DemSeatsMean,RepSeatsMean,DemSeatsLow95,DemSeatsHigh95,RepSeatsLow95,RepSeatsHigh95,DemWinChance,RepWinChance
50.3564,49.6436,46.0778263588313,54.8948102627555,45.1051897372445,53.9221736411687,0.4645,0.5355
