DemSeatsMean,RepSeatsMean,DemSeatsLow95,DemSeatsHigh95,RepSeatsLow95,RepSeatsHigh95,DemWinChance,RepWinChance
50.2794,49.7206,45.9934295203869,54.6618423321266,45.3381576678734,54.0065704796131,0.4639,0.5361
