DemSeatsMean,RepSeatsMean,DemSeatsLow95,DemSeatsHigh95,RepSeatsLow95,RepSeatsHigh95,DemWinChance,RepWinChance
50.2636,49.7364,45.996934885606,54.5840328839681,45.4159671160319,54.003065114394,0.4553,0.5447
