DemSeatsMean,RepSeatsMean,DemSeatsLow95,DemSeatsHigh95,RepSeatsLow95,RepSeatsHigh95,DemWinChance,RepWinChance
49.7304,50.2696,45.5297022247821,53.982469659329,46.017530340671,54.4702977752179,0.3787,0.6213
