DemSeatsMean,RepSeatsMean,DemSeatsLow95,DemSeatsHigh95,RepSeatsLow95,RepSeatsHigh95,DemWinChance,RepWinChance
50.6688,49.3312,46.3857978085284,55.1750181818693,44.8249818181307,53.6142021914716,0.5136,0.4864
