DemSeatsMean,RepSeatsMean,DemSeatsLow95,DemSeatsHigh95,RepSeatsLow95,RepSeatsHigh95,DemWinChance,RepWinChance
50.7397,49.2603,46.658561084007,55.1380056111003,44.8619943888997,53.341438915993,0.5294,0.4706
