DemSeatsMean,RepSeatsMean,DemSeatsLow95,DemSeatsHigh95,RepSeatsLow95,RepSeatsHigh95,DemWinChance,RepWinChance
50.4021,49.5979,46.1080403177676,54.806488167501,45.193511832499,53.8919596822324,0.4795,0.5205
