DemSeatsMean,RepSeatsMean,DemSeatsLow95,DemSeatsHigh95,RepSeatsLow95,RepSeatsHigh95,DemWinChance,RepWinChance
49.842,50.158,45.6703969153976,54.1626356691591,45.8373643308409,54.3296030846024,0.3939,0.6061
