DemSeatsMean,RepSeatsMean,DemSeatsLow95,DemSeatsHigh95,RepSeatsLow95,RepSeatsHigh95,DemWinChance,RepWinChance
50.1767,49.8233,45.9493530719229,54.3731696283475,45.6268303716525,54.0506469280771,0.4466,0.5534
