DemSeatsMean,RepSeatsMean,DemSeatsLow95,DemSeatsHigh95,RepSeatsLow95,RepSeatsHigh95,DemWinChance,RepWinChance
50.6232,49.3768,46.5917186417198,54.9736672465016,45.0263327534984,53.4082813582802,0.5082,0.4918
