DemSeatsMean,RepSeatsMean,DemSeatsLow95,DemSeatsHigh95,RepSeatsLow95,RepSeatsHigh95,DemWinChance,RepWinChance
50.2613,49.7387,46.0458686959949,54.7573655306462,45.2426344693538,53.9541313040051,0.4461,0.5539
