DemSeatsMean,RepSeatsMean,DemSeatsLow95,DemSeatsHigh95,RepSeatsLow95,RepSeatsHigh95,DemWinChance,RepWinChance
50.4302,49.5698,46.2877979247813,54.8513791414961,45.1486208585039,53.7122020752187,0.4801,0.5199
