DemSeatsMean,RepSeatsMean,DemSeatsLow95,DemSeatsHigh95,RepSeatsLow95,RepSeatsHigh95,DemWinChance,RepWinChance
49.6861,50.3139,45.6034829386774,53.9067415207723,46.0932584792277,54.3965170613226,0.3675,0.6325
