DemSeatsMean,RepSeatsMean,DemSeatsLow95,DemSeatsHigh95,RepSeatsLow95,RepSeatsHigh95,DemWinChance,RepWinChance
49.684,50.316,45.6110755754655,53.9035385911316,46.0964614088684,54.3889244245345,0.3661,0.6339
