DemSeatsMean,RepSeatsMean,DemSeatsLow95,DemSeatsHigh95,RepSeatsLow95,RepSeatsHigh95,DemWinChance,RepWinChance
49.793,50.207,45.6670470456399,54.0826111756193,45.9173888243807,54.3329529543601,0.3815,0.6185
