DemSeatsMean,RepSeatsMean,DemSeatsLow95,DemSeatsHigh95,RepSeatsLow95,RepSeatsHigh95,DemWinChance,RepWinChance
50.5116,49.4884,46.2452921538603,55.0805021809378,44.9194978190622,53.7547078461397,0.4883,0.5117
