DemSeatsMean,RepSeatsMean,DemSeatsLow95,DemSeatsHigh95,RepSeatsLow95,RepSeatsHigh95,DemWinChance,RepWinChance
49.9703,50.0297,45.8594790428134,54.1577584050102,45.8422415949898,54.1405209571866,0.41,0.59
