DemSeatsMean,RepSeatsMean,DemSeatsLow95,DemSeatsHigh95,RepSeatsLow95,RepSeatsHigh95,DemWinChance,RepWinChance
49.8553,50.1447,45.6916895011588,54.1601877226194,45.8398122773806,54.3083104988412,0.396,0.604
