DemSeatsMean,RepSeatsMean,DemSeatsLow95,DemSeatsHigh95,RepSeatsLow95,RepSeatsHigh95,DemWinChance,RepWinChance
49.8099,50.1901,45.6321920404785,54.0873165958213,45.9126834041787,54.3678079595215,0.387,0.613
