DemSeatsMean,RepSeatsMean,DemSeatsLow95,DemSeatsHigh95,RepSeatsLow95,RepSeatsHigh95,DemWinChance,RepWinChance
49.7785,50.2215,45.6110755754655,54.109317582535,45.890682417465,54.3889244245345,0.3842,0.6158
