DemSeatsMean,RepSeatsMean,DemSeatsLow95,DemSeatsHigh95,RepSeatsLow95,RepSeatsHigh95,DemWinChance,RepWinChance
50.0497,49.9503,45.7448816827932,54.3582445685629,45.6417554314371,54.2551183172068,0.4299,0.5701
