DemSeatsMean,RepSeatsMean,DemSeatsLow95,DemSeatsHigh95,RepSeatsLow95,RepSeatsHigh95,DemWinChance,RepWinChance
49.7696,50.2304,45.5684484327307,54.1433602090435,45.8566397909565,54.4315515672693,0.3819,0.6181
