DemSeatsMean,RepSeatsMean,DemSeatsLow95,DemSeatsHigh95,RepSeatsLow95,RepSeatsHigh95,DemWinChance,RepWinChance
50.2991,49.7009,45.9316977275049,54.8299917456315,45.1700082543685,54.0683022724951,0.4591,0.5409
