DemSeatsMean,RepSeatsMean,DemSeatsLow95,DemSeatsHigh95,RepSeatsLow95,RepSeatsHigh95,DemWinChance,RepWinChance
50.0828,49.9172,45.9795368928726,54.3021486358058,45.6978513641942,54.0204631071274,0.425,0.575
