DemSeatsMean,RepSeatsMean,DemSeatsLow95,DemSeatsHigh95,RepSeatsLow95,RepSeatsHigh95,DemWinChance,RepWinChance
50.3866,49.6134,46.0604699990839,54.9025847920595,45.0974152079405,53.9395300009161,0.4757,0.5243
