DemSeatsMean,RepSeatsMean,DemSeatsLow95,DemSeatsHigh95,RepSeatsLow95,RepSeatsHigh95,DemWinChance,RepWinChance
50.2583,49.7417,46.0049579066417,54.7205597991628,45.2794402008372,53.9950420933583,0.453,0.547
