DemSeatsMean,RepSeatsMean,DemSeatsLow95,DemSeatsHigh95,RepSeatsLow95,RepSeatsHigh95,DemWinChance,RepWinChance
49.9984,50.0016,45.8575702453938,54.2930139368048,45.7069860631952,54.1424297546062,0.4165,0.5835
