DemSeatsMean,RepSeatsMean,DemSeatsLow95,DemSeatsHigh95,RepSeatsLow95,RepSeatsHigh95,DemWinChance,RepWinChance
49.7104,50.2896,45.6391215399309,53.9416291940047,46.0583708059953,54.3608784600691,0.3688,0.6312
