DemSeatsMean,RepSeatsMean,DemSeatsLow95,DemSeatsHigh95,RepSeatsLow95,RepSeatsHigh95,DemWinChance,RepWinChance
50.2105,49.7895,46.1456489118675,54.4980581811997,45.5019418188003,53.8543510881325,0.4391,0.5609
