DemSeatsMean,RepSeatsMean,DemSeatsLow95,DemSeatsHigh95,RepSeatsLow95,RepSeatsHigh95,DemWinChance,RepWinChance
49.6507,50.3493,45.5234024208584,53.9929534434355,46.0070465565645,54.4765975791416,0.3642,0.6358
