DemSeatsMean,RepSeatsMean,DemSeatsLow95,DemSeatsHigh95,RepSeatsLow95,RepSeatsHigh95,DemWinChance,RepWinChance
50.2621,49.7379,46.0458686959949,54.7601989023246,45.2398010976754,53.9541313040051,0.4461,0.5539
