DemSeatsMean,RepSeatsMean,DemSeatsLow95,DemSeatsHigh95,RepSeatsLow95,RepSeatsHigh95,DemWinChance,RepWinChance
50.1422,49.8578,45.9764923505519,54.3497031473522,45.6502968526478,54.0235076494481,0.4364,0.5636
