DemSeatsMean,RepSeatsMean,DemSeatsLow95,DemSeatsHigh95,RepSeatsLow95,RepSeatsHigh95,DemWinChance,RepWinChance
49.7578,50.2422,45.6405836430461,54.0889517328776,45.9110482671224,54.3594163569539,0.3834,0.6166
